{
"type": "FeatureCollection",
"name": "buildings",
"crs": { "type": "name", "properties": { "name": "urn:ogc:def:crs:OGC:1.3:CRS84" } },
"features": [
{"type":"Feature","properties":{"full_id":"r287737","osm_id":"287737","osm_type":"relation","building":"yes","dispensing":null,"man_made":null,"start_date":null,"energy_class":null,"building:levels:underground":null,"building:flats":null,"outdoor_seating":null,"name:ru":null,"name:en":null,"healthcare":null,"contact:website":null,"contact:phone":null,"contact:email":null,"brand:wikidata":null,"brand":null,"operator":null,"smoking":null,"layer":null,"cuisine":null,"addr:street":null,"office":null,"government":null,"leisure":null,"roof:levels":null,"height":null,"substation":null,"shop":null,"power":null,"pipeline":null,"opening_hours":null,"amenity":null,"addr:postcode":null,"addr:country":null,"addr:city":null,"official_name":null,"name":null,"type":"multipolygon","building:levels":"2","addr:place":"микрорайон Жукова","addr:housenumber":"37"},"geometry":{"type":"MultiPolygon","coordinates":[[[[37.8878741,51.3107052],[37.8874946,51.3110358],[37.8873221,51.3109585],[37.8872018,51.3110633],[37.8869123,51.3109335],[37.8870293,51.3108316],[37.8869554,51.3107984],[37.8873382,51.3104649],[37.8878741,51.3107052]],[[37.8876055,51.3107915],[37.8877067,51.3107021],[37.8875682,51.3106408],[37.887467,51.3107303],[37.8876055,51.3107915]]]]}},
{"type":"Feature","properties":{"full_id":"r287760","osm_id":"287760","osm_type":"relation","building":"college","dispensing":null,"man_made":null,"start_date":null,"energy_class":null,"building:levels:underground":null,"building:flats":null,"outdoor_seating":null,"name:ru":null,"name:en":null,"healthcare":null,"contact:website":null,"contact:phone":null,"contact:email":null,"brand:wikidata":null,"brand":null,"operator":null,"smoking":null,"layer":null,"cuisine":null,"addr:street":null,"office":null,"government":null,"leisure":null,"roof:levels":null,"height":null,"substation":null,"shop":null,"power":null,"pipeline":null,"opening_hours":null,"amenity":null,"addr:postcode":null,"addr:country":null,"addr:city":null,"official_name":"Старооскольский агротехнологический техникум","name":"Техникум","type":"multipolygon","building:levels":"4","addr:place":"микрорайон Макаренко","addr:housenumber":"39"},"geometry":{"type":"MultiPolygon","coordinates":[[[[37.8835362,51.3135687],[37.8836437,51.3134715],[37.8847392,51.3139455],[37.8842212,51.3144132],[37.8831301,51.3139411],[37.8832341,51.3138473],[37.8831618,51.313816],[37.8833034,51.3136882],[37.8834683,51.3135393],[37.8835362,51.3135687]],[[37.8834551,51.3139459],[37.8840257,51.314193],[37.8843291,51.3139193],[37.8837585,51.3136722],[37.883601,51.3138143],[37.8834551,51.3139459]]]]}},
{"type":"Feature","properties":{"full_id":"r287814","osm_id":"287814","osm_type":"relation","building":"yes","dispensing":null,"man_made":null,"start_date":null,"energy_class":null,"building:levels:underground":null,"building:flats":null,"outdoor_seating":null,"name:ru":null,"name:en":null,"healthcare":null,"contact:website":null,"contact:phone":null,"contact:email":null,"brand:wikidata":null,"brand":null,"operator":null,"smoking":null,"layer":null,"cuisine":null,"addr:street":null,"office":null,"government":null,"leisure":null,"roof:levels":null,"height":null,"substation":null,"shop":null,"power":null,"pipeline":null,"opening_hours":null,"amenity":null,"addr:postcode":null,"addr:country":null,"addr:city":null,"official_name":null,"name":null,"type":"multipolygon","building:levels":"3","addr:place":"микрорайон Конева","addr:housenumber":"15А"},"geometry":{"type":"MultiPolygon","coordinates":[[[[37.87994,51.3081699],[37.8799489,51.3081617],[37.8803032,51.3083119],[37.8803114,51.3083154],[37.8803997,51.308234],[37.8805161,51.3081267],[37.8801191,51.3079583],[37.8802652,51.3078236],[37.8803226,51.3077707],[37.8804693,51.3078329],[37.880414,51.3078839],[37.8807617,51.3080313],[37.8808154,51.3079819],[37.8809758,51.3080515],[37.8807686,51.3082328],[37.8805793,51.308153],[37.8804631,51.3082601],[37.880396,51.308322],[37.8804806,51.308355],[37.8801902,51.3086057],[37.8801505,51.3086424],[37.8801815,51.3086555],[37.8801322,51.3087009],[37.8794998,51.3084328],[37.8794272,51.3084978],[37.8790819,51.3083492],[37.8791571,51.3082798],[37.8791267,51.308267],[37.879262,51.308149],[37.8795619,51.3082789],[37.8795503,51.3082928],[37.8796132,51.3083212],[37.879862,51.3080924],[37.8799336,51.3081228],[37.8799006,51.3081532],[37.87994,51.3081699]],[[37.8802091,51.3083858],[37.8799392,51.3082711],[37.8797516,51.3084435],[37.8800215,51.3085582],[37.8802091,51.3083858]]]]}},
{"type":"Feature","properties":{"full_id":"r287865","osm_id":"287865","osm_type":"relation","building":"yes","dispensing":null,"man_made":null,"start_date":null,"energy_class":null,"building:levels:underground":null,"building:flats":null,"outdoor_seating":null,"name:ru":null,"name:en":null,"healthcare":null,"contact:website":null,"contact:phone":null,"contact:email":null,"brand:wikidata":null,"brand":null,"operator":null,"smoking":null,"layer":null,"cuisine":null,"addr:street":null,"office":null,"government":null,"leisure":null,"roof:levels":null,"height":null,"substation":null,"shop":null,"power":null,"pipeline":null,"opening_hours":null,"amenity":null,"addr:postcode":"309502","addr:country":"RU","addr:city":"Старый Оскол","official_name":null,"name":null,"type":"multipolygon","building:levels":null,"addr:place":"Солнечный микрорайон","addr:housenumber":"19"},"geometry":{"type":"MultiPolygon","coordinates":[[[[37.8986602,51.3151927],[37.8983232,51.3150454],[37.8984325,51.3149477],[37.8993393,51.3153441],[37.8994371,51.3152567],[37.8995901,51.3153236],[37.8994394,51.3154583],[37.899718,51.3155801],[37.8996164,51.3156709],[37.8994775,51.3156101],[37.8989381,51.3160921],[37.898796,51.31603],[37.898875,51.3159593],[37.8987281,51.3158951],[37.898601,51.3160088],[37.897858,51.315684],[37.8979872,51.3155685],[37.8978263,51.3154981],[37.8980818,51.3152697],[37.8984123,51.3154142],[37.8986602,51.3151927]],[[37.8988828,51.3152819],[37.8984778,51.3156437],[37.8989801,51.3158633],[37.8993851,51.3155015],[37.8988828,51.3152819]]]]}},
{"type":"Feature","properties":{"full_id":"r21071824","osm_id":"21071824","osm_type":"relation","building":"yes","dispensing":null,"man_made":null,"start_date":null,"energy_class":null,"building:levels:underground":null,"building:flats":null,"outdoor_seating":null,"name:ru":null,"name:en":null,"healthcare":null,"contact:website":null,"contact:phone":null,"contact:email":null,"brand:wikidata":null,"brand":null,"operator":null,"smoking":null,"layer":null,"cuisine":null,"addr:street":null,"office":null,"government":null,"leisure":null,"roof:levels":null,"height":null,"substation":null,"shop":null,"power":null,"pipeline":null,"opening_hours":null,"amenity":null,"addr:postcode":null,"addr:country":null,"addr:city":null,"official_name":null,"name":null,"type":"multipolygon","building:levels":null,"addr:place":"микрорайон Жукова","addr:housenumber":"24А"},"geometry":{"type":"MultiPolygon","coordinates":[[[[37.892964,51.309313],[37.8930514,51.3092404],[37.8923298,51.3089252],[37.8917921,51.3094056],[37.8919458,51.3094711],[37.8918501,51.3095562],[37.8920033,51.3096211],[37.892102,51.3095334],[37.8922935,51.3093633],[37.8924359,51.3092367],[37.892454,51.3092206],[37.8926561,51.3093112],[37.8929351,51.3094363],[37.8932107,51.3095599],[37.8934821,51.3096815],[37.8935577,51.3097154],[37.8936093,51.3097385],[37.8937106,51.3096482],[37.8936634,51.3096257],[37.8934711,51.3095406],[37.8931937,51.3094161],[37.892964,51.309313]]]]}},
{"type":"Feature","properties":{"full_id":"w42440052","osm_id":"42440052","osm_type":"way","building":"apartments","dispensing":null,"man_made":null,"start_date":null,"energy_class":null,"building:levels:underground":null,"building:flats":null,"outdoor_seating":null,"name:ru":null,"name:en":null,"healthcare":null,"contact:website":null,"contact:phone":null,"contact:email":null,"brand:wikidata":null,"brand":null,"operator":null,"smoking":null,"layer":null,"cuisine":null,"addr:street":null,"office":null,"government":null,"leisure":null,"roof:levels":null,"height":null,"substation":null,"shop":null,"power":null,"pipeline":null,"opening_hours":null,"amenity":null,"addr:postcode":"309511","addr:country":null,"addr:city":"Старый Оскол","official_name":null,"name":null,"type":null,"building:levels":"9","addr:place":"Олимпийский микрорайон","addr:housenumber":"7"},"geometry":{"type":"MultiPolygon","coordinates":[[[[37.8945553,51.3059184],[37.8944633,51.3059272],[37.8941296,51.3059591],[37.8940424,51.3059674],[37.8939722,51.3060318],[37.8938759,51.3061202],[37.8939669,51.3061584],[37.8938622,51.3062514],[37.8936685,51.3064235],[37.8935749,51.3065067],[37.8934969,51.3064742],[37.8933944,51.3065689],[37.893206,51.3067431],[37.8931054,51.3068361],[37.8930219,51.3068016],[37.8930353,51.3067899],[37.892968,51.3067627],[37.8933501,51.3064117],[37.8934248,51.3064425],[37.893823,51.306098],[37.8937403,51.3060633],[37.893945,51.3058767],[37.8946197,51.3058053],[37.8955397,51.3062053],[37.8956897,51.3062653],[37.8953497,51.3065753],[37.8951997,51.3065053],[37.8952937,51.3064193],[37.8954405,51.3062852],[37.8954231,51.3062778],[37.8952322,51.3061965],[37.8949508,51.3060768],[37.894678,51.3059608],[37.8945553,51.3059184]]]]}},
{"type":"Feature","properties":{"full_id":"w42440053","osm_id":"42440053","osm_type":"way","building":"apartments","dispensing":null,"man_made":null,"start_date":null,"energy_class":null,"building:levels:underground":null,"building:flats":null,"outdoor_seating":null,"name:ru":null,"name:en":null,"healthcare":null,"contact:website":null,"contact:phone":null,"contact:email":null,"brand:wikidata":null,"brand":null,"operator":null,"smoking":null,"layer":null,"cuisine":null,"addr:street":null,"office":null,"government":null,"leisure":null,"roof:levels":null,"height":null,"substation":null,"shop":null,"power":null,"pipeline":null,"opening_hours":null,"amenity":null,"addr:postcode":"309511","addr:country":null,"addr:city":"Старый Оскол","official_name":null,"name":null,"type":null,"building:levels":"9","addr:place":"Олимпийский микрорайон","addr:housenumber":"3"},"geometry":{"type":"MultiPolygon","coordinates":[[[[37.8941237,51.3076021],[37.8949585,51.3079789],[37.894852,51.3080691],[37.8947072,51.3080037],[37.894441,51.3078835],[37.8941654,51.3077591],[37.8940172,51.3076922],[37.8941237,51.3076021]]]]}},
{"type":"Feature","properties":{"full_id":"w42440056","osm_id":"42440056","osm_type":"way","building":"yes","dispensing":null,"man_made":null,"start_date":null,"energy_class":null,"building:levels:underground":null,"building:flats":null,"outdoor_seating":null,"name:ru":null,"name:en":null,"healthcare":null,"contact:website":null,"contact:phone":null,"contact:email":null,"brand:wikidata":null,"brand":null,"operator":null,"smoking":null,"layer":null,"cuisine":null,"addr:street":null,"office":null,"government":null,"leisure":null,"roof:levels":null,"height":null,"substation":null,"shop":null,"power":null,"pipeline":null,"opening_hours":null,"amenity":"fast_food","addr:postcode":null,"addr:country":null,"addr:city":null,"official_name":null,"name":"Мистер Бургер","type":null,"building:levels":"1","addr:place":null,"addr:housenumber":null},"geometry":{"type":"MultiPolygon","coordinates":[[[[37.8922712,51.3078781],[37.892513,51.3079892],[37.89232,51.3081534],[37.8920781,51.3080422],[37.8921399,51.3079897],[37.8922712,51.3078781]]]]}},
{"type":"Feature","properties":{"full_id":"w42440057","osm_id":"42440057","osm_type":"way","building":"apartments","dispensing":null,"man_made":null,"start_date":null,"energy_class":null,"building:levels:underground":null,"building:flats":null,"outdoor_seating":null,"name:ru":null,"name:en":null,"healthcare":null,"contact:website":null,"contact:phone":null,"contact:email":null,"brand:wikidata":null,"brand":null,"operator":null,"smoking":null,"layer":null,"cuisine":null,"addr:street":null,"office":null,"government":null,"leisure":null,"roof:levels":null,"height":null,"substation":null,"shop":null,"power":null,"pipeline":null,"opening_hours":null,"amenity":null,"addr:postcode":"309511","addr:country":null,"addr:city":"Старый Оскол","official_name":null,"name":null,"type":null,"building:levels":"9","addr:place":"Олимпийский микрорайон","addr:housenumber":"14"},"geometry":{"type":"MultiPolygon","coordinates":[[[[37.8975909,51.3094245],[37.8990568,51.3081159],[37.8989091,51.3080513],[37.898806,51.3081433],[37.8985929,51.3083335],[37.8983928,51.3085122],[37.8981831,51.3086993],[37.8979714,51.3088883],[37.8977622,51.3090749],[37.8975613,51.3092543],[37.8974431,51.3093598],[37.8975909,51.3094245]]]]}},
{"type":"Feature","properties":{"full_id":"w42440058","osm_id":"42440058","osm_type":"way","building":"apartments","dispensing":null,"man_made":null,"start_date":null,"energy_class":null,"building:levels:underground":null,"building:flats":null,"outdoor_seating":null,"name:ru":null,"name:en":null,"healthcare":null,"contact:website":null,"contact:phone":null,"contact:email":null,"brand:wikidata":null,"brand":null,"operator":null,"smoking":null,"layer":null,"cuisine":null,"addr:street":null,"office":null,"government":null,"leisure":null,"roof:levels":null,"height":null,"substation":null,"shop":null,"power":null,"pipeline":null,"opening_hours":null,"amenity":null,"addr:postcode":"309511","addr:country":null,"addr:city":"Старый Оскол","official_name":null,"name":null,"type":null,"building:levels":"9","addr:place":"Олимпийский микрорайон","addr:housenumber":"20А"},"geometry":{"type":"MultiPolygon","coordinates":[[[[37.9005038,51.3067436],[37.9005401,51.3067111],[37.9006166,51.3066427],[37.9007635,51.3065114],[37.9007457,51.3065036],[37.9005514,51.3064187],[37.9004066,51.3063554],[37.9005031,51.3062692],[37.9009995,51.3064862],[37.9008161,51.3066502],[37.9007228,51.3067336],[37.9006832,51.306769],[37.9006434,51.3068046],[37.9005756,51.306775],[37.9005038,51.3067436]]]]}},
{"type":"Feature","properties":{"full_id":"w42440059","osm_id":"42440059","osm_type":"way","building":"apartments","dispensing":null,"man_made":null,"start_date":null,"energy_class":null,"building:levels:underground":null,"building:flats":null,"outdoor_seating":null,"name:ru":null,"name:en":null,"healthcare":null,"contact:website":null,"contact:phone":null,"contact:email":null,"brand:wikidata":null,"brand":null,"operator":null,"smoking":null,"layer":null,"cuisine":null,"addr:street":null,"office":null,"government":null,"leisure":null,"roof:levels":null,"height":null,"substation":null,"shop":null,"power":null,"pipeline":null,"opening_hours":null,"amenity":null,"addr:postcode":"309511","addr:country":null,"addr:city":"Старый Оскол","official_name":null,"name":null,"type":null,"building:levels":"9","addr:place":"Олимпийский микрорайон","addr:housenumber":"23"},"geometry":{"type":"MultiPolygon","coordinates":[[[[37.8991035,51.3064022],[37.8996626,51.3066505],[37.8995632,51.3067379],[37.8994268,51.3066773],[37.8991628,51.3065601],[37.8990069,51.3064909],[37.8990625,51.306442],[37.8989206,51.306379],[37.8986455,51.3062568],[37.8983747,51.3061365],[37.8982231,51.3060692],[37.898329,51.305976],[37.8991656,51.3063476],[37.8991035,51.3064022]]]]}},
{"type":"Feature","properties":{"full_id":"w42440062","osm_id":"42440062","osm_type":"way","building":"yes","dispensing":null,"man_made":null,"start_date":null,"energy_class":null,"building:levels:underground":null,"building:flats":null,"outdoor_seating":null,"name:ru":null,"name:en":null,"healthcare":null,"contact:website":null,"contact:phone":null,"contact:email":null,"brand:wikidata":null,"brand":null,"operator":null,"smoking":null,"layer":null,"cuisine":null,"addr:street":null,"office":null,"government":null,"leisure":null,"roof:levels":null,"height":null,"substation":null,"shop":null,"power":null,"pipeline":null,"opening_hours":null,"amenity":null,"addr:postcode":"309511","addr:country":null,"addr:city":"Старый Оскол","official_name":null,"name":null,"type":null,"building:levels":"2","addr:place":"Олимпийский микрорайон","addr:housenumber":"6"},"geometry":{"type":"MultiPolygon","coordinates":[[[[37.8940775,51.3072563],[37.894248,51.3073292],[37.8943692,51.3072184],[37.8945023,51.3072753],[37.8947534,51.3070459],[37.8945854,51.306974],[37.8944749,51.307075],[37.8943697,51.3070301],[37.8945444,51.3068705],[37.8943813,51.3068007],[37.8942638,51.3069081],[37.8941229,51.3068479],[37.8938781,51.3070716],[37.894042,51.3071417],[37.8941637,51.3070305],[37.8942732,51.3070774],[37.8940775,51.3072563]]]]}},
{"type":"Feature","properties":{"full_id":"w42440079","osm_id":"42440079","osm_type":"way","building":"apartments","dispensing":null,"man_made":null,"start_date":null,"energy_class":null,"building:levels:underground":null,"building:flats":null,"outdoor_seating":null,"name:ru":null,"name:en":null,"healthcare":null,"contact:website":null,"contact:phone":null,"contact:email":null,"brand:wikidata":null,"brand":null,"operator":null,"smoking":null,"layer":null,"cuisine":null,"addr:street":null,"office":null,"government":null,"leisure":null,"roof:levels":null,"height":null,"substation":null,"shop":null,"power":null,"pipeline":null,"opening_hours":null,"amenity":null,"addr:postcode":"309511","addr:country":null,"addr:city":"Старый Оскол","official_name":null,"name":null,"type":null,"building:levels":"9","addr:place":"Олимпийский микрорайон","addr:housenumber":"59"},"geometry":{"type":"MultiPolygon","coordinates":[[[[37.8898796,51.3053749],[37.8913003,51.305982],[37.8911957,51.3060783],[37.8910654,51.3060222],[37.8907903,51.3059038],[37.8905124,51.3057841],[37.8902277,51.3056616],[37.8899513,51.3055426],[37.8897824,51.3054699],[37.8898796,51.3053749]]]]}},
{"type":"Feature","properties":{"full_id":"w42440081","osm_id":"42440081","osm_type":"way","building":"apartments","dispensing":null,"man_made":null,"start_date":null,"energy_class":null,"building:levels:underground":null,"building:flats":null,"outdoor_seating":null,"name:ru":null,"name:en":null,"healthcare":null,"contact:website":null,"contact:phone":null,"contact:email":null,"brand:wikidata":null,"brand":null,"operator":null,"smoking":null,"layer":null,"cuisine":null,"addr:street":null,"office":null,"government":null,"leisure":null,"roof:levels":null,"height":null,"substation":null,"shop":null,"power":null,"pipeline":null,"opening_hours":null,"amenity":null,"addr:postcode":"309511","addr:country":null,"addr:city":"Старый Оскол","official_name":null,"name":null,"type":null,"building:levels":"9","addr:place":"Олимпийский микрорайон","addr:housenumber":"60"},"geometry":{"type":"MultiPolygon","coordinates":[[[[37.8923304,51.3058094],[37.8922693,51.3057835],[37.8919835,51.3056668],[37.8918245,51.3056019],[37.8919161,51.3055134],[37.8924917,51.3057577],[37.8926269,51.3061868],[37.8920563,51.3066893],[37.8912878,51.3063434],[37.8913912,51.3062542],[37.8915493,51.3063251],[37.8918329,51.3064523],[37.8920136,51.3065334],[37.8920284,51.3065203],[37.8921581,51.306405],[37.8923486,51.3062357],[37.892431,51.3061625],[37.8924127,51.3060983],[37.8923538,51.3058916],[37.8923304,51.3058094]]]]}},
{"type":"Feature","properties":{"full_id":"w42440082","osm_id":"42440082","osm_type":"way","building":"yes","dispensing":null,"man_made":null,"start_date":null,"energy_class":null,"building:levels:underground":null,"building:flats":null,"outdoor_seating":null,"name:ru":null,"name:en":null,"healthcare":null,"contact:website":null,"contact:phone":null,"contact:email":null,"brand:wikidata":null,"brand":null,"operator":null,"smoking":null,"layer":null,"cuisine":null,"addr:street":null,"office":null,"government":null,"leisure":null,"roof:levels":null,"height":null,"substation":null,"shop":null,"power":null,"pipeline":null,"opening_hours":null,"amenity":null,"addr:postcode":null,"addr:country":null,"addr:city":null,"official_name":null,"name":null,"type":null,"building:levels":null,"addr:place":null,"addr:housenumber":null},"geometry":{"type":"MultiPolygon","coordinates":[[[[37.901199,51.3061589],[37.9012503,51.3061833],[37.901212,51.3062149],[37.9011606,51.3061905],[37.901199,51.3061589]]]]}},
{"type":"Feature","properties":{"full_id":"w42440084","osm_id":"42440084","osm_type":"way","building":"yes","dispensing":null,"man_made":null,"start_date":null,"energy_class":null,"building:levels:underground":null,"building:flats":null,"outdoor_seating":null,"name:ru":null,"name:en":null,"healthcare":null,"contact:website":null,"contact:phone":null,"contact:email":null,"brand:wikidata":null,"brand":null,"operator":null,"smoking":null,"layer":null,"cuisine":null,"addr:street":null,"office":null,"government":null,"leisure":null,"roof:levels":null,"height":null,"substation":null,"shop":null,"power":null,"pipeline":null,"opening_hours":null,"amenity":null,"addr:postcode":"309511","addr:country":null,"addr:city":"Старый Оскол","official_name":null,"name":null,"type":null,"building:levels":"2","addr:place":"Олимпийский микрорайон","addr:housenumber":"20А"},"geometry":{"type":"MultiPolygon","coordinates":[[[[37.9011392,51.306281],[37.9011057,51.3063124],[37.9013264,51.3064109],[37.9012331,51.3064985],[37.9012811,51.3065218],[37.901271,51.3065317],[37.9011738,51.3065401],[37.9011467,51.3065306],[37.9010906,51.3065785],[37.9009645,51.3065244],[37.9010081,51.3064836],[37.9009254,51.3064494],[37.9009999,51.3063851],[37.9009415,51.3063585],[37.9010232,51.3062884],[37.9010484,51.3063003],[37.9010668,51.3062842],[37.9011392,51.306281]]]]}},
{"type":"Feature","properties":{"full_id":"w42440086","osm_id":"42440086","osm_type":"way","building":"apartments","dispensing":null,"man_made":null,"start_date":null,"energy_class":null,"building:levels:underground":null,"building:flats":null,"outdoor_seating":null,"name:ru":null,"name:en":null,"healthcare":null,"contact:website":null,"contact:phone":null,"contact:email":null,"brand:wikidata":null,"brand":null,"operator":null,"smoking":null,"layer":null,"cuisine":null,"addr:street":null,"office":null,"government":null,"leisure":null,"roof:levels":null,"height":null,"substation":null,"shop":null,"power":null,"pipeline":null,"opening_hours":null,"amenity":null,"addr:postcode":"309511","addr:country":null,"addr:city":"Старый Оскол","official_name":null,"name":null,"type":null,"building:levels":"9","addr:place":"Олимпийский микрорайон","addr:housenumber":"24"},"geometry":{"type":"MultiPolygon","coordinates":[[[[37.8975449,51.3061673],[37.8975647,51.306271],[37.8976005,51.3064588],[37.8976109,51.3065131],[37.8977183,51.3065586],[37.8978529,51.3066156],[37.8977988,51.3066674],[37.8979501,51.3067323],[37.8981392,51.3068121],[37.8981551,51.3067982],[37.8982902,51.3066795],[37.8983933,51.3065889],[37.8984667,51.3066214],[37.898456,51.3066306],[37.8985358,51.306663],[37.8982899,51.3068612],[37.8981631,51.3069705],[37.8976852,51.306761],[37.8977389,51.3067074],[37.8974573,51.3065849],[37.8973509,51.3061376],[37.8981064,51.3054524],[37.8981784,51.3054837],[37.8981931,51.3054761],[37.8982793,51.3055072],[37.898169,51.3056063],[37.8979734,51.3057822],[37.8977879,51.3059489],[37.8975924,51.3061246],[37.8975449,51.3061673]]]]}},
{"type":"Feature","properties":{"full_id":"w42440089","osm_id":"42440089","osm_type":"way","building":"yes","dispensing":null,"man_made":null,"start_date":null,"energy_class":null,"building:levels:underground":null,"building:flats":null,"outdoor_seating":null,"name:ru":null,"name:en":null,"healthcare":null,"contact:website":null,"contact:phone":null,"contact:email":null,"brand:wikidata":null,"brand":null,"operator":null,"smoking":null,"layer":null,"cuisine":null,"addr:street":null,"office":null,"government":null,"leisure":null,"roof:levels":null,"height":null,"substation":null,"shop":null,"power":null,"pipeline":null,"opening_hours":"10:00-20:00","amenity":null,"addr:postcode":"309511","addr:country":null,"addr:city":"Старый Оскол","official_name":null,"name":null,"type":null,"building:levels":"3","addr:place":"Олимпийский микрорайон","addr:housenumber":"63"},"geometry":{"type":"MultiPolygon","coordinates":[[[[37.8911874,51.3069586],[37.8907372,51.3073437],[37.8908272,51.3073837],[37.8908172,51.3074037],[37.8908372,51.3074437],[37.8908872,51.3074737],[37.8909572,51.3074837],[37.8910172,51.3074837],[37.8910272,51.3074737],[37.8911522,51.3075244],[37.8919175,51.306878],[37.8912674,51.3065886],[37.8908971,51.3068937],[37.8910272,51.3069537],[37.8910866,51.3069087],[37.8911874,51.3069586]]]]}},
{"type":"Feature","properties":{"full_id":"w42440092","osm_id":"42440092","osm_type":"way","building":"yes","dispensing":null,"man_made":null,"start_date":null,"energy_class":null,"building:levels:underground":null,"building:flats":null,"outdoor_seating":null,"name:ru":null,"name:en":null,"healthcare":null,"contact:website":null,"contact:phone":null,"contact:email":null,"brand:wikidata":null,"brand":null,"operator":null,"smoking":null,"layer":null,"cuisine":null,"addr:street":null,"office":null,"government":null,"leisure":null,"roof:levels":null,"height":null,"substation":null,"shop":null,"power":null,"pipeline":null,"opening_hours":null,"amenity":null,"addr:postcode":"309511","addr:country":null,"addr:city":"Старый Оскол","official_name":null,"name":null,"type":null,"building:levels":"7","addr:place":"Олимпийский микрорайон","addr:housenumber":"2"},"geometry":{"type":"MultiPolygon","coordinates":[[[[37.8951576,51.3087558],[37.895361,51.3088436],[37.8952435,51.3089499],[37.8946046,51.308674],[37.894722,51.3085677],[37.895073,51.3087193],[37.8951576,51.3087558]]]]}},
{"type":"Feature","properties":{"full_id":"w42440093","osm_id":"42440093","osm_type":"way","building":"apartments","dispensing":null,"man_made":null,"start_date":null,"energy_class":null,"building:levels:underground":null,"building:flats":null,"outdoor_seating":null,"name:ru":null,"name:en":null,"healthcare":null,"contact:website":null,"contact:phone":null,"contact:email":null,"brand:wikidata":null,"brand":null,"operator":null,"smoking":null,"layer":null,"cuisine":null,"addr:street":null,"office":null,"government":null,"leisure":null,"roof:levels":null,"height":null,"substation":null,"shop":null,"power":null,"pipeline":null,"opening_hours":null,"amenity":null,"addr:postcode":"309511","addr:country":null,"addr:city":"Старый Оскол","official_name":null,"name":null,"type":null,"building:levels":"9","addr:place":"Олимпийский микрорайон","addr:housenumber":"13"},"geometry":{"type":"MultiPolygon","coordinates":[[[[37.8961649,51.3088758],[37.8963641,51.3087019],[37.8964869,51.3085947],[37.8964008,51.3085572],[37.8964776,51.3084884],[37.8966225,51.3083585],[37.8966375,51.308345],[37.8968307,51.3084292],[37.8971077,51.3085499],[37.897384,51.3086703],[37.8975314,51.3087346],[37.8976401,51.3086372],[37.8965859,51.3081776],[37.8962401,51.3084876],[37.8963331,51.3085281],[37.8956988,51.3090797],[37.895768,51.3091099],[37.8958539,51.3091473],[37.895972,51.3090443],[37.8961649,51.3088758]]]]}},
{"type":"Feature","properties":{"full_id":"w42440094","osm_id":"42440094","osm_type":"way","building":"yes","dispensing":null,"man_made":null,"start_date":null,"energy_class":null,"building:levels:underground":null,"building:flats":null,"outdoor_seating":null,"name:ru":null,"name:en":null,"healthcare":null,"contact:website":null,"contact:phone":null,"contact:email":null,"brand:wikidata":null,"brand":null,"operator":null,"smoking":null,"layer":null,"cuisine":null,"addr:street":null,"office":null,"government":null,"leisure":null,"roof:levels":null,"height":null,"substation":null,"shop":null,"power":null,"pipeline":"substation","opening_hours":null,"amenity":null,"addr:postcode":"309511","addr:country":null,"addr:city":"Старый Оскол","official_name":null,"name":"ЦТП","type":null,"building:levels":"1","addr:place":"Олимпийский микрорайон","addr:housenumber":null},"geometry":{"type":"MultiPolygon","coordinates":[[[[37.8987547,51.307352],[37.8988942,51.3074142],[37.8986434,51.3076341],[37.8985038,51.3075719],[37.8987547,51.307352]]]]}},
{"type":"Feature","properties":{"full_id":"w42440095","osm_id":"42440095","osm_type":"way","building":"yes","dispensing":null,"man_made":null,"start_date":null,"energy_class":null,"building:levels:underground":null,"building:flats":null,"outdoor_seating":null,"name:ru":null,"name:en":null,"healthcare":null,"contact:website":null,"contact:phone":null,"contact:email":null,"brand:wikidata":null,"brand":null,"operator":null,"smoking":null,"layer":null,"cuisine":null,"addr:street":null,"office":null,"government":null,"leisure":null,"roof:levels":null,"height":null,"substation":null,"shop":null,"power":"substation","pipeline":null,"opening_hours":null,"amenity":null,"addr:postcode":null,"addr:country":null,"addr:city":null,"official_name":null,"name":"ТП-101н","type":null,"building:levels":"1","addr:place":null,"addr:housenumber":null},"geometry":{"type":"MultiPolygon","coordinates":[[[[37.8973095,51.3091503],[37.8973895,51.3090805],[37.8974573,51.3091109],[37.8973773,51.3091807],[37.8973095,51.3091503]]]]}},
{"type":"Feature","properties":{"full_id":"w42440096","osm_id":"42440096","osm_type":"way","building":"apartments","dispensing":null,"man_made":null,"start_date":null,"energy_class":null,"building:levels:underground":null,"building:flats":null,"outdoor_seating":null,"name:ru":null,"name:en":null,"healthcare":null,"contact:website":null,"contact:phone":null,"contact:email":null,"brand:wikidata":null,"brand":null,"operator":null,"smoking":null,"layer":null,"cuisine":null,"addr:street":null,"office":null,"government":null,"leisure":null,"roof:levels":null,"height":null,"substation":null,"shop":null,"power":null,"pipeline":null,"opening_hours":null,"amenity":null,"addr:postcode":"309511","addr:country":null,"addr:city":"Старый Оскол","official_name":null,"name":null,"type":null,"building:levels":"9","addr:place":"Олимпийский микрорайон","addr:housenumber":"1"},"geometry":{"type":"MultiPolygon","coordinates":[[[[37.8939929,51.3086299],[37.8940049,51.3086195],[37.894152,51.3084914],[37.8942467,51.308409],[37.894397,51.3084764],[37.8940394,51.3087877],[37.8930627,51.3083493],[37.8936029,51.3078791],[37.893754,51.3079469],[37.8936531,51.3080347],[37.8934534,51.3082085],[37.8933176,51.3083267],[37.8933358,51.3083349],[37.8935453,51.3084289],[37.8938376,51.3085602],[37.8939929,51.3086299]]]]}},
{"type":"Feature","properties":{"full_id":"w42440098","osm_id":"42440098","osm_type":"way","building":"yes","dispensing":null,"man_made":null,"start_date":null,"energy_class":null,"building:levels:underground":null,"building:flats":null,"outdoor_seating":null,"name:ru":null,"name:en":null,"healthcare":null,"contact:website":null,"contact:phone":null,"contact:email":null,"brand:wikidata":null,"brand":null,"operator":null,"smoking":null,"layer":null,"cuisine":null,"addr:street":null,"office":null,"government":null,"leisure":null,"roof:levels":null,"height":null,"substation":null,"shop":"ice_cream","power":null,"pipeline":null,"opening_hours":null,"amenity":null,"addr:postcode":null,"addr:country":null,"addr:city":null,"official_name":null,"name":null,"type":null,"building:levels":null,"addr:place":null,"addr:housenumber":null},"geometry":{"type":"MultiPolygon","coordinates":[[[[37.9016115,51.3061588],[37.9015679,51.3061944],[37.9015959,51.3062077],[37.9016395,51.3061721],[37.9016115,51.3061588]]]]}},
{"type":"Feature","properties":{"full_id":"w42440100","osm_id":"42440100","osm_type":"way","building":"yes","dispensing":null,"man_made":null,"start_date":null,"energy_class":null,"building:levels:underground":null,"building:flats":null,"outdoor_seating":null,"name:ru":null,"name:en":null,"healthcare":null,"contact:website":null,"contact:phone":null,"contact:email":null,"brand:wikidata":null,"brand":null,"operator":null,"smoking":null,"layer":null,"cuisine":null,"addr:street":null,"office":null,"government":null,"leisure":null,"roof:levels":null,"height":null,"substation":null,"shop":null,"power":null,"pipeline":null,"opening_hours":null,"amenity":null,"addr:postcode":null,"addr:country":null,"addr:city":null,"official_name":null,"name":null,"type":null,"building:levels":null,"addr:place":"Олимпийский микрорайон","addr:housenumber":"20Б"},"geometry":{"type":"MultiPolygon","coordinates":[[[[37.8984265,51.3071681],[37.8984399,51.307156],[37.8984074,51.307142],[37.8984826,51.3070736],[37.8985151,51.3070876],[37.8985634,51.3070437],[37.8987424,51.3071206],[37.8986572,51.307198],[37.8985969,51.3071721],[37.8985452,51.3072191],[37.8984265,51.3071681]]]]}},
{"type":"Feature","properties":{"full_id":"w42440111","osm_id":"42440111","osm_type":"way","building":"yes","dispensing":null,"man_made":null,"start_date":null,"energy_class":null,"building:levels:underground":null,"building:flats":null,"outdoor_seating":null,"name:ru":null,"name:en":null,"healthcare":null,"contact:website":null,"contact:phone":null,"contact:email":null,"brand:wikidata":null,"brand":null,"operator":null,"smoking":null,"layer":null,"cuisine":null,"addr:street":null,"office":null,"government":null,"leisure":null,"roof:levels":null,"height":null,"substation":null,"shop":null,"power":"substation","pipeline":null,"opening_hours":null,"amenity":null,"addr:postcode":null,"addr:country":null,"addr:city":null,"official_name":null,"name":"ТП-102н","type":null,"building:levels":"1","addr:place":null,"addr:housenumber":null},"geometry":{"type":"MultiPolygon","coordinates":[[[[37.8984421,51.3081244],[37.8985198,51.3080572],[37.8984452,51.3080235],[37.8983675,51.3080907],[37.8984421,51.3081244]]]]}},
{"type":"Feature","properties":{"full_id":"w42440112","osm_id":"42440112","osm_type":"way","building":"yes","dispensing":null,"man_made":null,"start_date":null,"energy_class":null,"building:levels:underground":null,"building:flats":null,"outdoor_seating":null,"name:ru":null,"name:en":null,"healthcare":null,"contact:website":null,"contact:phone":null,"contact:email":null,"brand:wikidata":null,"brand":null,"operator":null,"smoking":null,"layer":null,"cuisine":null,"addr:street":null,"office":null,"government":null,"leisure":null,"roof:levels":null,"height":null,"substation":null,"shop":null,"power":null,"pipeline":null,"opening_hours":null,"amenity":null,"addr:postcode":"309511","addr:country":null,"addr:city":"Старый Оскол","official_name":null,"name":null,"type":null,"building:levels":"3","addr:place":"Олимпийский микрорайон","addr:housenumber":"8"},"geometry":{"type":"MultiPolygon","coordinates":[[[[37.8964215,51.3068957],[37.8963475,51.3068632],[37.8964003,51.3068163],[37.8964631,51.3068439],[37.8965123,51.3068001],[37.8961576,51.3066441],[37.896285,51.3065309],[37.8966796,51.3067044],[37.8966051,51.3067706],[37.8969217,51.3069098],[37.8968676,51.3069579],[37.8968004,51.3069283],[37.8967528,51.3069707],[37.8971075,51.3071267],[37.8969823,51.3072379],[37.8965914,51.307066],[37.8966624,51.307003],[37.8964912,51.3069278],[37.8963544,51.3070493],[37.896497,51.307112],[37.8962967,51.30729],[37.8959386,51.3071325],[37.8961383,51.306955],[37.8962832,51.3070186],[37.8964215,51.3068957]]]]}},
{"type":"Feature","properties":{"full_id":"w42440116","osm_id":"42440116","osm_type":"way","building":"commercial","dispensing":null,"man_made":null,"start_date":null,"energy_class":null,"building:levels:underground":null,"building:flats":null,"outdoor_seating":null,"name:ru":null,"name:en":null,"healthcare":null,"contact:website":null,"contact:phone":null,"contact:email":null,"brand:wikidata":null,"brand":null,"operator":null,"smoking":null,"layer":null,"cuisine":null,"addr:street":null,"office":null,"government":null,"leisure":null,"roof:levels":null,"height":null,"substation":null,"shop":null,"power":null,"pipeline":null,"opening_hours":null,"amenity":null,"addr:postcode":"309511","addr:country":null,"addr:city":"Старый Оскол","official_name":null,"name":null,"type":null,"building:levels":"10","addr:place":"Олимпийский микрорайон","addr:housenumber":"62"},"geometry":{"type":"MultiPolygon","coordinates":[[[[37.8906839,51.306863],[37.8907257,51.3068251],[37.8907904,51.3068531],[37.8907359,51.3069024],[37.8907883,51.306925],[37.8907365,51.3069719],[37.8907728,51.3069876],[37.8907161,51.3070389],[37.8906991,51.3070543],[37.8906103,51.307016],[37.8906249,51.3070028],[37.8903992,51.3069053],[37.890375,51.3069272],[37.8903466,51.3069255],[37.8903206,51.3069343],[37.8902762,51.3069144],[37.8902801,51.3068964],[37.8902654,51.3068799],[37.8902887,51.3068588],[37.8894471,51.3064954],[37.8895607,51.3063925],[37.8895926,51.3064065],[37.8899964,51.3065806],[37.8900692,51.3065148],[37.8901178,51.3065358],[37.8901506,51.3065061],[37.8902221,51.3065369],[37.8902492,51.3065124],[37.8904519,51.3065999],[37.8903284,51.3067117],[37.890382,51.3067348],[37.8904707,51.3066546],[37.8905683,51.3066968],[37.8904813,51.3067755],[37.8906839,51.306863]]]]}},
{"type":"Feature","properties":{"full_id":"w42440117","osm_id":"42440117","osm_type":"way","building":"yes","dispensing":null,"man_made":null,"start_date":null,"energy_class":null,"building:levels:underground":null,"building:flats":null,"outdoor_seating":null,"name:ru":null,"name:en":null,"healthcare":null,"contact:website":null,"contact:phone":null,"contact:email":null,"brand:wikidata":null,"brand":null,"operator":null,"smoking":null,"layer":null,"cuisine":null,"addr:street":null,"office":null,"government":null,"leisure":null,"roof:levels":null,"height":null,"substation":null,"shop":null,"power":null,"pipeline":null,"opening_hours":null,"amenity":null,"addr:postcode":"309511","addr:country":null,"addr:city":"Старый Оскол","official_name":null,"name":null,"type":null,"building:levels":null,"addr:place":"Олимпийский микрорайон","addr:housenumber":"61"},"geometry":{"type":"MultiPolygon","coordinates":[[[[37.8899663,51.3064306],[37.8901641,51.3062511],[37.890152,51.3062459],[37.8898784,51.3061281],[37.8896806,51.3063076],[37.8896972,51.3063147],[37.8899663,51.3064306]]]]}},
{"type":"Feature","properties":{"full_id":"w42440118","osm_id":"42440118","osm_type":"way","building":"yes","dispensing":null,"man_made":null,"start_date":null,"energy_class":null,"building:levels:underground":null,"building:flats":null,"outdoor_seating":null,"name:ru":null,"name:en":null,"healthcare":null,"contact:website":null,"contact:phone":null,"contact:email":null,"brand:wikidata":null,"brand":null,"operator":null,"smoking":null,"layer":null,"cuisine":null,"addr:street":null,"office":null,"government":null,"leisure":null,"roof:levels":null,"height":null,"substation":null,"shop":"kiosk","power":null,"pipeline":null,"opening_hours":null,"amenity":null,"addr:postcode":null,"addr:country":null,"addr:city":null,"official_name":null,"name":null,"type":null,"building:levels":null,"addr:place":"микрорайон Жукова","addr:housenumber":null},"geometry":{"type":"MultiPolygon","coordinates":[[[[37.8934112,51.3099245],[37.8933486,51.3099446],[37.8933667,51.3099665],[37.8934292,51.3099463],[37.8934112,51.3099245]]]]}},
{"type":"Feature","properties":{"full_id":"w42440119","osm_id":"42440119","osm_type":"way","building":"yes","dispensing":null,"man_made":null,"start_date":null,"energy_class":null,"building:levels:underground":null,"building:flats":null,"outdoor_seating":null,"name:ru":null,"name:en":null,"healthcare":null,"contact:website":null,"contact:phone":null,"contact:email":null,"brand:wikidata":null,"brand":null,"operator":null,"smoking":null,"layer":null,"cuisine":null,"addr:street":null,"office":null,"government":null,"leisure":null,"roof:levels":null,"height":null,"substation":null,"shop":null,"power":null,"pipeline":null,"opening_hours":null,"amenity":null,"addr:postcode":"309511","addr:country":null,"addr:city":"Старый Оскол","official_name":null,"name":null,"type":null,"building:levels":"2","addr:place":"Олимпийский микрорайон","addr:housenumber":"9"},"geometry":{"type":"MultiPolygon","coordinates":[[[[37.8921442,51.3074031],[37.8924975,51.3075618],[37.8922422,51.3077839],[37.8918889,51.3076252],[37.8921442,51.3074031]]]]}},
{"type":"Feature","properties":{"full_id":"w42440124","osm_id":"42440124","osm_type":"way","building":"yes","dispensing":null,"man_made":null,"start_date":null,"energy_class":null,"building:levels:underground":null,"building:flats":null,"outdoor_seating":null,"name:ru":null,"name:en":null,"healthcare":null,"contact:website":null,"contact:phone":null,"contact:email":null,"brand:wikidata":null,"brand":null,"operator":null,"smoking":null,"layer":null,"cuisine":null,"addr:street":null,"office":null,"government":null,"leisure":null,"roof:levels":null,"height":null,"substation":null,"shop":null,"power":null,"pipeline":null,"opening_hours":null,"amenity":null,"addr:postcode":null,"addr:country":null,"addr:city":null,"official_name":null,"name":null,"type":null,"building:levels":null,"addr:place":null,"addr:housenumber":null},"geometry":{"type":"MultiPolygon","coordinates":[[[[37.8907098,51.3064137],[37.8908246,51.3064638],[37.8908694,51.3064237],[37.8907546,51.3063736],[37.8907098,51.3064137]]]]}},
{"type":"Feature","properties":{"full_id":"w42440144","osm_id":"42440144","osm_type":"way","building":"yes","dispensing":null,"man_made":null,"start_date":null,"energy_class":null,"building:levels:underground":null,"building:flats":null,"outdoor_seating":null,"name:ru":null,"name:en":null,"healthcare":null,"contact:website":null,"contact:phone":null,"contact:email":null,"brand:wikidata":null,"brand":null,"operator":null,"smoking":null,"layer":null,"cuisine":null,"addr:street":null,"office":null,"government":null,"leisure":null,"roof:levels":null,"height":null,"substation":null,"shop":null,"power":null,"pipeline":null,"opening_hours":null,"amenity":null,"addr:postcode":"309511","addr:country":null,"addr:city":"Старый Оскол","official_name":null,"name":null,"type":null,"building:levels":"2","addr:place":"Олимпийский микрорайон","addr:housenumber":"18"},"geometry":{"type":"MultiPolygon","coordinates":[[[[37.8975102,51.3078189],[37.8976324,51.3078769],[37.8975927,51.3079096],[37.8976671,51.3079449],[37.8976251,51.3079795],[37.8975634,51.3079503],[37.8974561,51.3080386],[37.8975882,51.3081013],[37.8977128,51.3079986],[37.8978572,51.3080671],[37.897974,51.3079709],[37.8978961,51.3079339],[37.8979441,51.3078943],[37.8980118,51.3079264],[37.898125,51.3078332],[37.8979782,51.3077635],[37.8978405,51.307877],[37.8977141,51.307817],[37.8977616,51.3077779],[37.8976947,51.3077462],[37.8977486,51.3077018],[37.8978271,51.3077391],[37.8979204,51.3076622],[37.8977524,51.3075825],[37.8976206,51.307691],[37.8974996,51.3076336],[37.8973894,51.3077245],[37.8974671,51.3077613],[37.8974275,51.307794],[37.8973618,51.3077628],[37.8972572,51.307849],[37.8973946,51.3079141],[37.8975102,51.3078189]]]]}},
{"type":"Feature","properties":{"full_id":"w42440156","osm_id":"42440156","osm_type":"way","building":"apartments","dispensing":null,"man_made":null,"start_date":null,"energy_class":null,"building:levels:underground":null,"building:flats":null,"outdoor_seating":null,"name:ru":null,"name:en":null,"healthcare":null,"contact:website":null,"contact:phone":null,"contact:email":null,"brand:wikidata":null,"brand":null,"operator":null,"smoking":null,"layer":null,"cuisine":null,"addr:street":null,"office":null,"government":null,"leisure":null,"roof:levels":null,"height":null,"substation":null,"shop":null,"power":null,"pipeline":null,"opening_hours":null,"amenity":null,"addr:postcode":"309511","addr:country":null,"addr:city":"Старый Оскол","official_name":null,"name":null,"type":null,"building:levels":"9","addr:place":"Олимпийский микрорайон","addr:housenumber":"56"},"geometry":{"type":"MultiPolygon","coordinates":[[[[37.8886196,51.3064106],[37.8871548,51.3057755],[37.8870087,51.3057122],[37.8869976,51.305669],[37.8869498,51.305504],[37.886889,51.3052823],[37.8874517,51.30479],[37.8876603,51.3048866],[37.8875521,51.3049775],[37.8874883,51.3049517],[37.8874741,51.304964],[37.8873396,51.305081],[37.8871442,51.3052508],[37.887081,51.3053057],[37.887102,51.3053804],[37.88716,51.3055869],[37.8871793,51.3056555],[37.887287,51.3057015],[37.8875527,51.3058149],[37.8878165,51.3059276],[37.8881207,51.3060575],[37.8883864,51.3061709],[37.8885741,51.3062511],[37.8885867,51.3062398],[37.8887229,51.3061175],[37.8889081,51.3059513],[37.8890969,51.3057818],[37.8892101,51.3056802],[37.8893622,51.3057455],[37.8892116,51.3058804],[37.8886196,51.3064106]]]]}},
{"type":"Feature","properties":{"full_id":"w42440159","osm_id":"42440159","osm_type":"way","building":"yes","dispensing":null,"man_made":null,"start_date":null,"energy_class":null,"building:levels:underground":null,"building:flats":null,"outdoor_seating":null,"name:ru":null,"name:en":null,"healthcare":null,"contact:website":null,"contact:phone":null,"contact:email":null,"brand:wikidata":null,"brand":null,"operator":null,"smoking":null,"layer":null,"cuisine":null,"addr:street":null,"office":null,"government":null,"leisure":null,"roof:levels":null,"height":null,"substation":null,"shop":null,"power":null,"pipeline":null,"opening_hours":null,"amenity":null,"addr:postcode":"309511","addr:country":null,"addr:city":"Старый Оскол","official_name":null,"name":null,"type":null,"building:levels":null,"addr:place":"Олимпийский микрорайон","addr:housenumber":"56А"},"geometry":{"type":"MultiPolygon","coordinates":[[[[37.8895564,51.3061821],[37.8896423,51.3061058],[37.8896731,51.3061175],[37.8897338,51.3060642],[37.8895385,51.3059839],[37.889418,51.3061042],[37.8893673,51.3061686],[37.8893539,51.3062139],[37.8893888,51.3062475],[37.8894545,51.3062718],[37.8895202,51.3062525],[37.8895658,51.3061997],[37.8895564,51.3061821]]]]}},
{"type":"Feature","properties":{"full_id":"w42440192","osm_id":"42440192","osm_type":"way","building":"industrial","dispensing":null,"man_made":null,"start_date":null,"energy_class":null,"building:levels:underground":null,"building:flats":null,"outdoor_seating":null,"name:ru":null,"name:en":null,"healthcare":null,"contact:website":null,"contact:phone":null,"contact:email":null,"brand:wikidata":null,"brand":null,"operator":null,"smoking":null,"layer":null,"cuisine":null,"addr:street":null,"office":null,"government":null,"leisure":null,"roof:levels":null,"height":null,"substation":"minor_distribution","shop":null,"power":"substation","pipeline":null,"opening_hours":null,"amenity":null,"addr:postcode":null,"addr:country":null,"addr:city":null,"official_name":null,"name":"РП","type":null,"building:levels":"1","addr:place":null,"addr:housenumber":null},"geometry":{"type":"MultiPolygon","coordinates":[[[[37.8929248,51.3076105],[37.8931921,51.3077346],[37.8932974,51.3076459],[37.89303,51.3075219],[37.8929248,51.3076105]]]]}},
{"type":"Feature","properties":{"full_id":"w42440198","osm_id":"42440198","osm_type":"way","building":"yes","dispensing":null,"man_made":null,"start_date":null,"energy_class":null,"building:levels:underground":null,"building:flats":null,"outdoor_seating":null,"name:ru":null,"name:en":null,"healthcare":null,"contact:website":null,"contact:phone":null,"contact:email":null,"brand:wikidata":null,"brand":null,"operator":null,"smoking":null,"layer":null,"cuisine":null,"addr:street":null,"office":null,"government":null,"leisure":null,"roof:levels":null,"height":null,"substation":null,"shop":null,"power":null,"pipeline":null,"opening_hours":null,"amenity":null,"addr:postcode":"309511","addr:country":null,"addr:city":"Старый Оскол","official_name":null,"name":null,"type":null,"building:levels":"1","addr:place":"Олимпийский микрорайон","addr:housenumber":"30"},"geometry":{"type":"MultiPolygon","coordinates":[[[[37.9012427,51.3057358],[37.9012938,51.3057369],[37.9013636,51.3056676],[37.9012937,51.3056351],[37.9013689,51.3055616],[37.9013608,51.305544],[37.9013796,51.3055383],[37.9016789,51.3056717],[37.9016022,51.3057427],[37.9016291,51.3057545],[37.9015644,51.305816],[37.9016883,51.3058734],[37.9015483,51.3059901],[37.9013937,51.3059201],[37.9013478,51.305958],[37.901377,51.3059739],[37.9012643,51.3060718],[37.9012137,51.3060529],[37.9010416,51.3062017],[37.9008527,51.3061233],[37.9012474,51.3057759],[37.9012427,51.3057358]]]]}},
{"type":"Feature","properties":{"full_id":"w42442089","osm_id":"42442089","osm_type":"way","building":"yes","dispensing":null,"man_made":null,"start_date":null,"energy_class":null,"building:levels:underground":null,"building:flats":null,"outdoor_seating":null,"name:ru":null,"name:en":null,"healthcare":null,"contact:website":null,"contact:phone":null,"contact:email":null,"brand:wikidata":null,"brand":null,"operator":null,"smoking":null,"layer":null,"cuisine":null,"addr:street":null,"office":null,"government":null,"leisure":null,"roof:levels":null,"height":null,"substation":null,"shop":null,"power":null,"pipeline":null,"opening_hours":null,"amenity":null,"addr:postcode":null,"addr:country":null,"addr:city":null,"official_name":null,"name":null,"type":null,"building:levels":"2","addr:place":"микрорайон Жукова","addr:housenumber":"34"},"geometry":{"type":"MultiPolygon","coordinates":[[[[37.887384,51.3121678],[37.8872386,51.3121086],[37.8873371,51.3120141],[37.8875682,51.3121082],[37.8874714,51.3122011],[37.8876131,51.3122588],[37.8875148,51.3123531],[37.8873615,51.3122906],[37.8872211,51.3124254],[37.8873602,51.312482],[37.8872628,51.3125754],[37.8871153,51.3125154],[37.887027,51.3126001],[37.8868071,51.3125105],[37.8869067,51.312415],[37.8870518,51.3124741],[37.8871616,51.3123687],[37.8870235,51.3123124],[37.8871203,51.3122196],[37.8872676,51.3122795],[37.887384,51.3121678]]]]}},
{"type":"Feature","properties":{"full_id":"w42442090","osm_id":"42442090","osm_type":"way","building":"yes","dispensing":null,"man_made":null,"start_date":null,"energy_class":null,"building:levels:underground":null,"building:flats":null,"outdoor_seating":null,"name:ru":null,"name:en":null,"healthcare":null,"contact:website":null,"contact:phone":null,"contact:email":null,"brand:wikidata":null,"brand":null,"operator":null,"smoking":null,"layer":null,"cuisine":null,"addr:street":null,"office":null,"government":null,"leisure":null,"roof:levels":null,"height":null,"substation":null,"shop":null,"power":null,"pipeline":null,"opening_hours":null,"amenity":null,"addr:postcode":null,"addr:country":null,"addr:city":null,"official_name":null,"name":null,"type":null,"building:levels":null,"addr:place":"микрорайон Жукова","addr:housenumber":null},"geometry":{"type":"MultiPolygon","coordinates":[[[[37.8880674,51.3123956],[37.8881824,51.3124506],[37.8881274,51.3124956],[37.8880124,51.3124406],[37.8880674,51.3123956]]]]}},
{"type":"Feature","properties":{"full_id":"w42442093","osm_id":"42442093","osm_type":"way","building":"apartments","dispensing":null,"man_made":null,"start_date":null,"energy_class":null,"building:levels:underground":null,"building:flats":null,"outdoor_seating":null,"name:ru":null,"name:en":null,"healthcare":null,"contact:website":null,"contact:phone":null,"contact:email":null,"brand:wikidata":null,"brand":null,"operator":null,"smoking":null,"layer":null,"cuisine":null,"addr:street":null,"office":null,"government":null,"leisure":null,"roof:levels":null,"height":"48","substation":null,"shop":null,"power":null,"pipeline":null,"opening_hours":null,"amenity":null,"addr:postcode":null,"addr:country":null,"addr:city":null,"official_name":null,"name":null,"type":null,"building:levels":"12","addr:place":"микрорайон Жукова","addr:housenumber":"10"},"geometry":{"type":"MultiPolygon","coordinates":[[[[37.8916361,51.3126179],[37.89175,51.3126664],[37.891775,51.3126435],[37.8918268,51.3126655],[37.8918135,51.3126777],[37.891947,51.3127346],[37.8920237,51.3126642],[37.8919855,51.3126479],[37.8920115,51.3126241],[37.8920378,51.3126353],[37.8921318,51.3125491],[37.8920062,51.3124956],[37.8919718,51.3125272],[37.8919351,51.3125116],[37.8919585,51.31249],[37.8918215,51.3124317],[37.891743,51.3125037],[37.8917708,51.3125155],[37.8917473,51.312537],[37.8917315,51.3125303],[37.8916361,51.3126179]]]]}},
{"type":"Feature","properties":{"full_id":"w42442095","osm_id":"42442095","osm_type":"way","building":"apartments","dispensing":null,"man_made":null,"start_date":null,"energy_class":null,"building:levels:underground":null,"building:flats":null,"outdoor_seating":null,"name:ru":null,"name:en":null,"healthcare":null,"contact:website":null,"contact:phone":null,"contact:email":null,"brand:wikidata":null,"brand":null,"operator":null,"smoking":null,"layer":null,"cuisine":null,"addr:street":null,"office":null,"government":null,"leisure":null,"roof:levels":null,"height":null,"substation":null,"shop":null,"power":null,"pipeline":null,"opening_hours":null,"amenity":null,"addr:postcode":null,"addr:country":null,"addr:city":null,"official_name":null,"name":null,"type":null,"building:levels":"9","addr:place":"микрорайон Жукова","addr:housenumber":"49"},"geometry":{"type":"MultiPolygon","coordinates":[[[[37.8852611,51.3074816],[37.8851542,51.3075771],[37.8849604,51.3077503],[37.884766,51.307924],[37.8846683,51.3080113],[37.8845175,51.3079471],[37.8850996,51.3074136],[37.8851816,51.3074489],[37.8852611,51.3074816]]]]}},
{"type":"Feature","properties":{"full_id":"w42442096","osm_id":"42442096","osm_type":"way","building":"yes","dispensing":null,"man_made":null,"start_date":null,"energy_class":null,"building:levels:underground":null,"building:flats":null,"outdoor_seating":null,"name:ru":null,"name:en":null,"healthcare":null,"contact:website":null,"contact:phone":null,"contact:email":null,"brand:wikidata":null,"brand":null,"operator":null,"smoking":null,"layer":null,"cuisine":null,"addr:street":null,"office":null,"government":null,"leisure":null,"roof:levels":null,"height":null,"substation":null,"shop":null,"power":null,"pipeline":null,"opening_hours":null,"amenity":null,"addr:postcode":null,"addr:country":null,"addr:city":null,"official_name":null,"name":null,"type":null,"building:levels":"1","addr:place":"микрорайон Жукова","addr:housenumber":null},"geometry":{"type":"MultiPolygon","coordinates":[[[[37.8920459,51.3116825],[37.8922283,51.3117605],[37.8921613,51.3118217],[37.8919789,51.3117437],[37.8920459,51.3116825]]]]}},
{"type":"Feature","properties":{"full_id":"w42442097","osm_id":"42442097","osm_type":"way","building":"apartments","dispensing":null,"man_made":null,"start_date":null,"energy_class":null,"building:levels:underground":null,"building:flats":null,"outdoor_seating":null,"name:ru":null,"name:en":null,"healthcare":null,"contact:website":null,"contact:phone":null,"contact:email":null,"brand:wikidata":null,"brand":null,"operator":null,"smoking":null,"layer":null,"cuisine":null,"addr:street":null,"office":null,"government":null,"leisure":null,"roof:levels":null,"height":"48","substation":null,"shop":null,"power":null,"pipeline":null,"opening_hours":null,"amenity":null,"addr:postcode":null,"addr:country":null,"addr:city":null,"official_name":null,"name":null,"type":null,"building:levels":"12","addr:place":"микрорайон Жукова","addr:housenumber":"18"},"geometry":{"type":"MultiPolygon","coordinates":[[[[37.8864176,51.3107411],[37.8864014,51.3107342],[37.8862996,51.3108287],[37.8864147,51.3108771],[37.8864402,51.3108535],[37.886478,51.3108694],[37.8864578,51.3108882],[37.8865962,51.3109464],[37.8866802,51.3108684],[37.8866458,51.310854],[37.8866764,51.3108255],[37.8866868,51.3108299],[37.8867845,51.3107392],[37.8866764,51.3106937],[37.8866576,51.3107111],[37.8866131,51.3106924],[37.8866262,51.3106802],[37.8864932,51.3106243],[37.8864117,51.3107],[37.8864463,51.3107145],[37.8864176,51.3107411]]]]}},
{"type":"Feature","properties":{"full_id":"w42442098","osm_id":"42442098","osm_type":"way","building":"apartments","dispensing":null,"man_made":null,"start_date":null,"energy_class":null,"building:levels:underground":null,"building:flats":null,"outdoor_seating":null,"name:ru":null,"name:en":null,"healthcare":null,"contact:website":null,"contact:phone":null,"contact:email":null,"brand:wikidata":null,"brand":null,"operator":null,"smoking":null,"layer":null,"cuisine":null,"addr:street":null,"office":null,"government":null,"leisure":null,"roof:levels":null,"height":null,"substation":null,"shop":null,"power":null,"pipeline":null,"opening_hours":null,"amenity":null,"addr:postcode":null,"addr:country":null,"addr:city":null,"official_name":null,"name":null,"type":null,"building:levels":"5","addr:place":"микрорайон Жукова","addr:housenumber":"12"},"geometry":{"type":"MultiPolygon","coordinates":[[[[37.8877382,51.3115193],[37.8870637,51.3112227],[37.8869632,51.311312],[37.8870933,51.3113697],[37.8872435,51.3114364],[37.8874098,51.3115102],[37.8875354,51.311566],[37.8876369,51.311611],[37.8877382,51.3115193]]]]}},
{"type":"Feature","properties":{"full_id":"w42442100","osm_id":"42442100","osm_type":"way","building":"yes","dispensing":null,"man_made":null,"start_date":null,"energy_class":null,"building:levels:underground":null,"building:flats":null,"outdoor_seating":null,"name:ru":null,"name:en":null,"healthcare":null,"contact:website":null,"contact:phone":null,"contact:email":null,"brand:wikidata":null,"brand":null,"operator":null,"smoking":null,"layer":null,"cuisine":null,"addr:street":null,"office":null,"government":null,"leisure":null,"roof:levels":null,"height":null,"substation":null,"shop":"kiosk","power":null,"pipeline":null,"opening_hours":null,"amenity":null,"addr:postcode":null,"addr:country":null,"addr:city":null,"official_name":null,"name":"Роспечать","type":null,"building:levels":null,"addr:place":"микрорайон Жукова","addr:housenumber":null},"geometry":{"type":"MultiPolygon","coordinates":[[[[37.8872273,51.3102815],[37.8872758,51.3103041],[37.8872385,51.3103354],[37.88719,51.3103128],[37.8872273,51.3102815]]]]}},
{"type":"Feature","properties":{"full_id":"w42442111","osm_id":"42442111","osm_type":"way","building":"apartments","dispensing":null,"man_made":null,"start_date":null,"energy_class":null,"building:levels:underground":null,"building:flats":null,"outdoor_seating":null,"name:ru":null,"name:en":null,"healthcare":null,"contact:website":null,"contact:phone":null,"contact:email":null,"brand:wikidata":null,"brand":null,"operator":null,"smoking":null,"layer":null,"cuisine":null,"addr:street":null,"office":null,"government":null,"leisure":null,"roof:levels":null,"height":null,"substation":null,"shop":null,"power":null,"pipeline":null,"opening_hours":null,"amenity":null,"addr:postcode":null,"addr:country":null,"addr:city":null,"official_name":null,"name":null,"type":null,"building:levels":"5","addr:place":"микрорайон Жукова","addr:housenumber":"7"},"geometry":{"type":"MultiPolygon","coordinates":[[[[37.8909598,51.3108653],[37.8916332,51.3111641],[37.8915342,51.3112513],[37.8914275,51.3112039],[37.8912889,51.3111425],[37.8911384,51.3110757],[37.8909599,51.3109965],[37.8908608,51.3109525],[37.8909598,51.3108653]]]]}},
{"type":"Feature","properties":{"full_id":"w42442112","osm_id":"42442112","osm_type":"way","building":"yes","dispensing":null,"man_made":null,"start_date":null,"energy_class":null,"building:levels:underground":null,"building:flats":null,"outdoor_seating":null,"name:ru":null,"name:en":null,"healthcare":null,"contact:website":null,"contact:phone":null,"contact:email":null,"brand:wikidata":null,"brand":null,"operator":null,"smoking":null,"layer":null,"cuisine":null,"addr:street":null,"office":null,"government":null,"leisure":null,"roof:levels":null,"height":null,"substation":null,"shop":null,"power":"substation","pipeline":null,"opening_hours":null,"amenity":null,"addr:postcode":null,"addr:country":null,"addr:city":null,"official_name":null,"name":"ТП-201н","type":null,"building:levels":"1","addr:place":"микрорайон Жукова","addr:housenumber":null},"geometry":{"type":"MultiPolygon","coordinates":[[[[37.8868035,51.3111286],[37.8869302,51.3111817],[37.886882,51.3112267],[37.8867553,51.3111736],[37.8868035,51.3111286]]]]}},
{"type":"Feature","properties":{"full_id":"w42442115","osm_id":"42442115","osm_type":"way","building":"apartments","dispensing":null,"man_made":null,"start_date":null,"energy_class":null,"building:levels:underground":null,"building:flats":null,"outdoor_seating":null,"name:ru":null,"name:en":null,"healthcare":null,"contact:website":null,"contact:phone":null,"contact:email":null,"brand:wikidata":null,"brand":null,"operator":null,"smoking":null,"layer":null,"cuisine":null,"addr:street":null,"office":null,"government":null,"leisure":null,"roof:levels":null,"height":null,"substation":null,"shop":null,"power":null,"pipeline":null,"opening_hours":null,"amenity":null,"addr:postcode":null,"addr:country":null,"addr:city":null,"official_name":null,"name":null,"type":null,"building:levels":"5","addr:place":"микрорайон Жукова","addr:housenumber":"11"},"geometry":{"type":"MultiPolygon","coordinates":[[[[37.8877597,51.3110236],[37.8891872,51.3116535],[37.8890771,51.311751],[37.8889614,51.3116999],[37.8888027,51.3116299],[37.8886354,51.3115561],[37.8884636,51.3114803],[37.8883085,51.3114118],[37.8881295,51.3113329],[37.8879631,51.3112594],[37.8877929,51.3111843],[37.8876496,51.3111211],[37.8877597,51.3110236]]]]}},
{"type":"Feature","properties":{"full_id":"w42442116","osm_id":"42442116","osm_type":"way","building":"yes","dispensing":null,"man_made":null,"start_date":null,"energy_class":null,"building:levels:underground":null,"building:flats":null,"outdoor_seating":null,"name:ru":null,"name:en":null,"healthcare":null,"contact:website":null,"contact:phone":null,"contact:email":null,"brand:wikidata":null,"brand":null,"operator":null,"smoking":null,"layer":null,"cuisine":null,"addr:street":null,"office":null,"government":null,"leisure":null,"roof:levels":null,"height":null,"substation":null,"shop":null,"power":null,"pipeline":null,"opening_hours":null,"amenity":null,"addr:postcode":null,"addr:country":null,"addr:city":null,"official_name":null,"name":null,"type":null,"building:levels":"1","addr:place":"микрорайон Жукова","addr:housenumber":null},"geometry":{"type":"MultiPolygon","coordinates":[[[[37.8918393,51.311923],[37.8919761,51.3119847],[37.891864,51.312082],[37.8917271,51.3120203],[37.8918393,51.311923]]]]}},
{"type":"Feature","properties":{"full_id":"w42442117","osm_id":"42442117","osm_type":"way","building":"apartments","dispensing":null,"man_made":null,"start_date":null,"energy_class":null,"building:levels:underground":null,"building:flats":null,"outdoor_seating":null,"name:ru":null,"name:en":null,"healthcare":null,"contact:website":null,"contact:phone":null,"contact:email":null,"brand:wikidata":null,"brand":null,"operator":null,"smoking":null,"layer":null,"cuisine":null,"addr:street":null,"office":null,"government":null,"leisure":null,"roof:levels":null,"height":null,"substation":null,"shop":null,"power":null,"pipeline":null,"opening_hours":null,"amenity":null,"addr:postcode":null,"addr:country":null,"addr:city":null,"official_name":null,"name":null,"type":null,"building:levels":"5","addr:place":"микрорайон Жукова","addr:housenumber":"6"},"geometry":{"type":"MultiPolygon","coordinates":[[[[37.8907534,51.3108887],[37.8906551,51.3109769],[37.8905348,51.3110849],[37.8904216,51.3111865],[37.8902966,51.3112987],[37.8901805,51.3114029],[37.8900683,51.3115037],[37.8899849,51.3115785],[37.8898383,51.3115146],[37.8906068,51.3108249],[37.8907534,51.3108887]]]]}},
{"type":"Feature","properties":{"full_id":"w42442118","osm_id":"42442118","osm_type":"way","building":"yes","dispensing":null,"man_made":null,"start_date":null,"energy_class":null,"building:levels:underground":null,"building:flats":null,"outdoor_seating":null,"name:ru":null,"name:en":null,"healthcare":null,"contact:website":null,"contact:phone":null,"contact:email":null,"brand:wikidata":null,"brand":null,"operator":null,"smoking":null,"layer":null,"cuisine":null,"addr:street":null,"office":null,"government":null,"leisure":null,"roof:levels":null,"height":null,"substation":null,"shop":null,"power":null,"pipeline":"substation","opening_hours":null,"amenity":null,"addr:postcode":null,"addr:country":null,"addr:city":null,"official_name":null,"name":"ЦТП 2-2","type":null,"building:levels":"1","addr:place":"микрорайон Жукова","addr:housenumber":null},"geometry":{"type":"MultiPolygon","coordinates":[[[[37.886972,51.3116879],[37.8871192,51.3117505],[37.8869981,51.3118619],[37.8868509,51.3117993],[37.886972,51.3116879]]]]}},
{"type":"Feature","properties":{"full_id":"w42442119","osm_id":"42442119","osm_type":"way","building":"apartments","dispensing":null,"man_made":null,"start_date":null,"energy_class":null,"building:levels:underground":null,"building:flats":null,"outdoor_seating":null,"name:ru":null,"name:en":null,"healthcare":null,"contact:website":null,"contact:phone":null,"contact:email":null,"brand:wikidata":null,"brand":null,"operator":null,"smoking":null,"layer":null,"cuisine":null,"addr:street":null,"office":null,"government":null,"leisure":null,"roof:levels":null,"height":null,"substation":null,"shop":null,"power":null,"pipeline":null,"opening_hours":null,"amenity":null,"addr:postcode":null,"addr:country":null,"addr:city":null,"official_name":null,"name":null,"type":null,"building:levels":"5","addr:place":"микрорайон Жукова","addr:housenumber":"13"},"geometry":{"type":"MultiPolygon","coordinates":[[[[37.8882151,51.3119976],[37.8881189,51.3119553],[37.8879793,51.311894],[37.8878219,51.3118249],[37.8876768,51.3117611],[37.8875371,51.3116998],[37.8876369,51.311611],[37.8883149,51.3119088],[37.8882151,51.3119976]]]]}},
{"type":"Feature","properties":{"full_id":"w42442120","osm_id":"42442120","osm_type":"way","building":"apartments","dispensing":null,"man_made":null,"start_date":null,"energy_class":null,"building:levels:underground":null,"building:flats":null,"outdoor_seating":null,"name:ru":null,"name:en":null,"healthcare":null,"contact:website":null,"contact:phone":null,"contact:email":null,"brand:wikidata":null,"brand":null,"operator":null,"smoking":null,"layer":null,"cuisine":null,"addr:street":null,"office":null,"government":null,"leisure":null,"roof:levels":null,"height":null,"substation":null,"shop":null,"power":null,"pipeline":null,"opening_hours":null,"amenity":null,"addr:postcode":"309512","addr:country":null,"addr:city":null,"official_name":null,"name":null,"type":null,"building:levels":"5","addr:place":"микрорайон Жукова","addr:housenumber":"9"},"geometry":{"type":"MultiPolygon","coordinates":[[[[37.8917808,51.3113511],[37.8913032,51.3117848],[37.8911455,51.311717],[37.8912232,51.3116464],[37.8913275,51.3115517],[37.8914451,51.3114449],[37.8915624,51.3113384],[37.8916231,51.3112833],[37.8917808,51.3113511]]]]}},
{"type":"Feature","properties":{"full_id":"w42442121","osm_id":"42442121","osm_type":"way","building":"apartments","dispensing":null,"man_made":null,"start_date":null,"energy_class":null,"building:levels:underground":null,"building:flats":null,"outdoor_seating":null,"name:ru":null,"name:en":null,"healthcare":null,"contact:website":null,"contact:phone":null,"contact:email":null,"brand:wikidata":null,"brand":null,"operator":null,"smoking":null,"layer":null,"cuisine":null,"addr:street":null,"office":null,"government":null,"leisure":null,"roof:levels":null,"height":null,"substation":null,"shop":null,"power":null,"pipeline":null,"opening_hours":null,"amenity":null,"addr:postcode":null,"addr:country":null,"addr:city":null,"official_name":null,"name":null,"type":null,"building:levels":"5","addr:place":"микрорайон Жукова","addr:housenumber":"8"},"geometry":{"type":"MultiPolygon","coordinates":[[[[37.8903005,51.3115679],[37.8914075,51.31206],[37.8913009,51.3121538],[37.8911774,51.3120989],[37.8910445,51.3120398],[37.8908892,51.3119708],[37.8907053,51.311889],[37.890535,51.3118133],[37.8903706,51.3117402],[37.8901939,51.3116616],[37.8903005,51.3115679]]]]}},
{"type":"Feature","properties":{"full_id":"w42442123","osm_id":"42442123","osm_type":"way","building":"yes","dispensing":null,"man_made":null,"start_date":null,"energy_class":null,"building:levels:underground":null,"building:flats":null,"outdoor_seating":null,"name:ru":null,"name:en":null,"healthcare":null,"contact:website":null,"contact:phone":null,"contact:email":null,"brand:wikidata":null,"brand":null,"operator":null,"smoking":null,"layer":null,"cuisine":null,"addr:street":null,"office":null,"government":null,"leisure":null,"roof:levels":null,"height":null,"substation":null,"shop":null,"power":null,"pipeline":null,"opening_hours":null,"amenity":null,"addr:postcode":null,"addr:country":null,"addr:city":null,"official_name":null,"name":null,"type":null,"building:levels":null,"addr:place":"микрорайон Жукова","addr:housenumber":null},"geometry":{"type":"MultiPolygon","coordinates":[[[[37.8948993,51.3112846],[37.8949924,51.3113188],[37.8949624,51.3113506],[37.8948693,51.3113164],[37.8948993,51.3112846]]]]}},
{"type":"Feature","properties":{"full_id":"w42442124","osm_id":"42442124","osm_type":"way","building":"apartments","dispensing":null,"man_made":null,"start_date":null,"energy_class":null,"building:levels:underground":null,"building:flats":null,"outdoor_seating":null,"name:ru":null,"name:en":null,"healthcare":null,"contact:website":null,"contact:phone":null,"contact:email":null,"brand:wikidata":null,"brand":null,"operator":null,"smoking":null,"layer":null,"cuisine":null,"addr:street":null,"office":null,"government":null,"leisure":null,"roof:levels":null,"height":null,"substation":null,"shop":null,"power":null,"pipeline":null,"opening_hours":null,"amenity":null,"addr:postcode":null,"addr:country":null,"addr:city":null,"official_name":null,"name":null,"type":null,"building:levels":"5","addr:place":"микрорайон Жукова","addr:housenumber":"4"},"geometry":{"type":"MultiPolygon","coordinates":[[[[37.890633,51.3101533],[37.8898679,51.3108376],[37.8897283,51.3107766],[37.8898248,51.3106903],[37.8899417,51.3105858],[37.8900589,51.310481],[37.8901748,51.3103773],[37.8902877,51.3102763],[37.8904063,51.3101703],[37.8904934,51.3100924],[37.890633,51.3101533]]]]}},
{"type":"Feature","properties":{"full_id":"w42442125","osm_id":"42442125","osm_type":"way","building":"apartments","dispensing":null,"man_made":null,"start_date":null,"energy_class":null,"building:levels:underground":null,"building:flats":null,"outdoor_seating":null,"name:ru":null,"name:en":null,"healthcare":null,"contact:website":null,"contact:phone":null,"contact:email":null,"brand:wikidata":null,"brand":null,"operator":null,"smoking":null,"layer":null,"cuisine":null,"addr:street":null,"office":null,"government":null,"leisure":null,"roof:levels":null,"height":null,"substation":null,"shop":null,"power":null,"pipeline":null,"opening_hours":null,"amenity":null,"addr:postcode":null,"addr:country":null,"addr:city":null,"official_name":null,"name":null,"type":null,"building:levels":"5","addr:place":"микрорайон Жукова","addr:housenumber":"3"},"geometry":{"type":"MultiPolygon","coordinates":[[[[37.888909,51.3103762],[37.8895768,51.310675],[37.8894779,51.3107614],[37.8893777,51.3107166],[37.8892299,51.3106504],[37.8890542,51.3105718],[37.8889152,51.3105097],[37.88881,51.3104626],[37.888909,51.3103762]]]]}},
{"type":"Feature","properties":{"full_id":"w42442126","osm_id":"42442126","osm_type":"way","building":"yes","dispensing":null,"man_made":null,"start_date":null,"energy_class":null,"building:levels:underground":null,"building:flats":null,"outdoor_seating":null,"name:ru":null,"name:en":null,"healthcare":null,"contact:website":null,"contact:phone":null,"contact:email":null,"brand:wikidata":null,"brand":null,"operator":null,"smoking":null,"layer":null,"cuisine":null,"addr:street":null,"office":null,"government":null,"leisure":null,"roof:levels":null,"height":null,"substation":null,"shop":null,"power":null,"pipeline":null,"opening_hours":null,"amenity":null,"addr:postcode":null,"addr:country":null,"addr:city":null,"official_name":null,"name":"ТП-206н","type":null,"building:levels":"1","addr:place":"микрорайон Жукова","addr:housenumber":null},"geometry":{"type":"MultiPolygon","coordinates":[[[[37.8922162,51.3097005],[37.8923093,51.309622],[37.892227,51.3095839],[37.8921339,51.3096624],[37.8922162,51.3097005]]]]}},
{"type":"Feature","properties":{"full_id":"w42442128","osm_id":"42442128","osm_type":"way","building":"apartments","dispensing":null,"man_made":null,"start_date":null,"energy_class":null,"building:levels:underground":null,"building:flats":null,"outdoor_seating":null,"name:ru":null,"name:en":null,"healthcare":null,"contact:website":null,"contact:phone":null,"contact:email":null,"brand:wikidata":null,"brand":null,"operator":null,"smoking":null,"layer":null,"cuisine":null,"addr:street":null,"office":null,"government":null,"leisure":null,"roof:levels":null,"height":null,"substation":null,"shop":null,"power":null,"pipeline":null,"opening_hours":null,"amenity":null,"addr:postcode":null,"addr:country":null,"addr:city":null,"official_name":null,"name":null,"type":null,"building:levels":"9","addr:place":"микрорайон Жукова","addr:housenumber":"24"},"geometry":{"type":"MultiPolygon","coordinates":[[[[37.8929172,51.3101281],[37.894058,51.3106211],[37.8939562,51.3107132],[37.8938156,51.3106525],[37.893542,51.3105343],[37.893265,51.3104145],[37.892992,51.3102966],[37.8928153,51.3102202],[37.8929172,51.3101281]]]]}},
{"type":"Feature","properties":{"full_id":"w42442129","osm_id":"42442129","osm_type":"way","building":"yes","dispensing":null,"man_made":null,"start_date":null,"energy_class":null,"building:levels:underground":null,"building:flats":null,"outdoor_seating":null,"name:ru":null,"name:en":null,"healthcare":null,"contact:website":null,"contact:phone":null,"contact:email":null,"brand:wikidata":null,"brand":null,"operator":null,"smoking":null,"layer":null,"cuisine":null,"addr:street":null,"office":null,"government":null,"leisure":null,"roof:levels":null,"height":null,"substation":null,"shop":null,"power":"substation","pipeline":null,"opening_hours":null,"amenity":null,"addr:postcode":null,"addr:country":null,"addr:city":null,"official_name":null,"name":"ТП-215н","type":null,"building:levels":"1","addr:place":"микрорайон Жукова","addr:housenumber":null},"geometry":{"type":"MultiPolygon","coordinates":[[[[37.894645,51.3108462],[37.8947669,51.3108925],[37.8947117,51.3109494],[37.8945898,51.3109031],[37.894645,51.3108462]]]]}},
{"type":"Feature","properties":{"full_id":"w42442132","osm_id":"42442132","osm_type":"way","building":"apartments","dispensing":null,"man_made":null,"start_date":null,"energy_class":null,"building:levels:underground":null,"building:flats":null,"outdoor_seating":null,"name:ru":null,"name:en":null,"healthcare":null,"contact:website":null,"contact:phone":null,"contact:email":null,"brand:wikidata":null,"brand":null,"operator":null,"smoking":null,"layer":null,"cuisine":null,"addr:street":null,"office":null,"government":null,"leisure":null,"roof:levels":null,"height":null,"substation":null,"shop":null,"power":null,"pipeline":null,"opening_hours":null,"amenity":null,"addr:postcode":null,"addr:country":null,"addr:city":null,"official_name":null,"name":null,"type":null,"building:levels":"9","addr:place":"микрорайон Жукова","addr:housenumber":"27"},"geometry":{"type":"MultiPolygon","coordinates":[[[[37.8950958,51.3117305],[37.895068,51.3117184],[37.8948734,51.3116342],[37.8947333,51.3115735],[37.8948303,51.3114861],[37.8953417,51.3117076],[37.8946131,51.3123648],[37.8945511,51.3123379],[37.8945291,51.3123577],[37.8943879,51.3124851],[37.8943538,51.3125158],[37.8944163,51.3125429],[37.8934465,51.3134177],[37.893383,51.3133901],[37.8933544,51.3134159],[37.8932327,51.3135257],[37.8931875,51.3135665],[37.8932525,51.3135946],[37.8925149,51.3142599],[37.8922966,51.3141654],[37.8924047,51.3140678],[37.8924758,51.3140986],[37.8924978,51.3140788],[37.8926182,51.3139702],[37.8928258,51.3137829],[37.8930081,51.3136185],[37.8931044,51.3135316],[37.8930344,51.3135013],[37.8930773,51.3134626],[37.8931373,51.3134085],[37.8931992,51.3133526],[37.8932358,51.3133196],[37.8933036,51.3133489],[37.8933962,51.3132654],[37.8935953,51.3130858],[37.8937822,51.3129173],[37.893975,51.3127433],[37.8941615,51.3125751],[37.8942643,51.3124824],[37.8941971,51.3124533],[37.8942307,51.312423],[37.8942965,51.3123637],[37.8943738,51.3122939],[37.8944002,51.3122701],[37.894466,51.3122986],[37.8945559,51.3122175],[37.8947474,51.3120448],[37.894947,51.3118647],[37.8950958,51.3117305]]]]}},
{"type":"Feature","properties":{"full_id":"w42442133","osm_id":"42442133","osm_type":"way","building":"yes","dispensing":null,"man_made":null,"start_date":null,"energy_class":null,"building:levels:underground":null,"building:flats":null,"outdoor_seating":null,"name:ru":null,"name:en":null,"healthcare":null,"contact:website":null,"contact:phone":null,"contact:email":null,"brand:wikidata":null,"brand":null,"operator":null,"smoking":null,"layer":null,"cuisine":null,"addr:street":null,"office":null,"government":null,"leisure":null,"roof:levels":null,"height":null,"substation":null,"shop":null,"power":null,"pipeline":null,"opening_hours":null,"amenity":null,"addr:postcode":null,"addr:country":null,"addr:city":null,"official_name":null,"name":null,"type":null,"building:levels":"2","addr:place":"микрорайон Жукова","addr:housenumber":"24Б"},"geometry":{"type":"MultiPolygon","coordinates":[[[[37.8924118,51.3098502],[37.8927698,51.3100044],[37.8925609,51.3101939],[37.8922029,51.3100397],[37.8924118,51.3098502]]]]}},
{"type":"Feature","properties":{"full_id":"w42442135","osm_id":"42442135","osm_type":"way","building":"yes","dispensing":null,"man_made":null,"start_date":null,"energy_class":null,"building:levels:underground":null,"building:flats":null,"outdoor_seating":null,"name:ru":null,"name:en":null,"healthcare":null,"contact:website":null,"contact:phone":null,"contact:email":null,"brand:wikidata":null,"brand":null,"operator":null,"smoking":null,"layer":null,"cuisine":null,"addr:street":null,"office":null,"government":null,"leisure":null,"roof:levels":null,"height":null,"substation":null,"shop":"kiosk","power":null,"pipeline":null,"opening_hours":null,"amenity":null,"addr:postcode":null,"addr:country":null,"addr:city":null,"official_name":null,"name":null,"type":null,"building:levels":null,"addr:place":"микрорайон Жукова","addr:housenumber":null},"geometry":{"type":"MultiPolygon","coordinates":[[[[37.8933262,51.309961],[37.893263,51.3099831],[37.8932842,51.3100069],[37.8933475,51.3099848],[37.8933262,51.309961]]]]}},
{"type":"Feature","properties":{"full_id":"w42442137","osm_id":"42442137","osm_type":"way","building":"apartments","dispensing":null,"man_made":null,"start_date":null,"energy_class":null,"building:levels:underground":null,"building:flats":null,"outdoor_seating":null,"name:ru":null,"name:en":null,"healthcare":null,"contact:website":null,"contact:phone":null,"contact:email":null,"brand:wikidata":null,"brand":null,"operator":null,"smoking":null,"layer":null,"cuisine":null,"addr:street":null,"office":null,"government":null,"leisure":null,"roof:levels":null,"height":null,"substation":null,"shop":null,"power":null,"pipeline":null,"opening_hours":null,"amenity":null,"addr:postcode":null,"addr:country":null,"addr:city":null,"official_name":null,"name":null,"type":null,"building:levels":"9","addr:place":"микрорайон Жукова","addr:housenumber":"23"},"geometry":{"type":"MultiPolygon","coordinates":[[[[37.8896852,51.3144853],[37.8902628,51.3139677],[37.8901105,51.3139014],[37.8900347,51.3139693],[37.889838,51.3141456],[37.8896485,51.3143153],[37.8895329,51.3144189],[37.8896852,51.3144853]]]]}},
{"type":"Feature","properties":{"full_id":"w42442138","osm_id":"42442138","osm_type":"way","building":"yes","dispensing":null,"man_made":null,"start_date":null,"energy_class":null,"building:levels:underground":null,"building:flats":null,"outdoor_seating":null,"name:ru":null,"name:en":null,"healthcare":null,"contact:website":null,"contact:phone":null,"contact:email":null,"brand:wikidata":null,"brand":null,"operator":null,"smoking":null,"layer":null,"cuisine":null,"addr:street":null,"office":null,"government":null,"leisure":null,"roof:levels":null,"height":null,"substation":null,"shop":null,"power":"substation","pipeline":null,"opening_hours":null,"amenity":null,"addr:postcode":null,"addr:country":null,"addr:city":null,"official_name":null,"name":"ТП-207н","type":null,"building:levels":"1","addr:place":"микрорайон Жукова","addr:housenumber":null},"geometry":{"type":"MultiPolygon","coordinates":[[[[37.8943393,51.3116991],[37.8944233,51.3116224],[37.8943443,51.3115886],[37.8942603,51.3116654],[37.8943393,51.3116991]]]]}},
{"type":"Feature","properties":{"full_id":"w42442139","osm_id":"42442139","osm_type":"way","building":"apartments","dispensing":null,"man_made":null,"start_date":null,"energy_class":null,"building:levels:underground":null,"building:flats":null,"outdoor_seating":null,"name:ru":null,"name:en":null,"healthcare":null,"contact:website":null,"contact:phone":null,"contact:email":null,"brand:wikidata":null,"brand":null,"operator":null,"smoking":null,"layer":null,"cuisine":null,"addr:street":null,"office":null,"government":null,"leisure":null,"roof:levels":null,"height":null,"substation":null,"shop":null,"power":null,"pipeline":null,"opening_hours":null,"amenity":null,"addr:postcode":null,"addr:country":null,"addr:city":null,"official_name":null,"name":null,"type":null,"building:levels":"9","addr:place":"микрорайон Жукова","addr:housenumber":"22"},"geometry":{"type":"MultiPolygon","coordinates":[[[[37.8878004,51.3137961],[37.8894895,51.3145323],[37.8893876,51.3146237],[37.8892295,51.3145548],[37.8889631,51.3144387],[37.8886837,51.3143169],[37.8884065,51.3141961],[37.8881331,51.3140769],[37.8878598,51.3139578],[37.8876985,51.3138875],[37.8878004,51.3137961]]]]}},
{"type":"Feature","properties":{"full_id":"w42442140","osm_id":"42442140","osm_type":"way","building":"apartments","dispensing":null,"man_made":null,"start_date":null,"energy_class":null,"building:levels:underground":null,"building:flats":null,"outdoor_seating":null,"name:ru":null,"name:en":null,"healthcare":null,"contact:website":null,"contact:phone":null,"contact:email":null,"brand:wikidata":null,"brand":null,"operator":null,"smoking":null,"layer":null,"cuisine":null,"addr:street":null,"office":null,"government":null,"leisure":null,"roof:levels":null,"height":null,"substation":null,"shop":null,"power":null,"pipeline":null,"opening_hours":null,"amenity":null,"addr:postcode":null,"addr:country":null,"addr:city":null,"official_name":null,"name":null,"type":null,"building:levels":"9","addr:place":"микрорайон Жукова","addr:housenumber":"26"},"geometry":{"type":"MultiPolygon","coordinates":[[[[37.8941446,51.3111856],[37.8946489,51.3114036],[37.8945459,51.3114967],[37.8944091,51.3114376],[37.894203,51.3113485],[37.894179,51.3113702],[37.8940448,51.3114915],[37.8938535,51.3116644],[37.8936627,51.3118369],[37.8935608,51.311929],[37.8933993,51.3118592],[37.8941446,51.3111856]]]]}},
{"type":"Feature","properties":{"full_id":"w42442141","osm_id":"42442141","osm_type":"way","building":"yes","dispensing":null,"man_made":null,"start_date":null,"energy_class":null,"building:levels:underground":null,"building:flats":null,"outdoor_seating":null,"name:ru":null,"name:en":null,"healthcare":null,"contact:website":null,"contact:phone":null,"contact:email":null,"brand:wikidata":null,"brand":null,"operator":null,"smoking":null,"layer":null,"cuisine":null,"addr:street":null,"office":null,"government":null,"leisure":null,"roof:levels":null,"height":null,"substation":null,"shop":"kiosk","power":null,"pipeline":null,"opening_hours":null,"amenity":null,"addr:postcode":null,"addr:country":null,"addr:city":null,"official_name":null,"name":null,"type":null,"building:levels":null,"addr:place":"микрорайон Жукова","addr:housenumber":null},"geometry":{"type":"MultiPolygon","coordinates":[[[[37.8920274,51.3147425],[37.8920684,51.314708],[37.8920992,51.3147223],[37.8920582,51.3147568],[37.8920274,51.3147425]]]]}},
{"type":"Feature","properties":{"full_id":"w42442142","osm_id":"42442142","osm_type":"way","building":"apartments","dispensing":null,"man_made":null,"start_date":null,"energy_class":null,"building:levels:underground":null,"building:flats":null,"outdoor_seating":null,"name:ru":null,"name:en":null,"healthcare":null,"contact:website":null,"contact:phone":null,"contact:email":null,"brand:wikidata":null,"brand":null,"operator":null,"smoking":null,"layer":null,"cuisine":null,"addr:street":null,"office":null,"government":null,"leisure":null,"roof:levels":null,"height":null,"substation":null,"shop":null,"power":null,"pipeline":null,"opening_hours":null,"amenity":null,"addr:postcode":null,"addr:country":null,"addr:city":null,"official_name":null,"name":null,"type":null,"building:levels":"9","addr:place":"микрорайон Жукова","addr:housenumber":"23А"},"geometry":{"type":"MultiPolygon","coordinates":[[[[37.8889984,51.3134063],[37.8898607,51.3137833],[37.8897585,51.3138746],[37.8896128,51.3138109],[37.8893311,51.3136877],[37.8890603,51.3135694],[37.8888962,51.3134976],[37.8889984,51.3134063]]]]}},
{"type":"Feature","properties":{"full_id":"w42442143","osm_id":"42442143","osm_type":"way","building":"yes","dispensing":null,"man_made":null,"start_date":null,"energy_class":null,"building:levels:underground":null,"building:flats":null,"outdoor_seating":null,"name:ru":null,"name:en":null,"healthcare":null,"contact:website":null,"contact:phone":null,"contact:email":null,"brand:wikidata":null,"brand":null,"operator":null,"smoking":null,"layer":null,"cuisine":null,"addr:street":null,"office":null,"government":null,"leisure":null,"roof:levels":null,"height":null,"substation":null,"shop":null,"power":null,"pipeline":null,"opening_hours":null,"amenity":null,"addr:postcode":null,"addr:country":null,"addr:city":null,"official_name":null,"name":null,"type":null,"building:levels":null,"addr:place":"микрорайон Жукова","addr:housenumber":null},"geometry":{"type":"MultiPolygon","coordinates":[[[[37.8921749,51.3146526],[37.8922269,51.3146754],[37.8921959,51.3147031],[37.8921439,51.3146803],[37.8921749,51.3146526]]]]}},
{"type":"Feature","properties":{"full_id":"w42442144","osm_id":"42442144","osm_type":"way","building":"yes","dispensing":null,"man_made":null,"start_date":null,"energy_class":null,"building:levels:underground":null,"building:flats":null,"outdoor_seating":null,"name:ru":null,"name:en":null,"healthcare":null,"contact:website":null,"contact:phone":null,"contact:email":null,"brand:wikidata":null,"brand":null,"operator":null,"smoking":null,"layer":null,"cuisine":null,"addr:street":null,"office":null,"government":null,"leisure":null,"roof:levels":null,"height":null,"substation":null,"shop":"kiosk","power":null,"pipeline":null,"opening_hours":null,"amenity":null,"addr:postcode":null,"addr:country":null,"addr:city":null,"official_name":null,"name":null,"type":null,"building:levels":null,"addr:place":"микрорайон Жукова","addr:housenumber":null},"geometry":{"type":"MultiPolygon","coordinates":[[[[37.8934384,51.3099641],[37.8934615,51.3099488],[37.8935069,51.3099754],[37.8934839,51.3099908],[37.8934384,51.3099641]]]]}},
{"type":"Feature","properties":{"full_id":"w42442145","osm_id":"42442145","osm_type":"way","building":"yes","dispensing":null,"man_made":null,"start_date":null,"energy_class":null,"building:levels:underground":null,"building:flats":null,"outdoor_seating":null,"name:ru":null,"name:en":null,"healthcare":null,"contact:website":null,"contact:phone":null,"contact:email":null,"brand:wikidata":null,"brand":null,"operator":null,"smoking":null,"layer":null,"cuisine":null,"addr:street":null,"office":null,"government":null,"leisure":null,"roof:levels":null,"height":null,"substation":null,"shop":null,"power":null,"pipeline":null,"opening_hours":null,"amenity":null,"addr:postcode":null,"addr:country":null,"addr:city":null,"official_name":null,"name":null,"type":null,"building:levels":"3","addr:place":"микрорайон Жукова","addr:housenumber":"57"},"geometry":{"type":"MultiPolygon","coordinates":[[[[37.8867117,51.3096551],[37.8866379,51.3096235],[37.8866899,51.3095761],[37.886762,51.309607],[37.8868066,51.3095663],[37.8864473,51.3094123],[37.8865771,51.3092939],[37.8869814,51.3094672],[37.8869044,51.3095374],[37.8872243,51.3096746],[37.8871728,51.3097215],[37.887098,51.3096894],[37.8870511,51.3097322],[37.8874083,51.3098853],[37.8872852,51.3099975],[37.8868877,51.3098271],[37.8869598,51.3097614],[37.8867849,51.3096865],[37.8866512,51.3098084],[37.8867937,51.3098694],[37.8865963,51.3100494],[37.8862334,51.3098939],[37.8864327,51.3097121],[37.88658,51.3097752],[37.8867117,51.3096551]]]]}},
{"type":"Feature","properties":{"full_id":"w42442146","osm_id":"42442146","osm_type":"way","building":"yes","dispensing":null,"man_made":null,"start_date":null,"energy_class":null,"building:levels:underground":null,"building:flats":null,"outdoor_seating":null,"name:ru":null,"name:en":null,"healthcare":null,"contact:website":null,"contact:phone":null,"contact:email":null,"brand:wikidata":null,"brand":null,"operator":null,"smoking":null,"layer":null,"cuisine":null,"addr:street":null,"office":null,"government":null,"leisure":null,"roof:levels":null,"height":null,"substation":null,"shop":"kiosk","power":null,"pipeline":null,"opening_hours":null,"amenity":null,"addr:postcode":null,"addr:country":null,"addr:city":null,"official_name":null,"name":null,"type":null,"building:levels":null,"addr:place":"микрорайон Жукова","addr:housenumber":null},"geometry":{"type":"MultiPolygon","coordinates":[[[[37.8919084,51.3148813],[37.8919821,51.3148134],[37.892036,51.3148362],[37.8919624,51.3149041],[37.8919084,51.3148813]]]]}},
{"type":"Feature","properties":{"full_id":"w42442147","osm_id":"42442147","osm_type":"way","building":"yes","dispensing":null,"man_made":null,"start_date":null,"energy_class":null,"building:levels:underground":null,"building:flats":null,"outdoor_seating":null,"name:ru":null,"name:en":null,"healthcare":null,"contact:website":null,"contact:phone":null,"contact:email":null,"brand:wikidata":null,"brand":null,"operator":null,"smoking":null,"layer":null,"cuisine":null,"addr:street":null,"office":null,"government":null,"leisure":null,"roof:levels":null,"height":null,"substation":null,"shop":"kiosk","power":null,"pipeline":null,"opening_hours":null,"amenity":null,"addr:postcode":null,"addr:country":null,"addr:city":null,"official_name":null,"name":null,"type":null,"building:levels":null,"addr:place":"микрорайон Жукова","addr:housenumber":null},"geometry":{"type":"MultiPolygon","coordinates":[[[[37.8920331,51.3148042],[37.8920741,51.3147697],[37.8921049,51.314784],[37.8920639,51.3148185],[37.8920331,51.3148042]]]]}},
{"type":"Feature","properties":{"full_id":"w42442148","osm_id":"42442148","osm_type":"way","building":"yes","dispensing":null,"man_made":null,"start_date":null,"energy_class":null,"building:levels:underground":null,"building:flats":null,"outdoor_seating":null,"name:ru":null,"name:en":null,"healthcare":null,"contact:website":null,"contact:phone":null,"contact:email":null,"brand:wikidata":null,"brand":null,"operator":null,"smoking":null,"layer":null,"cuisine":null,"addr:street":null,"office":null,"government":null,"leisure":null,"roof:levels":null,"height":null,"substation":null,"shop":null,"power":null,"pipeline":null,"opening_hours":null,"amenity":null,"addr:postcode":"309512","addr:country":null,"addr:city":null,"official_name":null,"name":"Культурный центр \"Пушкинский\"","type":null,"building:levels":"2","addr:place":"микрорайон Жукова","addr:housenumber":"30Б"},"geometry":{"type":"MultiPolygon","coordinates":[[[[37.8951253,51.311414],[37.8955107,51.3110628],[37.8957918,51.3111847],[37.8961995,51.3108128],[37.8959217,51.3106882],[37.8961413,51.3104942],[37.8965107,51.3106541],[37.8964815,51.3106839],[37.8965154,51.3107075],[37.8965025,51.3107385],[37.8959359,51.3112479],[37.8958416,51.3113271],[37.8958643,51.311348],[37.8958549,51.3113723],[37.8956066,51.3115909],[37.8955713,51.3115982],[37.8955321,51.3115882],[37.8951253,51.311414]]]]}},
{"type":"Feature","properties":{"full_id":"w42442149","osm_id":"42442149","osm_type":"way","building":"yes","dispensing":null,"man_made":null,"start_date":null,"energy_class":null,"building:levels:underground":null,"building:flats":null,"outdoor_seating":null,"name:ru":null,"name:en":null,"healthcare":null,"contact:website":null,"contact:phone":null,"contact:email":null,"brand:wikidata":null,"brand":null,"operator":null,"smoking":null,"layer":null,"cuisine":null,"addr:street":null,"office":null,"government":null,"leisure":null,"roof:levels":null,"height":null,"substation":null,"shop":null,"power":null,"pipeline":null,"opening_hours":null,"amenity":null,"addr:postcode":null,"addr:country":null,"addr:city":null,"official_name":null,"name":null,"type":null,"building:levels":"2","addr:place":"микрорайон Жукова","addr:housenumber":"31"},"geometry":{"type":"MultiPolygon","coordinates":[[[[37.8919163,51.3105314],[37.8918883,51.3104218],[37.8920658,51.3104041],[37.8921075,51.3105675],[37.8919495,51.3105833],[37.8919773,51.3106918],[37.8917923,51.3107103],[37.8917662,51.310608],[37.8915199,51.3106326],[37.8915481,51.3107426],[37.8913709,51.3107603],[37.8913439,51.3106549],[37.8911728,51.310672],[37.8911302,51.3105053],[37.8913054,51.3104878],[37.8913329,51.3105952],[37.891539,51.3105746],[37.8915106,51.3104633],[37.8916859,51.3104458],[37.8917129,51.3105517],[37.8919163,51.3105314]]]]}},
{"type":"Feature","properties":{"full_id":"w42442150","osm_id":"42442150","osm_type":"way","building":"yes","dispensing":null,"man_made":null,"start_date":null,"energy_class":null,"building:levels:underground":null,"building:flats":null,"outdoor_seating":null,"name:ru":null,"name:en":null,"healthcare":null,"contact:website":null,"contact:phone":null,"contact:email":null,"brand:wikidata":null,"brand":null,"operator":null,"smoking":null,"layer":null,"cuisine":null,"addr:street":null,"office":null,"government":null,"leisure":null,"roof:levels":null,"height":null,"substation":null,"shop":null,"power":null,"pipeline":null,"opening_hours":null,"amenity":null,"addr:postcode":null,"addr:country":null,"addr:city":null,"official_name":null,"name":null,"type":null,"building:levels":"3","addr:place":"микрорайон Жукова","addr:housenumber":"36"},"geometry":{"type":"MultiPolygon","coordinates":[[[[37.8901679,51.3125099],[37.8900972,51.3124786],[37.8901488,51.3124331],[37.8902151,51.3124624],[37.8902627,51.3124203],[37.8899092,51.3122642],[37.8900371,51.312151],[37.8904304,51.3123248],[37.890357,51.3123896],[37.8906784,51.3125316],[37.8906265,51.3125775],[37.8905564,51.3125465],[37.8905085,51.3125889],[37.8908551,51.3127419],[37.8907265,51.3128557],[37.8903418,51.3126858],[37.8904161,51.3126201],[37.8902513,51.3125474],[37.8901115,51.3126711],[37.8902407,51.3127281],[37.8900415,51.3129043],[37.8896897,51.3127489],[37.8898925,51.3125695],[37.8900313,51.3126307],[37.8901679,51.3125099]]]]}},
{"type":"Feature","properties":{"full_id":"w42442151","osm_id":"42442151","osm_type":"way","building":"apartments","dispensing":null,"man_made":null,"start_date":null,"energy_class":null,"building:levels:underground":null,"building:flats":null,"outdoor_seating":null,"name:ru":null,"name:en":null,"healthcare":null,"contact:website":null,"contact:phone":null,"contact:email":null,"brand:wikidata":null,"brand":null,"operator":null,"smoking":null,"layer":null,"cuisine":null,"addr:street":null,"office":null,"government":null,"leisure":null,"roof:levels":null,"height":null,"substation":null,"shop":null,"power":null,"pipeline":null,"opening_hours":null,"amenity":null,"addr:postcode":null,"addr:country":null,"addr:city":null,"official_name":null,"name":null,"type":null,"building:levels":"9","addr:place":"микрорайон Жукова","addr:housenumber":"28"},"geometry":{"type":"MultiPolygon","coordinates":[[[[37.891871,51.3129297],[37.892663,51.3132741],[37.8925577,51.3133688],[37.8924178,51.313308],[37.8921337,51.3131844],[37.8919277,51.3130948],[37.8919085,51.3131121],[37.8917678,51.3132385],[37.8915782,51.3134088],[37.8913845,51.3135828],[37.8911953,51.3137528],[37.8910593,51.313875],[37.8910862,51.3138867],[37.8912837,51.3139726],[37.891559,51.3140923],[37.8917493,51.3141751],[37.8917776,51.3141496],[37.8918953,51.3140439],[37.8920022,51.3139478],[37.8921547,51.3140142],[37.8917993,51.3143335],[37.8907947,51.3138966],[37.891871,51.3129297]]]]}},
{"type":"Feature","properties":{"full_id":"w42442152","osm_id":"42442152","osm_type":"way","building":"yes","dispensing":null,"man_made":null,"start_date":null,"energy_class":null,"building:levels:underground":null,"building:flats":null,"outdoor_seating":null,"name:ru":null,"name:en":null,"healthcare":null,"contact:website":null,"contact:phone":null,"contact:email":null,"brand:wikidata":null,"brand":null,"operator":null,"smoking":null,"layer":null,"cuisine":null,"addr:street":null,"office":null,"government":null,"leisure":null,"roof:levels":null,"height":null,"substation":null,"shop":null,"power":null,"pipeline":null,"opening_hours":null,"amenity":null,"addr:postcode":null,"addr:country":null,"addr:city":null,"official_name":null,"name":null,"type":null,"building:levels":"1","addr:place":"микрорайон Жукова","addr:housenumber":"29"},"geometry":{"type":"MultiPolygon","coordinates":[[[[37.8911852,51.3152879],[37.8911212,51.3152861],[37.8910865,51.3152702],[37.8911081,51.3152453],[37.8910748,51.3152269],[37.891037,51.315208],[37.8910796,51.3151719],[37.8911165,51.3151903],[37.8911512,51.3152079],[37.8912385,51.3151281],[37.8913736,51.3151162],[37.8913651,51.3150613],[37.8915569,51.3150479],[37.891735,51.3148775],[37.8919516,51.3149742],[37.8916681,51.3152306],[37.8911852,51.3152879]]]]}},
{"type":"Feature","properties":{"full_id":"w42442153","osm_id":"42442153","osm_type":"way","building":"yes","dispensing":null,"man_made":null,"start_date":null,"energy_class":null,"building:levels:underground":null,"building:flats":null,"outdoor_seating":null,"name:ru":null,"name:en":null,"healthcare":null,"contact:website":null,"contact:phone":null,"contact:email":null,"brand:wikidata":null,"brand":null,"operator":null,"smoking":null,"layer":null,"cuisine":null,"addr:street":null,"office":null,"government":null,"leisure":null,"roof:levels":null,"height":null,"substation":null,"shop":null,"power":null,"pipeline":null,"opening_hours":null,"amenity":null,"addr:postcode":null,"addr:country":null,"addr:city":null,"official_name":null,"name":null,"type":null,"building:levels":"2","addr:place":"микрорайон Жукова","addr:housenumber":"29Б"},"geometry":{"type":"MultiPolygon","coordinates":[[[[37.8905234,51.3148805],[37.8907757,51.3149861],[37.8908265,51.3149393],[37.8909284,51.3149907],[37.8910182,51.3149823],[37.8910216,51.3150406],[37.8911549,51.3151053],[37.8910796,51.3151719],[37.891037,51.315208],[37.891014,51.3152279],[37.8910369,51.3152405],[37.8909916,51.3152811],[37.8909541,51.3153062],[37.8909015,51.315314],[37.8908269,51.3153165],[37.8907422,51.3152798],[37.8902803,51.3150678],[37.8902592,51.3150544],[37.8902511,51.3150297],[37.8903376,51.3149513],[37.8904096,51.3149827],[37.8905234,51.3148805]]]]}},
{"type":"Feature","properties":{"full_id":"w42442154","osm_id":"42442154","osm_type":"way","building":"yes","dispensing":null,"man_made":null,"start_date":null,"energy_class":null,"building:levels:underground":null,"building:flats":null,"outdoor_seating":null,"name:ru":null,"name:en":null,"healthcare":null,"contact:website":null,"contact:phone":null,"contact:email":null,"brand:wikidata":null,"brand":null,"operator":null,"smoking":null,"layer":null,"cuisine":null,"addr:street":null,"office":null,"government":null,"leisure":null,"roof:levels":null,"height":null,"substation":null,"shop":null,"power":"substation","pipeline":null,"opening_hours":null,"amenity":null,"addr:postcode":null,"addr:country":null,"addr:city":null,"official_name":null,"name":"ТП-204н","type":null,"building:levels":"1","addr:place":"микрорайон Жукова","addr:housenumber":null},"geometry":{"type":"MultiPolygon","coordinates":[[[[37.8889142,51.3138781],[37.8889905,51.3138066],[37.888913,51.3137743],[37.8888367,51.3138458],[37.8889142,51.3138781]]]]}},
{"type":"Feature","properties":{"full_id":"w42442155","osm_id":"42442155","osm_type":"way","building":"yes","dispensing":null,"man_made":null,"start_date":null,"energy_class":null,"building:levels:underground":null,"building:flats":null,"outdoor_seating":null,"name:ru":null,"name:en":null,"healthcare":null,"contact:website":null,"contact:phone":null,"contact:email":null,"brand:wikidata":null,"brand":null,"operator":null,"smoking":null,"layer":null,"cuisine":null,"addr:street":null,"office":null,"government":null,"leisure":null,"roof:levels":null,"height":null,"substation":null,"shop":null,"power":null,"pipeline":null,"opening_hours":null,"amenity":null,"addr:postcode":null,"addr:country":null,"addr:city":null,"official_name":null,"name":null,"type":null,"building:levels":"2","addr:place":"микрорайон Жукова","addr:housenumber":"54А"},"geometry":{"type":"MultiPolygon","coordinates":[[[[37.8861402,51.3080253],[37.8861118,51.3079147],[37.886293,51.3078965],[37.8863348,51.3080592],[37.8861675,51.308076],[37.8861954,51.3081849],[37.8860112,51.3082034],[37.8859853,51.3081027],[37.8857448,51.3081269],[37.8857739,51.3082401],[37.8855849,51.308259],[37.8855589,51.3081575],[37.8853912,51.3081743],[37.8853474,51.3080038],[37.8855257,51.307986],[37.8855532,51.308093],[37.8857577,51.3080725],[37.885729,51.3079608],[37.8859097,51.3079426],[37.8859362,51.3080458],[37.8861402,51.3080253]]]]}},
{"type":"Feature","properties":{"full_id":"w42442160","osm_id":"42442160","osm_type":"way","building":"yes","dispensing":null,"man_made":null,"start_date":null,"energy_class":null,"building:levels:underground":null,"building:flats":null,"outdoor_seating":null,"name:ru":null,"name:en":null,"healthcare":null,"contact:website":null,"contact:phone":null,"contact:email":null,"brand:wikidata":null,"brand":null,"operator":null,"smoking":null,"layer":null,"cuisine":null,"addr:street":null,"office":null,"government":null,"leisure":null,"roof:levels":null,"height":null,"substation":null,"shop":null,"power":null,"pipeline":null,"opening_hours":null,"amenity":null,"addr:postcode":null,"addr:country":null,"addr:city":null,"official_name":null,"name":null,"type":null,"building:levels":"3","addr:place":"микрорайон Жукова","addr:housenumber":"56"},"geometry":{"type":"MultiPolygon","coordinates":[[[[37.8854224,51.3094737],[37.8853527,51.3094431],[37.8854042,51.3093972],[37.8854731,51.3094274],[37.8855207,51.309385],[37.8851673,51.3092299],[37.8852924,51.3091185],[37.8856839,51.3092904],[37.88561,51.3093561],[37.8859275,51.3094955],[37.8858749,51.3095424],[37.8858077,51.3095129],[37.8857587,51.3095565],[37.8861116,51.3097115],[37.8859849,51.3098242],[37.8855946,51.3096528],[37.885673,51.309583],[37.8854988,51.3095065],[37.8853595,51.3096304],[37.8855033,51.3096936],[37.8853026,51.3098722],[37.884945,51.3097152],[37.8851475,51.309535],[37.8852855,51.3095955],[37.8854224,51.3094737]]]]}},
{"type":"Feature","properties":{"full_id":"w42442161","osm_id":"42442161","osm_type":"way","building":"yes","dispensing":null,"man_made":null,"start_date":null,"energy_class":null,"building:levels:underground":null,"building:flats":null,"outdoor_seating":null,"name:ru":null,"name:en":null,"healthcare":null,"contact:website":null,"contact:phone":null,"contact:email":null,"brand:wikidata":null,"brand":null,"operator":null,"smoking":null,"layer":null,"cuisine":null,"addr:street":null,"office":null,"government":null,"leisure":null,"roof:levels":null,"height":null,"substation":null,"shop":null,"power":null,"pipeline":null,"opening_hours":null,"amenity":null,"addr:postcode":null,"addr:country":null,"addr:city":null,"official_name":null,"name":null,"type":null,"building:levels":"2","addr:place":"микрорайон Жукова","addr:housenumber":"55"},"geometry":{"type":"MultiPolygon","coordinates":[[[[37.8835721,51.3097083],[37.8835442,51.3095989],[37.8837247,51.3095809],[37.8837658,51.3097424],[37.883766,51.3097431],[37.8836029,51.3097593],[37.8836305,51.3098675],[37.8834466,51.3098858],[37.8834209,51.3097848],[37.8831817,51.3098086],[37.8832093,51.3099168],[37.8830233,51.3099354],[37.8829972,51.3098327],[37.8828233,51.30985],[37.8827811,51.3096844],[37.8829605,51.3096665],[37.8829883,51.3097755],[37.8831899,51.3097554],[37.8831616,51.3096442],[37.8833424,51.3096262],[37.8833685,51.3097286],[37.8835721,51.3097083]]]]}},
{"type":"Feature","properties":{"full_id":"w42442162","osm_id":"42442162","osm_type":"way","building":"yes","dispensing":null,"man_made":null,"start_date":null,"energy_class":null,"building:levels:underground":null,"building:flats":null,"outdoor_seating":null,"name:ru":null,"name:en":null,"healthcare":null,"contact:website":null,"contact:phone":null,"contact:email":null,"brand:wikidata":null,"brand":null,"operator":null,"smoking":null,"layer":null,"cuisine":null,"addr:street":null,"office":null,"government":null,"leisure":null,"roof:levels":null,"height":null,"substation":null,"shop":null,"power":null,"pipeline":null,"opening_hours":null,"amenity":null,"addr:postcode":null,"addr:country":null,"addr:city":null,"official_name":null,"name":null,"type":null,"building:levels":"2","addr:place":"микрорайон Жукова","addr:housenumber":"19А"},"geometry":{"type":"MultiPolygon","coordinates":[[[[37.8880212,51.3127237],[37.887877,51.3126627],[37.8879815,51.3125661],[37.8882069,51.3126615],[37.8881098,51.3127511],[37.8882503,51.3128105],[37.8881486,51.3129044],[37.8880053,51.3128438],[37.8878622,51.3129759],[37.888004,51.313036],[37.8879022,51.31313],[37.8877565,51.3130683],[37.8876623,51.3131553],[37.8874396,51.3130611],[37.8875429,51.3129658],[37.887688,51.3130272],[37.8878012,51.3129227],[37.8876587,51.3128624],[37.8877569,51.3127718],[37.8879025,51.3128334],[37.8880212,51.3127237]]]]}},
{"type":"Feature","properties":{"full_id":"w42442163","osm_id":"42442163","osm_type":"way","building":"yes","dispensing":null,"man_made":null,"start_date":null,"energy_class":null,"building:levels:underground":null,"building:flats":null,"outdoor_seating":null,"name:ru":null,"name:en":null,"healthcare":null,"contact:website":null,"contact:phone":null,"contact:email":null,"brand:wikidata":null,"brand":null,"operator":null,"smoking":null,"layer":null,"cuisine":null,"addr:street":null,"office":null,"government":null,"leisure":null,"roof:levels":null,"height":null,"substation":null,"shop":null,"power":null,"pipeline":null,"opening_hours":null,"amenity":null,"addr:postcode":null,"addr:country":null,"addr:city":null,"official_name":null,"name":null,"type":null,"building:levels":"2","addr:place":"микрорайон Жукова","addr:housenumber":"33"},"geometry":{"type":"MultiPolygon","coordinates":[[[[37.8933368,51.3123425],[37.8931962,51.3122822],[37.8933012,51.3121866],[37.8935226,51.3122817],[37.8934212,51.312374],[37.893564,51.3124353],[37.8934629,51.3125273],[37.8933187,51.3124655],[37.8931753,51.312596],[37.8933164,51.3126566],[37.8932177,51.3127464],[37.8930742,51.3126848],[37.8930666,51.3126918],[37.8929786,51.3127719],[37.892758,51.3126772],[37.8928558,51.3125881],[37.8930003,51.3126501],[37.8931195,51.3125416],[37.892976,51.31248],[37.8930763,51.3123887],[37.8932188,51.3124499],[37.8933368,51.3123425]]]]}},
{"type":"Feature","properties":{"full_id":"w42442164","osm_id":"42442164","osm_type":"way","building":"yes","dispensing":null,"man_made":null,"start_date":null,"energy_class":null,"building:levels:underground":null,"building:flats":null,"outdoor_seating":null,"name:ru":null,"name:en":null,"healthcare":null,"contact:website":null,"contact:phone":null,"contact:email":null,"brand:wikidata":null,"brand":null,"operator":null,"smoking":null,"layer":null,"cuisine":null,"addr:street":null,"office":null,"government":null,"leisure":null,"roof:levels":null,"height":null,"substation":null,"shop":null,"power":null,"pipeline":null,"opening_hours":null,"amenity":null,"addr:postcode":null,"addr:country":null,"addr:city":null,"official_name":null,"name":null,"type":null,"building:levels":"2","addr:place":"микрорайон Жукова","addr:housenumber":"32"},"geometry":{"type":"MultiPolygon","coordinates":[[[[37.8934518,51.3111845],[37.893422,51.3110742],[37.8936026,51.3110551],[37.8936463,51.3112168],[37.893481,51.3112343],[37.8935106,51.3113436],[37.893331,51.3113625],[37.8933025,51.311257],[37.8930534,51.3112833],[37.893083,51.3113928],[37.8929028,51.3114119],[37.8928739,51.3113048],[37.8927013,51.3113231],[37.8926573,51.3111603],[37.8928351,51.3111415],[37.8928646,51.3112506],[37.8930639,51.3112296],[37.8930345,51.3111205],[37.8932206,51.3111009],[37.893249,51.3112059],[37.8934518,51.3111845]]]]}},
{"type":"Feature","properties":{"full_id":"w42442166","osm_id":"42442166","osm_type":"way","building":"yes","dispensing":null,"man_made":null,"start_date":null,"energy_class":null,"building:levels:underground":null,"building:flats":null,"outdoor_seating":null,"name:ru":null,"name:en":null,"healthcare":null,"contact:website":null,"contact:phone":null,"contact:email":null,"brand:wikidata":null,"brand":null,"operator":null,"smoking":null,"layer":null,"cuisine":null,"addr:street":null,"office":null,"government":null,"leisure":null,"roof:levels":null,"height":null,"substation":null,"shop":"kiosk","power":null,"pipeline":null,"opening_hours":null,"amenity":null,"addr:postcode":null,"addr:country":null,"addr:city":null,"official_name":null,"name":"Роспечать","type":null,"building:levels":null,"addr:place":"микрорайон Жукова","addr:housenumber":null},"geometry":{"type":"MultiPolygon","coordinates":[[[[37.8940911,51.3097287],[37.8941226,51.3096974],[37.8940826,51.3096816],[37.8940511,51.309713],[37.8940911,51.3097287]]]]}},
{"type":"Feature","properties":{"full_id":"w42442168","osm_id":"42442168","osm_type":"way","building":"apartments","dispensing":null,"man_made":null,"start_date":null,"energy_class":null,"building:levels:underground":null,"building:flats":null,"outdoor_seating":null,"name:ru":null,"name:en":null,"healthcare":null,"contact:website":null,"contact:phone":null,"contact:email":null,"brand:wikidata":null,"brand":null,"operator":null,"smoking":null,"layer":null,"cuisine":null,"addr:street":null,"office":null,"government":null,"leisure":null,"roof:levels":null,"height":null,"substation":null,"shop":null,"power":null,"pipeline":null,"opening_hours":null,"amenity":null,"addr:postcode":null,"addr:country":null,"addr:city":null,"official_name":null,"name":null,"type":null,"building:levels":"9","addr:place":"микрорайон Жукова","addr:housenumber":"30А"},"geometry":{"type":"MultiPolygon","coordinates":[[[[37.895521,51.3108628],[37.8951773,51.3111819],[37.8949598,51.3110903],[37.895064,51.3109937],[37.8951291,51.3110211],[37.8951438,51.3110075],[37.8952774,51.3108835],[37.8953687,51.3107987],[37.895521,51.3108628]]]]}},
{"type":"Feature","properties":{"full_id":"w42442169","osm_id":"42442169","osm_type":"way","building":"yes","dispensing":null,"man_made":null,"start_date":null,"energy_class":null,"building:levels:underground":null,"building:flats":null,"outdoor_seating":null,"name:ru":null,"name:en":null,"healthcare":null,"contact:website":null,"contact:phone":null,"contact:email":null,"brand:wikidata":null,"brand":null,"operator":null,"smoking":null,"layer":null,"cuisine":null,"addr:street":null,"office":null,"government":null,"leisure":null,"roof:levels":null,"height":null,"substation":null,"shop":null,"power":null,"pipeline":null,"opening_hours":null,"amenity":null,"addr:postcode":null,"addr:country":null,"addr:city":null,"official_name":null,"name":null,"type":null,"building:levels":null,"addr:place":"микрорайон Жукова","addr:housenumber":null},"geometry":{"type":"MultiPolygon","coordinates":[[[[37.8895039,51.3129483],[37.8895753,51.3129769],[37.8895215,51.3130297],[37.8894501,51.3130011],[37.8895039,51.3129483]]]]}},
{"type":"Feature","properties":{"full_id":"w42442170","osm_id":"42442170","osm_type":"way","building":"apartments","dispensing":null,"man_made":null,"start_date":null,"energy_class":null,"building:levels:underground":null,"building:flats":null,"outdoor_seating":null,"name:ru":null,"name:en":null,"healthcare":null,"contact:website":null,"contact:phone":null,"contact:email":null,"brand:wikidata":null,"brand":null,"operator":null,"smoking":null,"layer":null,"cuisine":null,"addr:street":null,"office":null,"government":null,"leisure":null,"roof:levels":null,"height":"48","substation":null,"shop":null,"power":null,"pipeline":null,"opening_hours":null,"amenity":null,"addr:postcode":null,"addr:country":null,"addr:city":null,"official_name":null,"name":null,"type":null,"building:levels":"12","addr:place":"микрорайон Жукова","addr:housenumber":"16"},"geometry":{"type":"MultiPolygon","coordinates":[[[[37.8887721,51.3131575],[37.8887448,51.3131461],[37.8887217,51.3131677],[37.8887552,51.3131817],[37.8886731,51.3132583],[37.8885301,51.3131985],[37.8885404,51.3131889],[37.8884926,51.3131689],[37.888469,51.313191],[37.8883569,51.3131441],[37.8884592,51.3130486],[37.888477,51.313056],[37.8885062,51.3130287],[37.8884789,51.3130173],[37.8885477,51.3129531],[37.8886618,51.3130008],[37.8887164,51.3129498],[37.8887936,51.3129821],[37.8887532,51.3130198],[37.8888681,51.3130679],[37.8887721,51.3131575]]]]}},
{"type":"Feature","properties":{"full_id":"w42442172","osm_id":"42442172","osm_type":"way","building":"apartments","dispensing":null,"man_made":null,"start_date":null,"energy_class":null,"building:levels:underground":null,"building:flats":null,"outdoor_seating":null,"name:ru":null,"name:en":null,"healthcare":null,"contact:website":null,"contact:phone":null,"contact:email":null,"brand:wikidata":null,"brand":null,"operator":null,"smoking":null,"layer":null,"cuisine":null,"addr:street":null,"office":null,"government":null,"leisure":null,"roof:levels":null,"height":null,"substation":null,"shop":null,"power":null,"pipeline":null,"opening_hours":null,"amenity":null,"addr:postcode":null,"addr:country":null,"addr:city":null,"official_name":null,"name":null,"type":null,"building:levels":"9","addr:place":"микрорайон Жукова","addr:housenumber":"19"},"geometry":{"type":"MultiPolygon","coordinates":[[[[37.886295,51.3128407],[37.8879956,51.3135731],[37.8878933,51.3136659],[37.8877567,51.3136071],[37.8874777,51.3134869],[37.8872013,51.3133679],[37.8869199,51.3132467],[37.8866475,51.3131294],[37.8863697,51.3130098],[37.8861927,51.3129336],[37.886295,51.3128407]]]]}},
{"type":"Feature","properties":{"full_id":"w42442174","osm_id":"42442174","osm_type":"way","building":"garage","dispensing":null,"man_made":null,"start_date":null,"energy_class":null,"building:levels:underground":null,"building:flats":null,"outdoor_seating":null,"name:ru":null,"name:en":null,"healthcare":null,"contact:website":null,"contact:phone":null,"contact:email":null,"brand:wikidata":null,"brand":null,"operator":null,"smoking":null,"layer":null,"cuisine":null,"addr:street":null,"office":null,"government":null,"leisure":null,"roof:levels":null,"height":null,"substation":null,"shop":null,"power":null,"pipeline":null,"opening_hours":null,"amenity":null,"addr:postcode":null,"addr:country":null,"addr:city":null,"official_name":null,"name":null,"type":null,"building:levels":"1","addr:place":"микрорайон Жукова","addr:housenumber":null},"geometry":{"type":"MultiPolygon","coordinates":[[[[37.8888854,51.3132428],[37.8889794,51.3132837],[37.8892934,51.3130032],[37.8891994,51.3129623],[37.8888854,51.3132428]]]]}},
{"type":"Feature","properties":{"full_id":"w42442175","osm_id":"42442175","osm_type":"way","building":"yes","dispensing":null,"man_made":null,"start_date":null,"energy_class":null,"building:levels:underground":null,"building:flats":null,"outdoor_seating":null,"name:ru":null,"name:en":null,"healthcare":null,"contact:website":null,"contact:phone":null,"contact:email":null,"brand:wikidata":null,"brand":null,"operator":null,"smoking":null,"layer":null,"cuisine":null,"addr:street":null,"office":null,"government":null,"leisure":null,"roof:levels":null,"height":null,"substation":null,"shop":null,"power":null,"pipeline":null,"opening_hours":null,"amenity":null,"addr:postcode":null,"addr:country":null,"addr:city":null,"official_name":null,"name":null,"type":null,"building:levels":"1","addr:place":"микрорайон Жукова","addr:housenumber":"48"},"geometry":{"type":"MultiPolygon","coordinates":[[[[37.8833517,51.308916],[37.8831724,51.3088366],[37.8840724,51.3080421],[37.8841555,51.3080789],[37.8842952,51.3079557],[37.8845293,51.3080593],[37.8843466,51.3082206],[37.8842854,51.3081935],[37.8840925,51.3083637],[37.8840459,51.3083431],[37.8834029,51.3089108],[37.8835637,51.308982],[37.8834453,51.3090865],[37.8833446,51.3090419],[37.8833301,51.3090548],[37.8832398,51.3090148],[37.8833517,51.308916]]]]}},
{"type":"Feature","properties":{"full_id":"w42442176","osm_id":"42442176","osm_type":"way","building":"apartments","dispensing":null,"man_made":null,"start_date":null,"energy_class":null,"building:levels:underground":null,"building:flats":null,"outdoor_seating":null,"name:ru":null,"name:en":null,"healthcare":null,"contact:website":null,"contact:phone":null,"contact:email":null,"brand:wikidata":null,"brand":null,"operator":null,"smoking":null,"layer":null,"cuisine":null,"addr:street":null,"office":null,"government":null,"leisure":null,"roof:levels":null,"height":null,"substation":null,"shop":null,"power":null,"pipeline":null,"opening_hours":null,"amenity":null,"addr:postcode":null,"addr:country":null,"addr:city":null,"official_name":null,"name":null,"type":null,"building:levels":"9","addr:place":"микрорайон Жукова","addr:housenumber":"42"},"geometry":{"type":"MultiPolygon","coordinates":[[[[37.8817741,51.3101794],[37.8818628,51.3100984],[37.8820498,51.3099276],[37.8822355,51.309758],[37.8824246,51.3095853],[37.8826155,51.3094111],[37.8828049,51.309238],[37.8829324,51.3091216],[37.8827807,51.3090567],[37.8816225,51.3101146],[37.8817741,51.3101794]]]]}},
{"type":"Feature","properties":{"full_id":"w42442177","osm_id":"42442177","osm_type":"way","building":"yes","dispensing":null,"man_made":null,"start_date":null,"energy_class":null,"building:levels:underground":null,"building:flats":null,"outdoor_seating":null,"name:ru":null,"name:en":null,"healthcare":null,"contact:website":null,"contact:phone":null,"contact:email":null,"brand:wikidata":null,"brand":null,"operator":null,"smoking":null,"layer":null,"cuisine":null,"addr:street":null,"office":null,"government":null,"leisure":null,"roof:levels":null,"height":null,"substation":null,"shop":null,"power":null,"pipeline":null,"opening_hours":null,"amenity":"toilets","addr:postcode":null,"addr:country":null,"addr:city":null,"official_name":null,"name":null,"type":null,"building:levels":"1","addr:place":"микрорайон Жукова","addr:housenumber":null},"geometry":{"type":"MultiPolygon","coordinates":[[[[37.8909451,51.3092979],[37.8911967,51.3094103],[37.8911384,51.3094613],[37.8908868,51.3093489],[37.8909451,51.3092979]]]]}},
{"type":"Feature","properties":{"full_id":"w42442178","osm_id":"42442178","osm_type":"way","building":"yes","dispensing":null,"man_made":null,"start_date":null,"energy_class":null,"building:levels:underground":null,"building:flats":null,"outdoor_seating":null,"name:ru":null,"name:en":null,"healthcare":null,"contact:website":null,"contact:phone":null,"contact:email":null,"brand:wikidata":null,"brand":null,"operator":null,"smoking":null,"layer":null,"cuisine":null,"addr:street":null,"office":null,"government":null,"leisure":null,"roof:levels":null,"height":null,"substation":null,"shop":null,"power":"substation","pipeline":null,"opening_hours":null,"amenity":null,"addr:postcode":null,"addr:country":null,"addr:city":null,"official_name":null,"name":"ТП-205н","type":null,"building:levels":"1","addr:place":"микрорайон Жукова","addr:housenumber":null},"geometry":{"type":"MultiPolygon","coordinates":[[[[37.8923404,51.3134697],[37.89241,51.313499],[37.8924747,51.3134391],[37.8924051,51.3134098],[37.8923404,51.3134697]]]]}},
{"type":"Feature","properties":{"full_id":"w42442179","osm_id":"42442179","osm_type":"way","building":"apartments","dispensing":null,"man_made":null,"start_date":null,"energy_class":null,"building:levels:underground":null,"building:flats":null,"outdoor_seating":null,"name:ru":null,"name:en":null,"healthcare":null,"contact:website":null,"contact:phone":null,"contact:email":null,"brand:wikidata":null,"brand":null,"operator":null,"smoking":null,"layer":null,"cuisine":null,"addr:street":null,"office":null,"government":null,"leisure":null,"roof:levels":null,"height":null,"substation":null,"shop":null,"power":null,"pipeline":null,"opening_hours":null,"amenity":null,"addr:postcode":null,"addr:country":null,"addr:city":null,"official_name":null,"name":null,"type":null,"building:levels":"9","addr:place":"микрорайон Жукова","addr:housenumber":"47"},"geometry":{"type":"MultiPolygon","coordinates":[[[[37.8840203,51.309418],[37.8851922,51.3083565],[37.885027,51.3082852],[37.8849222,51.3083801],[37.8847283,51.3085558],[37.8845132,51.3087506],[37.8843319,51.3089149],[37.8841062,51.3091193],[37.8839166,51.309291],[37.8838551,51.3093467],[37.8840203,51.309418]]]]}},
{"type":"Feature","properties":{"full_id":"w42442180","osm_id":"42442180","osm_type":"way","building":"apartments","dispensing":null,"man_made":null,"start_date":null,"energy_class":null,"building:levels:underground":null,"building:flats":null,"outdoor_seating":null,"name:ru":null,"name:en":null,"healthcare":null,"contact:website":null,"contact:phone":null,"contact:email":null,"brand:wikidata":null,"brand":null,"operator":null,"smoking":null,"layer":null,"cuisine":null,"addr:street":null,"office":null,"government":null,"leisure":null,"roof:levels":null,"height":null,"substation":null,"shop":null,"power":null,"pipeline":null,"opening_hours":null,"amenity":null,"addr:postcode":null,"addr:country":null,"addr:city":null,"official_name":null,"name":null,"type":null,"building:levels":"9","addr:place":"микрорайон Жукова","addr:housenumber":"51"},"geometry":{"type":"MultiPolygon","coordinates":[[[[37.8867391,51.3074539],[37.8867967,51.3074788],[37.8869769,51.3075568],[37.8870782,51.3076006],[37.8872437,51.3076721],[37.8873034,51.3076979],[37.8873527,51.3076533],[37.887908,51.3078934],[37.8878563,51.3079402],[37.8878957,51.3079572],[37.8881009,51.3080459],[37.8881773,51.308079],[37.8883743,51.3081641],[37.8884068,51.3081782],[37.8883471,51.3082322],[37.8883064,51.308269],[37.8882727,51.3082545],[37.888205,51.3082252],[37.8880772,51.30817],[37.8880008,51.3081369],[37.8879242,51.3081038],[37.8877942,51.3080476],[37.8877559,51.308031],[37.8878056,51.3079861],[37.8876773,51.3079307],[37.8873952,51.3078088],[37.8872481,51.3077452],[37.8871986,51.3077899],[37.8871449,51.3077667],[37.8870739,51.307736],[37.8869743,51.3076929],[37.8868757,51.3076503],[37.8868094,51.3076216],[37.8866979,51.3075734],[37.8866364,51.3075468],[37.8866887,51.3074995],[37.8867391,51.3074539]]]]}},
{"type":"Feature","properties":{"full_id":"w42442181","osm_id":"42442181","osm_type":"way","building":"apartments","dispensing":null,"man_made":null,"start_date":null,"energy_class":null,"building:levels:underground":null,"building:flats":null,"outdoor_seating":null,"name:ru":null,"name:en":null,"healthcare":null,"contact:website":null,"contact:phone":null,"contact:email":null,"brand:wikidata":null,"brand":null,"operator":null,"smoking":null,"layer":null,"cuisine":null,"addr:street":null,"office":null,"government":null,"leisure":null,"roof:levels":null,"height":"48","substation":null,"shop":null,"power":null,"pipeline":null,"opening_hours":null,"amenity":null,"addr:postcode":null,"addr:country":null,"addr:city":null,"official_name":null,"name":null,"type":null,"building:levels":"12","addr:place":"микрорайон Жукова","addr:housenumber":"53А"},"geometry":{"type":"MultiPolygon","coordinates":[[[[37.886613,51.3084875],[37.8868278,51.3085794],[37.8870403,51.3086703],[37.8868973,51.3088009],[37.8866834,51.3087093],[37.88647,51.308618],[37.886613,51.3084875]]]]}},
{"type":"Feature","properties":{"full_id":"w42442184","osm_id":"42442184","osm_type":"way","building":"yes","dispensing":null,"man_made":null,"start_date":null,"energy_class":null,"building:levels:underground":null,"building:flats":null,"outdoor_seating":null,"name:ru":null,"name:en":null,"healthcare":null,"contact:website":null,"contact:phone":null,"contact:email":null,"brand:wikidata":null,"brand":null,"operator":null,"smoking":null,"layer":null,"cuisine":null,"addr:street":null,"office":null,"government":null,"leisure":null,"roof:levels":null,"height":null,"substation":null,"shop":null,"power":"substation","pipeline":null,"opening_hours":null,"amenity":null,"addr:postcode":null,"addr:country":null,"addr:city":null,"official_name":null,"name":"ТП-213н","type":null,"building:levels":"1","addr:place":"микрорайон Жукова","addr:housenumber":null},"geometry":{"type":"MultiPolygon","coordinates":[[[[37.8868732,51.3090719],[37.8869507,51.3091042],[37.8868744,51.3091757],[37.8867969,51.3091434],[37.8868732,51.3090719]]]]}},
{"type":"Feature","properties":{"full_id":"w42442185","osm_id":"42442185","osm_type":"way","building":"apartments","dispensing":null,"man_made":null,"start_date":null,"energy_class":null,"building:levels:underground":null,"building:flats":null,"outdoor_seating":null,"name:ru":null,"name:en":null,"healthcare":null,"contact:website":null,"contact:phone":null,"contact:email":null,"brand:wikidata":null,"brand":null,"operator":null,"smoking":null,"layer":null,"cuisine":null,"addr:street":null,"office":null,"government":null,"leisure":null,"roof:levels":null,"height":null,"substation":null,"shop":null,"power":null,"pipeline":null,"opening_hours":null,"amenity":null,"addr:postcode":null,"addr:country":null,"addr:city":null,"official_name":null,"name":null,"type":null,"building:levels":"9","addr:place":"микрорайон Жукова","addr:housenumber":"41"},"geometry":{"type":"MultiPolygon","coordinates":[[[[37.8841384,51.3101163],[37.883539,51.3106566],[37.8833868,51.3105906],[37.8834688,51.3105167],[37.8836842,51.3103226],[37.8838882,51.3101388],[37.8839862,51.3100504],[37.8841384,51.3101163]]]]}},
{"type":"Feature","properties":{"full_id":"w42442186","osm_id":"42442186","osm_type":"way","building":"yes","dispensing":null,"man_made":null,"start_date":null,"energy_class":null,"building:levels:underground":null,"building:flats":null,"outdoor_seating":null,"name:ru":null,"name:en":null,"healthcare":null,"contact:website":null,"contact:phone":null,"contact:email":null,"brand:wikidata":null,"brand":null,"operator":null,"smoking":null,"layer":null,"cuisine":null,"addr:street":null,"office":null,"government":null,"leisure":null,"roof:levels":null,"height":null,"substation":null,"shop":null,"power":"substation","pipeline":null,"opening_hours":null,"amenity":null,"addr:postcode":null,"addr:country":null,"addr:city":null,"official_name":null,"name":"ТП-211н","type":null,"building:levels":"1","addr:place":"микрорайон Жукова","addr:housenumber":null},"geometry":{"type":"MultiPolygon","coordinates":[[[[37.8878011,51.3083634],[37.8878803,51.3082931],[37.8878109,51.3082626],[37.8877317,51.3083329],[37.8878011,51.3083634]]]]}},
{"type":"Feature","properties":{"full_id":"w42442187","osm_id":"42442187","osm_type":"way","building":"apartments","dispensing":null,"man_made":null,"start_date":null,"energy_class":null,"building:levels:underground":null,"building:flats":null,"outdoor_seating":null,"name:ru":null,"name:en":null,"healthcare":null,"contact:website":null,"contact:phone":null,"contact:email":null,"brand:wikidata":null,"brand":null,"operator":null,"smoking":null,"layer":null,"cuisine":null,"addr:street":null,"office":null,"government":null,"leisure":null,"roof:levels":null,"height":null,"substation":null,"shop":null,"power":null,"pipeline":null,"opening_hours":null,"amenity":null,"addr:postcode":null,"addr:country":null,"addr:city":null,"official_name":null,"name":null,"type":null,"building:levels":"9","addr:place":"микрорайон Жукова","addr:housenumber":"29А"},"geometry":{"type":"MultiPolygon","coordinates":[[[[37.8911325,51.3147394],[37.8911167,51.3147537],[37.8909985,51.3147015],[37.8907777,51.314604],[37.8907535,51.3146255],[37.8906161,51.3147475],[37.8905265,51.3148271],[37.8904107,51.3147777],[37.8903694,51.314762],[37.8907266,51.3144461],[37.8912187,51.3146635],[37.8911799,51.3146983],[37.8911325,51.3147394]]]]}},
{"type":"Feature","properties":{"full_id":"w42442188","osm_id":"42442188","osm_type":"way","building":"yes","dispensing":null,"man_made":null,"start_date":null,"energy_class":null,"building:levels:underground":null,"building:flats":null,"outdoor_seating":null,"name:ru":null,"name:en":null,"healthcare":null,"contact:website":null,"contact:phone":null,"contact:email":null,"brand:wikidata":null,"brand":null,"operator":null,"smoking":null,"layer":null,"cuisine":null,"addr:street":null,"office":null,"government":null,"leisure":null,"roof:levels":null,"height":null,"substation":null,"shop":null,"power":null,"pipeline":null,"opening_hours":null,"amenity":null,"addr:postcode":null,"addr:country":null,"addr:city":null,"official_name":null,"name":"ЦТП 2-5","type":null,"building:levels":"1","addr:place":"микрорайон Жукова","addr:housenumber":null},"geometry":{"type":"MultiPolygon","coordinates":[[[[37.8866051,51.3084343],[37.8867549,51.3082963],[37.886604,51.3082324],[37.8864542,51.3083704],[37.8866051,51.3084343]]]]}},
{"type":"Feature","properties":{"full_id":"w42442189","osm_id":"42442189","osm_type":"way","building":"yes","dispensing":null,"man_made":null,"start_date":null,"energy_class":null,"building:levels:underground":null,"building:flats":null,"outdoor_seating":null,"name:ru":null,"name:en":null,"healthcare":null,"contact:website":null,"contact:phone":null,"contact:email":null,"brand:wikidata":null,"brand":null,"operator":null,"smoking":null,"layer":null,"cuisine":null,"addr:street":null,"office":null,"government":null,"leisure":null,"roof:levels":null,"height":null,"substation":null,"shop":null,"power":null,"pipeline":null,"opening_hours":null,"amenity":null,"addr:postcode":null,"addr:country":null,"addr:city":null,"official_name":null,"name":null,"type":null,"building:levels":"2","addr:place":"микрорайон Жукова","addr:housenumber":"47А"},"geometry":{"type":"MultiPolygon","coordinates":[[[[37.8836922,51.3092377],[37.8838251,51.3091161],[37.8836627,51.3090466],[37.8835298,51.3091682],[37.8836922,51.3092377]]]]}},
{"type":"Feature","properties":{"full_id":"w42442190","osm_id":"42442190","osm_type":"way","building":"apartments","dispensing":null,"man_made":null,"start_date":null,"energy_class":null,"building:levels:underground":null,"building:flats":null,"outdoor_seating":null,"name:ru":null,"name:en":null,"healthcare":null,"contact:website":null,"contact:phone":null,"contact:email":null,"brand:wikidata":null,"brand":null,"operator":null,"smoking":null,"layer":null,"cuisine":null,"addr:street":null,"office":null,"government":null,"leisure":null,"roof:levels":null,"height":null,"substation":null,"shop":null,"power":null,"pipeline":null,"opening_hours":null,"amenity":null,"addr:postcode":null,"addr:country":null,"addr:city":null,"official_name":null,"name":null,"type":null,"building:levels":"9","addr:place":"микрорайон Жукова","addr:housenumber":"45"},"geometry":{"type":"MultiPolygon","coordinates":[[[[37.8820658,51.311175],[37.8820395,51.3111984],[37.882019,51.3111895],[37.8819574,51.3112443],[37.8818013,51.3113833],[37.8816339,51.3113098],[37.8817784,51.3111811],[37.8818031,51.3111919],[37.8818456,51.3111541],[37.8816789,51.311081],[37.8817081,51.3110549],[37.8817302,51.3110646],[37.8819582,51.3108615],[37.8821295,51.3109366],[37.8819841,51.3110661],[37.8819596,51.3110554],[37.8819046,51.3111043],[37.8820658,51.311175]]]]}},
{"type":"Feature","properties":{"full_id":"w42442191","osm_id":"42442191","osm_type":"way","building":"retail","dispensing":null,"man_made":null,"start_date":null,"energy_class":null,"building:levels:underground":null,"building:flats":null,"outdoor_seating":null,"name:ru":null,"name:en":null,"healthcare":null,"contact:website":null,"contact:phone":null,"contact:email":null,"brand:wikidata":null,"brand":null,"operator":null,"smoking":null,"layer":null,"cuisine":null,"addr:street":null,"office":null,"government":null,"leisure":null,"roof:levels":null,"height":null,"substation":null,"shop":null,"power":null,"pipeline":null,"opening_hours":null,"amenity":null,"addr:postcode":null,"addr:country":null,"addr:city":null,"official_name":null,"name":null,"type":null,"building:levels":"1","addr:place":"микрорайон Жукова","addr:housenumber":null},"geometry":{"type":"MultiPolygon","coordinates":[[[[37.8814988,51.3106562],[37.8816476,51.3107219],[37.8816215,51.3107437],[37.8817496,51.3108],[37.881881,51.3106806],[37.8817384,51.3106213],[37.8817835,51.3105805],[37.8817619,51.3105374],[37.8816681,51.3105236],[37.8815867,51.3106009],[37.8815686,51.31062],[37.8815487,51.3106128],[37.8814988,51.3106562]]]]}},
{"type":"Feature","properties":{"full_id":"w42442192","osm_id":"42442192","osm_type":"way","building":"apartments","dispensing":null,"man_made":null,"start_date":null,"energy_class":null,"building:levels:underground":null,"building:flats":null,"outdoor_seating":null,"name:ru":null,"name:en":null,"healthcare":null,"contact:website":null,"contact:phone":null,"contact:email":null,"brand:wikidata":null,"brand":null,"operator":null,"smoking":null,"layer":null,"cuisine":null,"addr:street":null,"office":null,"government":null,"leisure":null,"roof:levels":null,"height":null,"substation":null,"shop":null,"power":null,"pipeline":null,"opening_hours":null,"amenity":null,"addr:postcode":null,"addr:country":null,"addr:city":null,"official_name":null,"name":null,"type":null,"building:levels":"9","addr:place":"микрорайон Жукова","addr:housenumber":"20"},"geometry":{"type":"MultiPolygon","coordinates":[[[[37.884552,51.3123982],[37.884402,51.3123334],[37.8853739,51.3114555],[37.8866491,51.3120071],[37.8862992,51.3123231],[37.886146,51.3122569],[37.8862426,51.3121696],[37.8863917,51.3120349],[37.886368,51.3120247],[37.8861937,51.3119493],[37.8859247,51.3118329],[37.8856457,51.3117123],[37.8854197,51.3116145],[37.8854032,51.3116294],[37.8852438,51.3117734],[37.8850594,51.31194],[37.884871,51.3121101],[37.8846843,51.3122787],[37.884552,51.3123982]]]]}},
{"type":"Feature","properties":{"full_id":"w42442193","osm_id":"42442193","osm_type":"way","building":"apartments","dispensing":null,"man_made":null,"start_date":null,"energy_class":null,"building:levels:underground":null,"building:flats":null,"outdoor_seating":null,"name:ru":null,"name:en":null,"healthcare":null,"contact:website":null,"contact:phone":null,"contact:email":null,"brand:wikidata":null,"brand":null,"operator":null,"smoking":null,"layer":null,"cuisine":null,"addr:street":null,"office":null,"government":null,"leisure":null,"roof:levels":null,"height":null,"substation":null,"shop":null,"power":null,"pipeline":null,"opening_hours":null,"amenity":null,"addr:postcode":null,"addr:country":null,"addr:city":null,"official_name":null,"name":null,"type":null,"building:levels":"9","addr:place":"микрорайон Жукова","addr:housenumber":"52"},"geometry":{"type":"MultiPolygon","coordinates":[[[[37.8883471,51.3082322],[37.8884068,51.3081782],[37.8884604,51.3081364],[37.8892315,51.3084902],[37.8881543,51.3094538],[37.8873838,51.3091132],[37.887487,51.3090182],[37.8876519,51.309092],[37.8879377,51.30922],[37.8881105,51.3092974],[37.8881258,51.3092834],[37.8882408,51.3091779],[37.8884213,51.3090124],[37.8886392,51.3088126],[37.8888208,51.3086461],[37.8889703,51.308509],[37.8889488,51.3084994],[37.8887819,51.3084253],[37.8885008,51.3083005],[37.8883471,51.3082322]]]]}},
{"type":"Feature","properties":{"full_id":"w42442194","osm_id":"42442194","osm_type":"way","building":"yes","dispensing":null,"man_made":null,"start_date":null,"energy_class":null,"building:levels:underground":null,"building:flats":null,"outdoor_seating":null,"name:ru":null,"name:en":null,"healthcare":null,"contact:website":null,"contact:phone":null,"contact:email":null,"brand:wikidata":null,"brand":null,"operator":null,"smoking":null,"layer":null,"cuisine":null,"addr:street":null,"office":null,"government":null,"leisure":null,"roof:levels":null,"height":null,"substation":null,"shop":null,"power":null,"pipeline":null,"opening_hours":null,"amenity":null,"addr:postcode":null,"addr:country":null,"addr:city":null,"official_name":null,"name":null,"type":null,"building:levels":"1","addr:place":"микрорайон Жукова","addr:housenumber":null},"geometry":{"type":"MultiPolygon","coordinates":[[[[37.8824306,51.3113354],[37.882385,51.3113766],[37.8820182,51.3112178],[37.8820395,51.3111984],[37.8820658,51.311175],[37.8821238,51.3111225],[37.8824907,51.3112814],[37.8824572,51.3113116],[37.8824303,51.3113],[37.8824039,51.3113238],[37.8824306,51.3113354]]]]}},
{"type":"Feature","properties":{"full_id":"w42442195","osm_id":"42442195","osm_type":"way","building":"apartments","dispensing":null,"man_made":null,"start_date":null,"energy_class":null,"building:levels:underground":null,"building:flats":null,"outdoor_seating":null,"name:ru":null,"name:en":null,"healthcare":null,"contact:website":null,"contact:phone":null,"contact:email":null,"brand:wikidata":null,"brand":null,"operator":null,"smoking":null,"layer":null,"cuisine":null,"addr:street":null,"office":null,"government":null,"leisure":null,"roof:levels":null,"height":null,"substation":null,"shop":null,"power":null,"pipeline":null,"opening_hours":null,"amenity":null,"addr:postcode":null,"addr:country":null,"addr:city":null,"official_name":null,"name":null,"type":null,"building:levels":"5","addr:place":"микрорайон Жукова","addr:housenumber":"1"},"geometry":{"type":"MultiPolygon","coordinates":[[[[37.8903392,51.3095201],[37.8914161,51.3100022],[37.8913183,51.3100875],[37.8912071,51.3100377],[37.8910416,51.3099636],[37.8908733,51.3098883],[37.8907083,51.3098144],[37.8905364,51.3097374],[37.8903772,51.3096662],[37.8902415,51.3096054],[37.8903392,51.3095201]]]]}},
{"type":"Feature","properties":{"full_id":"w42442196","osm_id":"42442196","osm_type":"way","building":"apartments","dispensing":null,"man_made":null,"start_date":null,"energy_class":null,"building:levels:underground":null,"building:flats":null,"outdoor_seating":null,"name:ru":null,"name:en":null,"healthcare":null,"contact:website":null,"contact:phone":null,"contact:email":null,"brand:wikidata":null,"brand":null,"operator":null,"smoking":null,"layer":null,"cuisine":null,"addr:street":null,"office":null,"government":null,"leisure":null,"roof:levels":null,"height":null,"substation":null,"shop":null,"power":null,"pipeline":null,"opening_hours":null,"amenity":null,"addr:postcode":null,"addr:country":null,"addr:city":null,"official_name":null,"name":null,"type":null,"building:levels":"9","addr:place":"микрорайон Жукова","addr:housenumber":"30"},"geometry":{"type":"MultiPolygon","coordinates":[[[[37.8956045,51.3104474],[37.8956691,51.3104746],[37.8958549,51.3105529],[37.895521,51.3108628],[37.8953687,51.3107987],[37.8954498,51.3107234],[37.8956119,51.3105729],[37.8955913,51.3105642],[37.8955138,51.3105316],[37.8956045,51.3104474]]]]}},
{"type":"Feature","properties":{"full_id":"w42442197","osm_id":"42442197","osm_type":"way","building":"apartments","dispensing":null,"man_made":null,"start_date":null,"energy_class":null,"building:levels:underground":null,"building:flats":null,"outdoor_seating":null,"name:ru":null,"name:en":null,"healthcare":null,"contact:website":null,"contact:phone":null,"contact:email":null,"brand:wikidata":null,"brand":null,"operator":null,"smoking":null,"layer":null,"cuisine":null,"addr:street":null,"office":null,"government":null,"leisure":null,"roof:levels":null,"height":null,"substation":null,"shop":null,"power":null,"pipeline":null,"opening_hours":null,"amenity":null,"addr:postcode":null,"addr:country":null,"addr:city":null,"official_name":null,"name":null,"type":null,"building:levels":"9","addr:place":"микрорайон Жукова","addr:housenumber":"43"},"geometry":{"type":"MultiPolygon","coordinates":[[[[37.882278,51.3104401],[37.8839564,51.3111873],[37.8838542,51.3112812],[37.8837507,51.3112353],[37.8834651,51.3111088],[37.8831588,51.310973],[37.8828885,51.3108532],[37.8825853,51.3107188],[37.8822875,51.3105868],[37.8821758,51.3105373],[37.882278,51.3104401]]]]}},
{"type":"Feature","properties":{"full_id":"w42442198","osm_id":"42442198","osm_type":"way","building":"yes","dispensing":null,"man_made":null,"start_date":null,"energy_class":null,"building:levels:underground":null,"building:flats":null,"outdoor_seating":null,"name:ru":null,"name:en":null,"healthcare":null,"contact:website":null,"contact:phone":null,"contact:email":null,"brand:wikidata":null,"brand":null,"operator":null,"smoking":null,"layer":null,"cuisine":null,"addr:street":null,"office":null,"government":null,"leisure":null,"roof:levels":null,"height":null,"substation":null,"shop":"kiosk","power":null,"pipeline":null,"opening_hours":null,"amenity":null,"addr:postcode":null,"addr:country":null,"addr:city":null,"official_name":null,"name":null,"type":null,"building:levels":null,"addr:place":"микрорайон Жукова","addr:housenumber":null},"geometry":{"type":"MultiPolygon","coordinates":[[[[37.8832117,51.3120131],[37.8832659,51.3120372],[37.8832334,51.3120659],[37.8831792,51.3120418],[37.8832117,51.3120131]]]]}},
{"type":"Feature","properties":{"full_id":"w42442199","osm_id":"42442199","osm_type":"way","building":"yes","dispensing":null,"man_made":null,"start_date":null,"energy_class":null,"building:levels:underground":null,"building:flats":null,"outdoor_seating":null,"name:ru":null,"name:en":null,"healthcare":null,"contact:website":null,"contact:phone":null,"contact:email":null,"brand:wikidata":null,"brand":null,"operator":null,"smoking":null,"layer":null,"cuisine":null,"addr:street":null,"office":null,"government":null,"leisure":null,"roof:levels":null,"height":null,"substation":null,"shop":null,"power":null,"pipeline":null,"opening_hours":null,"amenity":null,"addr:postcode":null,"addr:country":null,"addr:city":null,"official_name":null,"name":null,"type":null,"building:levels":"1","addr:place":"микрорайон Жукова","addr:housenumber":"39"},"geometry":{"type":"MultiPolygon","coordinates":[[[[37.885234,51.3104464],[37.8852097,51.3104358],[37.8852987,51.3103537],[37.885494,51.3104375],[37.8852421,51.310667],[37.8852688,51.3106784],[37.8850203,51.3109048],[37.8849919,51.3108926],[37.8847997,51.3110677],[37.8848198,51.3110763],[37.8845654,51.3113081],[37.8841832,51.3111446],[37.8842768,51.3110601],[37.8843097,51.3110759],[37.8844608,51.3111416],[37.885234,51.3104464]]]]}},
{"type":"Feature","properties":{"full_id":"w42442200","osm_id":"42442200","osm_type":"way","building":"apartments","dispensing":null,"man_made":null,"start_date":null,"energy_class":null,"building:levels:underground":null,"building:flats":null,"outdoor_seating":null,"name:ru":null,"name:en":null,"healthcare":null,"contact:website":null,"contact:phone":null,"contact:email":null,"brand:wikidata":null,"brand":null,"operator":null,"smoking":null,"layer":null,"cuisine":null,"addr:street":null,"office":null,"government":null,"leisure":null,"roof:levels":null,"height":null,"substation":null,"shop":null,"power":null,"pipeline":null,"opening_hours":null,"amenity":null,"addr:postcode":null,"addr:country":null,"addr:city":null,"official_name":null,"name":null,"type":null,"building:levels":"5","addr:place":"микрорайон Жукова","addr:housenumber":"2"},"geometry":{"type":"MultiPolygon","coordinates":[[[[37.8891585,51.310347],[37.8892515,51.3102635],[37.8893658,51.3101608],[37.8894814,51.310057],[37.8896025,51.3099482],[37.8897126,51.3098493],[37.8898316,51.3097424],[37.8899531,51.3096333],[37.8900658,51.309532],[37.8901497,51.3094567],[37.8900048,51.3093937],[37.8890136,51.3102839],[37.8891585,51.310347]]]]}},
{"type":"Feature","properties":{"full_id":"w42442201","osm_id":"42442201","osm_type":"way","building":"yes","dispensing":null,"man_made":null,"start_date":null,"energy_class":null,"building:levels:underground":null,"building:flats":null,"outdoor_seating":null,"name:ru":null,"name:en":null,"healthcare":null,"contact:website":null,"contact:phone":null,"contact:email":null,"brand:wikidata":null,"brand":null,"operator":null,"smoking":null,"layer":null,"cuisine":null,"addr:street":null,"office":null,"government":null,"leisure":null,"roof:levels":null,"height":null,"substation":null,"shop":null,"power":null,"pipeline":null,"opening_hours":null,"amenity":null,"addr:postcode":null,"addr:country":null,"addr:city":null,"official_name":null,"name":null,"type":null,"building:levels":"2","addr:place":"микрорайон Жукова","addr:housenumber":"38"},"geometry":{"type":"MultiPolygon","coordinates":[[[[37.8908026,51.3091587],[37.8908238,51.3091357],[37.890703,51.3090816],[37.890687,51.3090409],[37.8907379,51.3090585],[37.89097,51.3088489],[37.8909121,51.3088227],[37.8911058,51.3088042],[37.8910508,51.3088449],[37.8915954,51.3090785],[37.8913806,51.3092563],[37.8912829,51.3092114],[37.8911805,51.3092958],[37.8909311,51.3091784],[37.8908138,51.3092779],[37.8907685,51.3091454],[37.8908026,51.3091587]]]]}},
{"type":"Feature","properties":{"full_id":"w42442203","osm_id":"42442203","osm_type":"way","building":"yes","dispensing":null,"man_made":null,"start_date":null,"energy_class":null,"building:levels:underground":null,"building:flats":null,"outdoor_seating":null,"name:ru":null,"name:en":null,"healthcare":null,"contact:website":null,"contact:phone":null,"contact:email":null,"brand:wikidata":null,"brand":null,"operator":null,"smoking":null,"layer":null,"cuisine":null,"addr:street":null,"office":null,"government":null,"leisure":null,"roof:levels":null,"height":null,"substation":null,"shop":null,"power":"substation","pipeline":null,"opening_hours":null,"amenity":null,"addr:postcode":null,"addr:country":null,"addr:city":null,"official_name":null,"name":"ТП-203н","type":null,"building:levels":"1","addr:place":"микрорайон Жукова","addr:housenumber":null},"geometry":{"type":"MultiPolygon","coordinates":[[[[37.8857755,51.3121968],[37.8858949,51.3122515],[37.8858345,51.312303],[37.8857152,51.3122483],[37.8857755,51.3121968]]]]}},
{"type":"Feature","properties":{"full_id":"w42442204","osm_id":"42442204","osm_type":"way","building":"yes","dispensing":null,"man_made":null,"start_date":null,"energy_class":null,"building:levels:underground":null,"building:flats":null,"outdoor_seating":null,"name:ru":null,"name:en":null,"healthcare":null,"contact:website":null,"contact:phone":null,"contact:email":null,"brand:wikidata":null,"brand":null,"operator":null,"smoking":null,"layer":null,"cuisine":null,"addr:street":null,"office":null,"government":null,"leisure":null,"roof:levels":null,"height":null,"substation":"minor_distribution","shop":null,"power":"substation","pipeline":null,"opening_hours":null,"amenity":null,"addr:postcode":null,"addr:country":null,"addr:city":null,"official_name":null,"name":"ЦТП 2-4","type":null,"building:levels":"1","addr:place":"микрорайон Жукова","addr:housenumber":null},"geometry":{"type":"MultiPolygon","coordinates":[[[[37.8838422,51.3114769],[37.8839933,51.3115472],[37.8838917,51.3116325],[37.8837407,51.3115622],[37.8838422,51.3114769]]]]}},
{"type":"Feature","properties":{"full_id":"w42442205","osm_id":"42442205","osm_type":"way","building":"yes","dispensing":null,"man_made":null,"start_date":null,"energy_class":null,"building:levels:underground":null,"building:flats":null,"outdoor_seating":null,"name:ru":null,"name:en":null,"healthcare":null,"contact:website":null,"contact:phone":null,"contact:email":null,"brand:wikidata":null,"brand":null,"operator":null,"smoking":null,"layer":null,"cuisine":null,"addr:street":null,"office":null,"government":null,"leisure":null,"roof:levels":null,"height":null,"substation":null,"shop":null,"power":null,"pipeline":null,"opening_hours":null,"amenity":null,"addr:postcode":null,"addr:country":null,"addr:city":null,"official_name":null,"name":null,"type":null,"building:levels":"1","addr:place":"микрорайон Жукова","addr:housenumber":null},"geometry":{"type":"MultiPolygon","coordinates":[[[[37.8891741,51.3127829],[37.8893812,51.312876],[37.8892733,51.3129697],[37.8890662,51.3128766],[37.8891741,51.3127829]]]]}},
{"type":"Feature","properties":{"full_id":"w42442206","osm_id":"42442206","osm_type":"way","building":"yes","dispensing":null,"man_made":null,"start_date":null,"energy_class":null,"building:levels:underground":null,"building:flats":null,"outdoor_seating":null,"name:ru":null,"name:en":null,"healthcare":null,"contact:website":null,"contact:phone":null,"contact:email":null,"brand:wikidata":null,"brand":null,"operator":null,"smoking":null,"layer":null,"cuisine":null,"addr:street":null,"office":null,"government":null,"leisure":null,"roof:levels":null,"height":null,"substation":null,"shop":null,"power":null,"pipeline":null,"opening_hours":null,"amenity":null,"addr:postcode":null,"addr:country":null,"addr:city":null,"official_name":null,"name":null,"type":null,"building:levels":"2","addr:place":"микрорайон Жукова","addr:housenumber":"58"},"geometry":{"type":"MultiPolygon","coordinates":[[[[37.8837327,51.3117256],[37.8834113,51.3120146],[37.883116,51.3118767],[37.8834421,51.3115942],[37.8837327,51.3117256]]]]}},
{"type":"Feature","properties":{"full_id":"w42442208","osm_id":"42442208","osm_type":"way","building":"yes","dispensing":null,"man_made":null,"start_date":null,"energy_class":null,"building:levels:underground":null,"building:flats":null,"outdoor_seating":null,"name:ru":null,"name:en":null,"healthcare":null,"contact:website":null,"contact:phone":null,"contact:email":null,"brand:wikidata":null,"brand":null,"operator":null,"smoking":null,"layer":null,"cuisine":null,"addr:street":null,"office":null,"government":null,"leisure":null,"roof:levels":null,"height":null,"substation":null,"shop":null,"power":null,"pipeline":null,"opening_hours":null,"amenity":null,"addr:postcode":null,"addr:country":null,"addr:city":null,"official_name":null,"name":null,"type":null,"building:levels":null,"addr:place":"микрорайон Жукова","addr:housenumber":null},"geometry":{"type":"MultiPolygon","coordinates":[[[[37.8870352,51.312687],[37.8871625,51.3127332],[37.8871175,51.3127816],[37.8869902,51.3127353],[37.8870352,51.312687]]]]}},
{"type":"Feature","properties":{"full_id":"w42442209","osm_id":"42442209","osm_type":"way","building":"yes","dispensing":null,"man_made":null,"start_date":null,"energy_class":null,"building:levels:underground":null,"building:flats":null,"outdoor_seating":null,"name:ru":null,"name:en":null,"healthcare":null,"contact:website":null,"contact:phone":null,"contact:email":null,"brand:wikidata":null,"brand":null,"operator":null,"smoking":null,"layer":null,"cuisine":null,"addr:street":null,"office":null,"government":null,"leisure":null,"roof:levels":null,"height":null,"substation":null,"shop":"kiosk","power":null,"pipeline":null,"opening_hours":null,"amenity":null,"addr:postcode":null,"addr:country":null,"addr:city":null,"official_name":null,"name":null,"type":null,"building:levels":null,"addr:place":"микрорайон Жукова","addr:housenumber":null},"geometry":{"type":"MultiPolygon","coordinates":[[[[37.8833345,51.3120739],[37.8833789,51.3120948],[37.883345,51.3121229],[37.8833006,51.312102],[37.8833345,51.3120739]]]]}},
{"type":"Feature","properties":{"full_id":"w42442210","osm_id":"42442210","osm_type":"way","building":"apartments","dispensing":null,"man_made":null,"start_date":null,"energy_class":null,"building:levels:underground":null,"building:flats":null,"outdoor_seating":null,"name:ru":null,"name:en":null,"healthcare":null,"contact:website":null,"contact:phone":null,"contact:email":null,"brand:wikidata":null,"brand":null,"operator":null,"smoking":null,"layer":null,"cuisine":null,"addr:street":null,"office":null,"government":null,"leisure":null,"roof:levels":null,"height":"48","substation":null,"shop":null,"power":null,"pipeline":null,"opening_hours":null,"amenity":null,"addr:postcode":null,"addr:country":null,"addr:city":null,"official_name":null,"name":null,"type":null,"building:levels":"12","addr:place":"микрорайон Жукова","addr:housenumber":"17"},"geometry":{"type":"MultiPolygon","coordinates":[[[[37.8856244,51.3109758],[37.8855254,51.3110639],[37.8856405,51.3111144],[37.8856634,51.3110939],[37.885702,51.3111108],[37.8856852,51.3111258],[37.8858166,51.3111834],[37.8859056,51.3111042],[37.8858728,51.3110897],[37.8858979,51.3110674],[37.885909,51.3110723],[37.8860068,51.3109851],[37.8858924,51.310935],[37.8858725,51.3109527],[37.8858379,51.3109376],[37.8858473,51.3109292],[37.8857103,51.3108691],[37.8856313,51.3109395],[37.885668,51.3109556],[37.8856385,51.3109819],[37.8856244,51.3109758]]]]}},
{"type":"Feature","properties":{"full_id":"w42442211","osm_id":"42442211","osm_type":"way","building":"apartments","dispensing":null,"man_made":null,"start_date":null,"energy_class":null,"building:levels:underground":null,"building:flats":null,"outdoor_seating":null,"name:ru":null,"name:en":null,"healthcare":null,"contact:website":null,"contact:phone":null,"contact:email":null,"brand:wikidata":null,"brand":null,"operator":null,"smoking":null,"layer":null,"cuisine":null,"addr:street":null,"office":null,"government":null,"leisure":null,"roof:levels":null,"height":"48","substation":null,"shop":null,"power":null,"pipeline":null,"opening_hours":null,"amenity":null,"addr:postcode":null,"addr:country":null,"addr:city":null,"official_name":null,"name":null,"type":null,"building:levels":"12","addr:place":"микрорайон Жукова","addr:housenumber":"53"},"geometry":{"type":"MultiPolygon","coordinates":[[[[37.8872176,51.3085923],[37.8874326,51.3086863],[37.8876385,51.3087763],[37.8874929,51.3089064],[37.8872844,51.3088152],[37.887072,51.3087224],[37.8872176,51.3085923]]]]}},
{"type":"Feature","properties":{"full_id":"w42442212","osm_id":"42442212","osm_type":"way","building":"yes","dispensing":null,"man_made":null,"start_date":null,"energy_class":null,"building:levels:underground":null,"building:flats":null,"outdoor_seating":null,"name:ru":null,"name:en":null,"healthcare":null,"contact:website":null,"contact:phone":null,"contact:email":null,"brand:wikidata":null,"brand":null,"operator":null,"smoking":null,"layer":null,"cuisine":null,"addr:street":null,"office":null,"government":null,"leisure":null,"roof:levels":null,"height":null,"substation":null,"shop":null,"power":null,"pipeline":null,"opening_hours":null,"amenity":null,"addr:postcode":null,"addr:country":null,"addr:city":null,"official_name":null,"name":null,"type":null,"building:levels":null,"addr:place":"микрорайон Жукова","addr:housenumber":null},"geometry":{"type":"MultiPolygon","coordinates":[[[[37.8870455,51.3102962],[37.8871051,51.3103216],[37.8870815,51.3103431],[37.8870219,51.3103177],[37.8870455,51.3102962]]]]}},
{"type":"Feature","properties":{"full_id":"w42442213","osm_id":"42442213","osm_type":"way","building":"apartments","dispensing":null,"man_made":null,"start_date":null,"energy_class":null,"building:levels:underground":null,"building:flats":null,"outdoor_seating":null,"name:ru":null,"name:en":null,"healthcare":null,"contact:website":null,"contact:phone":null,"contact:email":null,"brand:wikidata":null,"brand":null,"operator":null,"smoking":null,"layer":null,"cuisine":null,"addr:street":null,"office":null,"government":null,"leisure":null,"roof:levels":null,"height":null,"substation":null,"shop":null,"power":null,"pipeline":null,"opening_hours":null,"amenity":null,"addr:postcode":null,"addr:country":null,"addr:city":null,"official_name":null,"name":null,"type":null,"building:levels":"9","addr:place":"микрорайон Жукова","addr:housenumber":"50"},"geometry":{"type":"MultiPolygon","coordinates":[[[[37.8867872,51.3074095],[37.8867391,51.3074539],[37.8866887,51.3074995],[37.8865616,51.307446],[37.8862805,51.3073278],[37.8860114,51.3072145],[37.8857882,51.3071206],[37.8857756,51.3071318],[37.8856249,51.307266],[37.8854311,51.3074385],[37.8853449,51.3075153],[37.8852611,51.3074816],[37.8851816,51.3074489],[37.8857423,51.3069604],[37.8867872,51.3074095]]]]}},
{"type":"Feature","properties":{"full_id":"w42442214","osm_id":"42442214","osm_type":"way","building":"yes","dispensing":null,"man_made":null,"start_date":null,"energy_class":null,"building:levels:underground":null,"building:flats":null,"outdoor_seating":null,"name:ru":null,"name:en":null,"healthcare":null,"contact:website":null,"contact:phone":null,"contact:email":null,"brand:wikidata":null,"brand":null,"operator":null,"smoking":null,"layer":null,"cuisine":null,"addr:street":null,"office":null,"government":null,"leisure":null,"roof:levels":null,"height":null,"substation":null,"shop":null,"power":null,"pipeline":null,"opening_hours":null,"amenity":null,"addr:postcode":null,"addr:country":null,"addr:city":null,"official_name":null,"name":"ТП-208н","type":null,"building:levels":"1","addr:place":"микрорайон Жукова","addr:housenumber":null},"geometry":{"type":"MultiPolygon","coordinates":[[[[37.8823104,51.3110561],[37.8823959,51.3109743],[37.8823249,51.3109452],[37.8822394,51.311027],[37.8823104,51.3110561]]]]}},
{"type":"Feature","properties":{"full_id":"w42442215","osm_id":"42442215","osm_type":"way","building":"apartments","dispensing":null,"man_made":null,"start_date":null,"energy_class":null,"building:levels:underground":null,"building:flats":null,"outdoor_seating":null,"name:ru":null,"name:en":null,"healthcare":null,"contact:website":null,"contact:phone":null,"contact:email":null,"brand:wikidata":null,"brand":null,"operator":null,"smoking":null,"layer":null,"cuisine":null,"addr:street":null,"office":null,"government":null,"leisure":null,"roof:levels":null,"height":null,"substation":null,"shop":null,"power":null,"pipeline":null,"opening_hours":null,"amenity":null,"addr:postcode":null,"addr:country":null,"addr:city":null,"official_name":null,"name":null,"type":null,"building:levels":"9","addr:place":"микрорайон Жукова","addr:housenumber":"21"},"geometry":{"type":"MultiPolygon","coordinates":[[[[37.884402,51.3123334],[37.884552,51.3123982],[37.8845707,51.3124064],[37.8848021,51.3125075],[37.885067,51.3126233],[37.8853393,51.3127423],[37.8856195,51.3128648],[37.8858213,51.312953],[37.8860211,51.3130403],[37.8859156,51.3131347],[37.8842972,51.3124277],[37.884402,51.3123334]]]]}},
{"type":"Feature","properties":{"full_id":"w42442216","osm_id":"42442216","osm_type":"way","building":"apartments","dispensing":null,"man_made":null,"start_date":null,"energy_class":null,"building:levels:underground":null,"building:flats":null,"outdoor_seating":null,"name:ru":null,"name:en":null,"healthcare":null,"contact:website":null,"contact:phone":null,"contact:email":null,"brand:wikidata":null,"brand":null,"operator":null,"smoking":null,"layer":null,"cuisine":null,"addr:street":null,"office":null,"government":null,"leisure":null,"roof:levels":null,"height":null,"substation":null,"shop":null,"power":null,"pipeline":null,"opening_hours":null,"amenity":null,"addr:postcode":null,"addr:country":null,"addr:city":null,"official_name":null,"name":null,"type":null,"building:levels":"9","addr:place":"микрорайон Жукова","addr:housenumber":"40"},"geometry":{"type":"MultiPolygon","coordinates":[[[[37.8842814,51.3097679],[37.8851191,51.3101402],[37.8850145,51.3102322],[37.8848438,51.3101564],[37.8845915,51.3100442],[37.884347,51.3099356],[37.8841767,51.3098599],[37.8842814,51.3097679]]]]}},
{"type":"Feature","properties":{"full_id":"w42443599","osm_id":"42443599","osm_type":"way","building":"yes","dispensing":null,"man_made":null,"start_date":null,"energy_class":null,"building:levels:underground":null,"building:flats":null,"outdoor_seating":null,"name:ru":null,"name:en":null,"healthcare":null,"contact:website":null,"contact:phone":null,"contact:email":null,"brand:wikidata":null,"brand":null,"operator":null,"smoking":null,"layer":null,"cuisine":null,"addr:street":null,"office":null,"government":null,"leisure":null,"roof:levels":null,"height":null,"substation":null,"shop":null,"power":null,"pipeline":"substation","opening_hours":null,"amenity":null,"addr:postcode":null,"addr:country":null,"addr:city":null,"official_name":null,"name":"ЦТП 3-1","type":null,"building:levels":"1","addr:place":"микрорайон Макаренко","addr:housenumber":null},"geometry":{"type":"MultiPolygon","coordinates":[[[[37.881174,51.3138277],[37.8812386,51.3138548],[37.8811282,51.3139577],[37.8809534,51.3138845],[37.8810637,51.3137816],[37.881083,51.3137896],[37.881174,51.3138277]]]]}},
{"type":"Feature","properties":{"full_id":"w42443600","osm_id":"42443600","osm_type":"way","building":"yes","dispensing":null,"man_made":null,"start_date":null,"energy_class":null,"building:levels:underground":null,"building:flats":null,"outdoor_seating":null,"name:ru":null,"name:en":null,"healthcare":null,"contact:website":null,"contact:phone":null,"contact:email":null,"brand:wikidata":null,"brand":null,"operator":null,"smoking":null,"layer":null,"cuisine":null,"addr:street":null,"office":null,"government":null,"leisure":null,"roof:levels":null,"height":null,"substation":null,"shop":null,"power":null,"pipeline":null,"opening_hours":null,"amenity":null,"addr:postcode":null,"addr:country":null,"addr:city":null,"official_name":null,"name":null,"type":null,"building:levels":null,"addr:place":"микрорайон Макаренко","addr:housenumber":null},"geometry":{"type":"MultiPolygon","coordinates":[[[[37.8811574,51.3127505],[37.881223,51.3126897],[37.8811521,51.3126599],[37.8810865,51.3127207],[37.8811574,51.3127505]]]]}},
{"type":"Feature","properties":{"full_id":"w42443601","osm_id":"42443601","osm_type":"way","building":"yes","dispensing":null,"man_made":null,"start_date":null,"energy_class":null,"building:levels:underground":null,"building:flats":null,"outdoor_seating":null,"name:ru":null,"name:en":null,"healthcare":null,"contact:website":null,"contact:phone":null,"contact:email":null,"brand:wikidata":null,"brand":null,"operator":null,"smoking":null,"layer":null,"cuisine":null,"addr:street":null,"office":null,"government":null,"leisure":null,"roof:levels":null,"height":null,"substation":null,"shop":null,"power":null,"pipeline":null,"opening_hours":null,"amenity":null,"addr:postcode":null,"addr:country":null,"addr:city":null,"official_name":null,"name":null,"type":null,"building:levels":null,"addr:place":"микрорайон Макаренко","addr:housenumber":null},"geometry":{"type":"MultiPolygon","coordinates":[[[[37.8801087,51.3139987],[37.8805909,51.3135606],[37.8801459,51.3133692],[37.8796638,51.3138073],[37.8801087,51.3139987]]]]}},
{"type":"Feature","properties":{"full_id":"w42443606","osm_id":"42443606","osm_type":"way","building":"yes","dispensing":null,"man_made":null,"start_date":null,"energy_class":null,"building:levels:underground":null,"building:flats":null,"outdoor_seating":null,"name:ru":null,"name:en":null,"healthcare":null,"contact:website":null,"contact:phone":null,"contact:email":null,"brand:wikidata":null,"brand":null,"operator":null,"smoking":null,"layer":null,"cuisine":null,"addr:street":null,"office":null,"government":null,"leisure":null,"roof:levels":null,"height":null,"substation":null,"shop":null,"power":null,"pipeline":null,"opening_hours":null,"amenity":null,"addr:postcode":null,"addr:country":null,"addr:city":null,"official_name":null,"name":null,"type":null,"building:levels":null,"addr:place":null,"addr:housenumber":null},"geometry":{"type":"MultiPolygon","coordinates":[[[[37.8819407,51.3136128],[37.8819739,51.3135772],[37.8819299,51.3135612],[37.8818967,51.3135968],[37.8819407,51.3136128]]]]}},
{"type":"Feature","properties":{"full_id":"w42443607","osm_id":"42443607","osm_type":"way","building":"yes","dispensing":null,"man_made":null,"start_date":null,"energy_class":null,"building:levels:underground":null,"building:flats":null,"outdoor_seating":null,"name:ru":null,"name:en":null,"healthcare":null,"contact:website":null,"contact:phone":null,"contact:email":null,"brand:wikidata":null,"brand":null,"operator":null,"smoking":null,"layer":null,"cuisine":null,"addr:street":null,"office":null,"government":null,"leisure":null,"roof:levels":null,"height":null,"substation":null,"shop":null,"power":null,"pipeline":"substation","opening_hours":null,"amenity":null,"addr:postcode":null,"addr:country":null,"addr:city":null,"official_name":null,"name":"ЦТП 3-2","type":null,"building:levels":"1","addr:place":"микрорайон Макаренко","addr:housenumber":null},"geometry":{"type":"MultiPolygon","coordinates":[[[[37.8783884,51.3144046],[37.8782853,51.3144948],[37.8781396,51.3144297],[37.8782426,51.3143396],[37.8782782,51.3143554],[37.8783884,51.3144046]]]]}},
{"type":"Feature","properties":{"full_id":"w42443608","osm_id":"42443608","osm_type":"way","building":"yes","dispensing":null,"man_made":null,"start_date":null,"energy_class":null,"building:levels:underground":null,"building:flats":null,"outdoor_seating":null,"name:ru":null,"name:en":null,"healthcare":null,"contact:website":null,"contact:phone":null,"contact:email":null,"brand:wikidata":null,"brand":null,"operator":null,"smoking":null,"layer":null,"cuisine":null,"addr:street":null,"office":null,"government":null,"leisure":null,"roof:levels":null,"height":null,"substation":null,"shop":null,"power":null,"pipeline":null,"opening_hours":null,"amenity":null,"addr:postcode":null,"addr:country":"RU","addr:city":null,"official_name":null,"name":null,"type":null,"building:levels":"4","addr:place":"микрорайон Макаренко","addr:housenumber":"3А к3"},"geometry":{"type":"MultiPolygon","coordinates":[[[[37.8773587,51.3141942],[37.87739,51.3141656],[37.8773631,51.314154],[37.8776893,51.313856],[37.8780126,51.3135608],[37.87806,51.3135811],[37.8781217,51.3135247],[37.8780895,51.3135109],[37.8784144,51.313204],[37.8787427,51.3129144],[37.8787571,51.3129205],[37.8788187,51.3128643],[37.8787995,51.312856],[37.8789304,51.3127366],[37.8795024,51.3129813],[37.8794521,51.3130272],[37.879533,51.3130618],[37.8795766,51.313022],[37.8798066,51.3131204],[37.8794154,51.3134776],[37.8791982,51.3133847],[37.879334,51.3132607],[37.8792243,51.3132137],[37.8793562,51.3130933],[37.8789418,51.312916],[37.8788841,51.3129686],[37.878929,51.3129878],[37.8786015,51.3132901],[37.8782779,51.3135823],[37.8782336,51.3135634],[37.8781628,51.3136281],[37.8782068,51.3136469],[37.8781983,51.3136547],[37.8782789,51.3136892],[37.8782942,51.3136752],[37.8785919,51.3138026],[37.8785523,51.3138387],[37.87848,51.3139047],[37.8784625,51.3139207],[37.8781639,51.3137929],[37.8782039,51.3137564],[37.878117,51.3137192],[37.8778776,51.3139378],[37.8775645,51.3142237],[37.8774915,51.3141924],[37.8774478,51.3142323],[37.8773587,51.3141942]]]]}},
{"type":"Feature","properties":{"full_id":"w42443612","osm_id":"42443612","osm_type":"way","building":"industrial","dispensing":null,"man_made":null,"start_date":null,"energy_class":null,"building:levels:underground":null,"building:flats":null,"outdoor_seating":null,"name:ru":null,"name:en":null,"healthcare":null,"contact:website":null,"contact:phone":null,"contact:email":null,"brand:wikidata":null,"brand":null,"operator":null,"smoking":null,"layer":null,"cuisine":null,"addr:street":null,"office":null,"government":null,"leisure":null,"roof:levels":null,"height":null,"substation":null,"shop":null,"power":"substation","pipeline":null,"opening_hours":null,"amenity":null,"addr:postcode":null,"addr:country":null,"addr:city":null,"official_name":null,"name":"ТП-310н","type":null,"building:levels":"1","addr:place":"микрорайон Макаренко","addr:housenumber":null},"geometry":{"type":"MultiPolygon","coordinates":[[[[37.886536,51.3151491],[37.8866125,51.3150843],[37.8865471,51.3150542],[37.8864706,51.315119],[37.886536,51.3151491]]]]}},
{"type":"Feature","properties":{"full_id":"w42443613","osm_id":"42443613","osm_type":"way","building":"yes","dispensing":null,"man_made":null,"start_date":null,"energy_class":null,"building:levels:underground":null,"building:flats":null,"outdoor_seating":null,"name:ru":null,"name:en":null,"healthcare":null,"contact:website":null,"contact:phone":null,"contact:email":null,"brand:wikidata":null,"brand":null,"operator":null,"smoking":null,"layer":null,"cuisine":null,"addr:street":null,"office":null,"government":null,"leisure":null,"roof:levels":null,"height":null,"substation":null,"shop":null,"power":null,"pipeline":null,"opening_hours":null,"amenity":null,"addr:postcode":null,"addr:country":null,"addr:city":null,"official_name":null,"name":null,"type":null,"building:levels":null,"addr:place":"микрорайон Макаренко","addr:housenumber":"32А"},"geometry":{"type":"MultiPolygon","coordinates":[[[[37.8858306,51.3152344],[37.8859674,51.3151155],[37.8858202,51.3150493],[37.8856834,51.3151682],[37.8858306,51.3152344]]]]}},
{"type":"Feature","properties":{"full_id":"w42443623","osm_id":"42443623","osm_type":"way","building":"yes","dispensing":null,"man_made":null,"start_date":null,"energy_class":null,"building:levels:underground":null,"building:flats":null,"outdoor_seating":null,"name:ru":null,"name:en":null,"healthcare":null,"contact:website":null,"contact:phone":null,"contact:email":null,"brand:wikidata":null,"brand":null,"operator":null,"smoking":null,"layer":null,"cuisine":null,"addr:street":null,"office":null,"government":null,"leisure":null,"roof:levels":null,"height":null,"substation":null,"shop":null,"power":null,"pipeline":null,"opening_hours":null,"amenity":null,"addr:postcode":null,"addr:country":null,"addr:city":null,"official_name":null,"name":null,"type":null,"building:levels":null,"addr:place":"микрорайон Макаренко","addr:housenumber":null},"geometry":{"type":"MultiPolygon","coordinates":[[[[37.8863373,51.3151008],[37.8864185,51.3151381],[37.8863606,51.3151873],[37.8862794,51.3151501],[37.8863373,51.3151008]]]]}},
{"type":"Feature","properties":{"full_id":"w42443625","osm_id":"42443625","osm_type":"way","building":"industrial","dispensing":null,"man_made":null,"start_date":null,"energy_class":null,"building:levels:underground":null,"building:flats":null,"outdoor_seating":null,"name:ru":null,"name:en":null,"healthcare":null,"contact:website":null,"contact:phone":null,"contact:email":null,"brand:wikidata":null,"brand":null,"operator":null,"smoking":null,"layer":null,"cuisine":null,"addr:street":null,"office":null,"government":null,"leisure":null,"roof:levels":null,"height":null,"substation":null,"shop":null,"power":"substation","pipeline":null,"opening_hours":null,"amenity":null,"addr:postcode":null,"addr:country":null,"addr:city":null,"official_name":null,"name":"ТП-305н","type":null,"building:levels":"1","addr:place":"микрорайон Макаренко","addr:housenumber":null},"geometry":{"type":"MultiPolygon","coordinates":[[[[37.8825687,51.3144125],[37.8826526,51.3143337],[37.8825819,51.3143043],[37.882498,51.3143832],[37.8825687,51.3144125]]]]}},
{"type":"Feature","properties":{"full_id":"w42443626","osm_id":"42443626","osm_type":"way","building":"apartments","dispensing":null,"man_made":null,"start_date":null,"energy_class":null,"building:levels:underground":null,"building:flats":null,"outdoor_seating":null,"name:ru":null,"name:en":null,"healthcare":null,"contact:website":null,"contact:phone":null,"contact:email":null,"brand:wikidata":null,"brand":null,"operator":null,"smoking":null,"layer":null,"cuisine":null,"addr:street":null,"office":null,"government":null,"leisure":null,"roof:levels":"0","height":null,"substation":null,"shop":null,"power":null,"pipeline":null,"opening_hours":null,"amenity":null,"addr:postcode":null,"addr:country":null,"addr:city":null,"official_name":null,"name":null,"type":null,"building:levels":"9","addr:place":"микрорайон Макаренко","addr:housenumber":"34"},"geometry":{"type":"MultiPolygon","coordinates":[[[[37.8871933,51.3150446],[37.8869933,51.3149562],[37.8867954,51.3148686],[37.8869213,51.3147575],[37.8873158,51.3149321],[37.88724,51.314999],[37.8876457,51.3151785],[37.8875724,51.3152432],[37.8879714,51.3154198],[37.8878455,51.315531],[37.8876392,51.3154397],[37.887445,51.3153538],[37.8875187,51.3152888],[37.8873222,51.3152019],[37.8871177,51.3151114],[37.8871933,51.3150446]]]]}},
{"type":"Feature","properties":{"full_id":"w42443627","osm_id":"42443627","osm_type":"way","building":"apartments","dispensing":null,"man_made":null,"start_date":null,"energy_class":null,"building:levels:underground":null,"building:flats":null,"outdoor_seating":null,"name:ru":null,"name:en":null,"healthcare":null,"contact:website":null,"contact:phone":null,"contact:email":null,"brand:wikidata":null,"brand":null,"operator":null,"smoking":null,"layer":null,"cuisine":null,"addr:street":null,"office":null,"government":null,"leisure":null,"roof:levels":null,"height":null,"substation":null,"shop":null,"power":null,"pipeline":null,"opening_hours":null,"amenity":null,"addr:postcode":null,"addr:country":null,"addr:city":null,"official_name":null,"name":null,"type":null,"building:levels":"9","addr:place":"микрорайон Макаренко","addr:housenumber":"19"},"geometry":{"type":"MultiPolygon","coordinates":[[[[37.8827455,51.3149053],[37.8824621,51.3151606],[37.8822825,51.3150827],[37.8824189,51.3149598],[37.8825578,51.3148347],[37.8826553,51.314877],[37.8828015,51.3147453],[37.882942,51.3146188],[37.8831241,51.3146978],[37.8828456,51.3149487],[37.8827455,51.3149053]]]]}},
{"type":"Feature","properties":{"full_id":"w42443628","osm_id":"42443628","osm_type":"way","building":"apartments","dispensing":null,"man_made":null,"start_date":null,"energy_class":null,"building:levels:underground":null,"building:flats":null,"outdoor_seating":null,"name:ru":null,"name:en":null,"healthcare":null,"contact:website":null,"contact:phone":null,"contact:email":null,"brand:wikidata":null,"brand":null,"operator":null,"smoking":null,"layer":null,"cuisine":null,"addr:street":null,"office":null,"government":null,"leisure":null,"roof:levels":null,"height":null,"substation":null,"shop":null,"power":null,"pipeline":null,"opening_hours":null,"amenity":null,"addr:postcode":null,"addr:country":null,"addr:city":null,"official_name":null,"name":null,"type":null,"building:levels":"9","addr:place":"микрорайон Макаренко","addr:housenumber":"14"},"geometry":{"type":"MultiPolygon","coordinates":[[[[37.8810878,51.3144866],[37.8815005,51.3146608],[37.881379,51.3147732],[37.8811705,51.3146852],[37.8809616,51.314597],[37.8810333,51.3145306],[37.8808298,51.3144447],[37.8806261,51.3143587],[37.8807507,51.3142434],[37.8811627,51.3144173],[37.8810878,51.3144866]]]]}},
{"type":"Feature","properties":{"full_id":"w42443629","osm_id":"42443629","osm_type":"way","building":"apartments","dispensing":null,"man_made":null,"start_date":null,"energy_class":null,"building:levels:underground":null,"building:flats":null,"outdoor_seating":null,"name:ru":null,"name:en":null,"healthcare":null,"contact:website":null,"contact:phone":null,"contact:email":null,"brand:wikidata":null,"brand":null,"operator":null,"smoking":null,"layer":null,"cuisine":null,"addr:street":null,"office":null,"government":null,"leisure":null,"roof:levels":null,"height":null,"substation":null,"shop":null,"power":null,"pipeline":null,"opening_hours":null,"amenity":null,"addr:postcode":null,"addr:country":null,"addr:city":null,"official_name":null,"name":null,"type":null,"building:levels":"9","addr:place":"микрорайон Макаренко","addr:housenumber":"13"},"geometry":{"type":"MultiPolygon","coordinates":[[[[37.8804617,51.3149229],[37.8803105,51.3150598],[37.8801689,51.3151881],[37.8799873,51.3151097],[37.8802764,51.314848],[37.8803808,51.314893],[37.880666,51.3146348],[37.8808446,51.3147118],[37.8807018,51.3148411],[37.8805631,51.3149666],[37.8804617,51.3149229]]]]}},
{"type":"Feature","properties":{"full_id":"w42443631","osm_id":"42443631","osm_type":"way","building":"apartments","dispensing":null,"man_made":null,"start_date":null,"energy_class":null,"building:levels:underground":null,"building:flats":null,"outdoor_seating":null,"name:ru":null,"name:en":null,"healthcare":null,"contact:website":null,"contact:phone":null,"contact:email":null,"brand:wikidata":null,"brand":null,"operator":null,"smoking":null,"layer":null,"cuisine":null,"addr:street":null,"office":null,"government":null,"leisure":null,"roof:levels":"0","height":null,"substation":null,"shop":null,"power":null,"pipeline":null,"opening_hours":null,"amenity":null,"addr:postcode":null,"addr:country":null,"addr:city":null,"official_name":null,"name":null,"type":null,"building:levels":"9","addr:place":"микрорайон Макаренко","addr:housenumber":"35"},"geometry":{"type":"MultiPolygon","coordinates":[[[[37.8863226,51.3158094],[37.8864497,51.315696],[37.8867242,51.3154512],[37.8868832,51.3153093],[37.8867028,51.3152303],[37.8861422,51.3157304],[37.8863226,51.3158094]]]]}},
{"type":"Feature","properties":{"full_id":"w42443640","osm_id":"42443640","osm_type":"way","building":"apartments","dispensing":null,"man_made":null,"start_date":null,"energy_class":null,"building:levels:underground":null,"building:flats":null,"outdoor_seating":null,"name:ru":null,"name:en":null,"healthcare":null,"contact:website":null,"contact:phone":null,"contact:email":null,"brand:wikidata":null,"brand":null,"operator":null,"smoking":null,"layer":null,"cuisine":null,"addr:street":null,"office":null,"government":null,"leisure":null,"roof:levels":null,"height":null,"substation":null,"shop":null,"power":null,"pipeline":null,"opening_hours":null,"amenity":null,"addr:postcode":null,"addr:country":null,"addr:city":null,"official_name":null,"name":null,"type":null,"building:levels":"9","addr:place":"микрорайон Макаренко","addr:housenumber":"32"},"geometry":{"type":"MultiPolygon","coordinates":[[[[37.8847563,51.3151252],[37.8848948,51.3150013],[37.8851576,51.3147664],[37.8853178,51.3146231],[37.8851374,51.3145443],[37.8845759,51.3150464],[37.8847563,51.3151252]]]]}},
{"type":"Feature","properties":{"full_id":"w42443645","osm_id":"42443645","osm_type":"way","building":"apartments","dispensing":null,"man_made":null,"start_date":null,"energy_class":null,"building:levels:underground":null,"building:flats":null,"outdoor_seating":null,"name:ru":null,"name:en":null,"healthcare":null,"contact:website":null,"contact:phone":null,"contact:email":null,"brand:wikidata":null,"brand":null,"operator":null,"smoking":null,"layer":null,"cuisine":null,"addr:street":null,"office":null,"government":null,"leisure":null,"roof:levels":null,"height":null,"substation":null,"shop":null,"power":null,"pipeline":null,"opening_hours":null,"amenity":null,"addr:postcode":null,"addr:country":null,"addr:city":null,"official_name":null,"name":null,"type":null,"building:levels":"9","addr:place":"микрорайон Макаренко","addr:housenumber":"33"},"geometry":{"type":"MultiPolygon","coordinates":[[[[37.8856329,51.3143632],[37.8854375,51.3142766],[37.8852329,51.314186],[37.8853581,51.3140755],[37.885757,51.3142522],[37.8856824,51.314318],[37.886086,51.3144968],[37.8860111,51.3145628],[37.8864032,51.3147365],[37.8862792,51.3148459],[37.8860883,51.3147613],[37.8858854,51.3146715],[37.8859563,51.3146089],[37.8857632,51.3145234],[37.8855555,51.3144314],[37.8856329,51.3143632]]]]}},
{"type":"Feature","properties":{"full_id":"w42443649","osm_id":"42443649","osm_type":"way","building":"yes","dispensing":null,"man_made":null,"start_date":null,"energy_class":null,"building:levels:underground":null,"building:flats":null,"outdoor_seating":null,"name:ru":null,"name:en":null,"healthcare":null,"contact:website":null,"contact:phone":null,"contact:email":null,"brand:wikidata":null,"brand":null,"operator":null,"smoking":null,"layer":null,"cuisine":null,"addr:street":null,"office":null,"government":null,"leisure":"sports_centre","roof:levels":null,"height":null,"substation":null,"shop":null,"power":null,"pipeline":null,"opening_hours":null,"amenity":null,"addr:postcode":null,"addr:country":null,"addr:city":null,"official_name":null,"name":"ФОК ОАО \"ОЭМК\"","type":null,"building:levels":null,"addr:place":"микрорайон Макаренко","addr:housenumber":"10"},"geometry":{"type":"MultiPolygon","coordinates":[[[[37.8779835,51.3148014],[37.8791135,51.3152814],[37.8789535,51.3154314],[37.8778235,51.3149414],[37.8779835,51.3148014]]]]}},
{"type":"Feature","properties":{"full_id":"w42443650","osm_id":"42443650","osm_type":"way","building":"apartments","dispensing":null,"man_made":null,"start_date":null,"energy_class":null,"building:levels:underground":null,"building:flats":null,"outdoor_seating":null,"name:ru":null,"name:en":null,"healthcare":null,"contact:website":null,"contact:phone":null,"contact:email":null,"brand:wikidata":null,"brand":null,"operator":null,"smoking":null,"layer":null,"cuisine":null,"addr:street":null,"office":null,"government":null,"leisure":null,"roof:levels":null,"height":null,"substation":null,"shop":null,"power":null,"pipeline":null,"opening_hours":null,"amenity":null,"addr:postcode":null,"addr:country":null,"addr:city":null,"official_name":null,"name":null,"type":null,"building:levels":"14","addr:place":"микрорайон Макаренко","addr:housenumber":"11В"},"geometry":{"type":"MultiPolygon","coordinates":[[[[37.8776392,51.315502],[37.8777513,51.3154809],[37.8777015,51.3153772],[37.8776754,51.3153821],[37.8776684,51.3153674],[37.877652,51.3153333],[37.877696,51.3153251],[37.8776665,51.3152638],[37.8774978,51.3152955],[37.8775025,51.3153054],[37.8774842,51.3153089],[37.8774745,51.3152888],[37.8773356,51.3153149],[37.8773696,51.3153856],[37.8774024,51.3153795],[37.8774169,51.3154096],[37.8773927,51.3154141],[37.8774439,51.3155206],[37.8775792,51.3154952],[37.8775731,51.3154827],[37.8776252,51.3154729],[37.8776392,51.315502]]]]}},
{"type":"Feature","properties":{"full_id":"w42443652","osm_id":"42443652","osm_type":"way","building":"apartments","dispensing":null,"man_made":null,"start_date":null,"energy_class":null,"building:levels:underground":null,"building:flats":null,"outdoor_seating":null,"name:ru":null,"name:en":null,"healthcare":null,"contact:website":null,"contact:phone":null,"contact:email":null,"brand:wikidata":null,"brand":null,"operator":null,"smoking":null,"layer":null,"cuisine":null,"addr:street":null,"office":null,"government":null,"leisure":null,"roof:levels":null,"height":null,"substation":null,"shop":null,"power":null,"pipeline":null,"opening_hours":null,"amenity":null,"addr:postcode":null,"addr:country":null,"addr:city":"Старый Оскол","official_name":null,"name":null,"type":null,"building:levels":"12","addr:place":"микрорайон Макаренко","addr:housenumber":"40"},"geometry":{"type":"MultiPolygon","coordinates":[[[[37.8768898,51.3143904],[37.8770848,51.3144772],[37.8769008,51.3146387],[37.8768247,51.3146048],[37.8768057,51.3146215],[37.8766646,51.3147452],[37.876466,51.3146568],[37.8766323,51.314511],[37.8767119,51.3145464],[37.8768898,51.3143904]]]]}},
{"type":"Feature","properties":{"full_id":"w42443654","osm_id":"42443654","osm_type":"way","building":"yes","dispensing":null,"man_made":null,"start_date":null,"energy_class":null,"building:levels:underground":null,"building:flats":null,"outdoor_seating":null,"name:ru":null,"name:en":null,"healthcare":null,"contact:website":null,"contact:phone":null,"contact:email":null,"brand:wikidata":null,"brand":null,"operator":null,"smoking":null,"layer":null,"cuisine":null,"addr:street":null,"office":null,"government":null,"leisure":null,"roof:levels":null,"height":null,"substation":null,"shop":null,"power":null,"pipeline":"substation","opening_hours":null,"amenity":null,"addr:postcode":null,"addr:country":null,"addr:city":null,"official_name":null,"name":"ЦТП 3-5","type":null,"building:levels":"1","addr:place":"микрорайон Макаренко","addr:housenumber":null},"geometry":{"type":"MultiPolygon","coordinates":[[[[37.8842416,51.315124],[37.8842219,51.3151424],[37.8840693,51.3150779],[37.8841777,51.3149779],[37.8844363,51.3150872],[37.8843479,51.315169],[37.8842416,51.315124]]]]}},
{"type":"Feature","properties":{"full_id":"w42443655","osm_id":"42443655","osm_type":"way","building":"industrial","dispensing":null,"man_made":null,"start_date":null,"energy_class":null,"building:levels:underground":null,"building:flats":null,"outdoor_seating":null,"name:ru":null,"name:en":null,"healthcare":null,"contact:website":null,"contact:phone":null,"contact:email":null,"brand:wikidata":null,"brand":null,"operator":null,"smoking":null,"layer":null,"cuisine":null,"addr:street":null,"office":null,"government":null,"leisure":null,"roof:levels":null,"height":null,"substation":null,"shop":null,"power":"substation","pipeline":null,"opening_hours":null,"amenity":null,"addr:postcode":null,"addr:country":null,"addr:city":null,"official_name":null,"name":"РП-3н","type":null,"building:levels":"1","addr:place":"микрорайон Макаренко","addr:housenumber":null},"geometry":{"type":"MultiPolygon","coordinates":[[[[37.8835827,51.3149117],[37.8837168,51.3147868],[37.8837839,51.3148149],[37.8836498,51.3149398],[37.8835827,51.3149117]]]]}},
{"type":"Feature","properties":{"full_id":"w42443656","osm_id":"42443656","osm_type":"way","building":"apartments","dispensing":null,"man_made":null,"start_date":null,"energy_class":null,"building:levels:underground":null,"building:flats":null,"outdoor_seating":null,"name:ru":null,"name:en":null,"healthcare":null,"contact:website":null,"contact:phone":null,"contact:email":null,"brand:wikidata":null,"brand":null,"operator":null,"smoking":null,"layer":null,"cuisine":null,"addr:street":null,"office":null,"government":null,"leisure":null,"roof:levels":null,"height":null,"substation":null,"shop":null,"power":null,"pipeline":null,"opening_hours":null,"amenity":null,"addr:postcode":null,"addr:country":null,"addr:city":null,"official_name":null,"name":null,"type":null,"building:levels":"9","addr:place":"микрорайон Макаренко","addr:housenumber":"20"},"geometry":{"type":"MultiPolygon","coordinates":[[[[37.8828219,51.315212],[37.8830198,51.3152995],[37.8832216,51.3153888],[37.8833473,51.3152778],[37.8829476,51.315101],[37.8828219,51.315212]]]]}},
{"type":"Feature","properties":{"full_id":"w42443658","osm_id":"42443658","osm_type":"way","building":"industrial","dispensing":null,"man_made":null,"start_date":null,"energy_class":null,"building:levels:underground":null,"building:flats":null,"outdoor_seating":null,"name:ru":null,"name:en":null,"healthcare":null,"contact:website":null,"contact:phone":null,"contact:email":null,"brand:wikidata":null,"brand":null,"operator":null,"smoking":null,"layer":null,"cuisine":null,"addr:street":null,"office":null,"government":null,"leisure":null,"roof:levels":null,"height":null,"substation":null,"shop":null,"power":"substation","pipeline":null,"opening_hours":null,"amenity":null,"addr:postcode":null,"addr:country":null,"addr:city":null,"official_name":null,"name":"ТП","type":null,"building:levels":"1","addr:place":"микрорайон Макаренко","addr:housenumber":null},"geometry":{"type":"MultiPolygon","coordinates":[[[[37.8820657,51.3153026],[37.8821449,51.3152323],[37.8820755,51.3152018],[37.8819963,51.3152721],[37.8820657,51.3153026]]]]}},
{"type":"Feature","properties":{"full_id":"w42443659","osm_id":"42443659","osm_type":"way","building":"yes","dispensing":null,"man_made":null,"start_date":null,"energy_class":null,"building:levels:underground":null,"building:flats":null,"outdoor_seating":null,"name:ru":null,"name:en":null,"healthcare":null,"contact:website":null,"contact:phone":null,"contact:email":null,"brand:wikidata":null,"brand":null,"operator":null,"smoking":null,"layer":null,"cuisine":null,"addr:street":null,"office":null,"government":null,"leisure":null,"roof:levels":null,"height":null,"substation":null,"shop":null,"power":null,"pipeline":null,"opening_hours":null,"amenity":null,"addr:postcode":null,"addr:country":null,"addr:city":null,"official_name":null,"name":null,"type":null,"building:levels":null,"addr:place":"микрорайон Макаренко","addr:housenumber":"42"},"geometry":{"type":"MultiPolygon","coordinates":[[[[37.8816853,51.3136506],[37.8816156,51.3137143],[37.8815587,51.3136899],[37.8816262,51.3136282],[37.8806238,51.3131997],[37.8807737,51.3130626],[37.8818647,51.313529],[37.8817169,51.3136641],[37.8816853,51.3136506]]]]}},
{"type":"Feature","properties":{"full_id":"w42443660","osm_id":"42443660","osm_type":"way","building":"retail","dispensing":null,"man_made":null,"start_date":null,"energy_class":null,"building:levels:underground":null,"building:flats":null,"outdoor_seating":null,"name:ru":null,"name:en":null,"healthcare":null,"contact:website":null,"contact:phone":null,"contact:email":null,"brand:wikidata":null,"brand":null,"operator":null,"smoking":null,"layer":null,"cuisine":null,"addr:street":null,"office":null,"government":null,"leisure":null,"roof:levels":null,"height":null,"substation":null,"shop":null,"power":null,"pipeline":null,"opening_hours":null,"amenity":null,"addr:postcode":null,"addr:country":null,"addr:city":null,"official_name":null,"name":null,"type":null,"building:levels":"2","addr:place":"микрорайон Макаренко","addr:housenumber":"3А"},"geometry":{"type":"MultiPolygon","coordinates":[[[[37.8795484,51.3125182],[37.8795184,51.3125282],[37.8794984,51.3124982],[37.8794884,51.3124882],[37.8794384,51.3124982],[37.8794284,51.3124682],[37.8794084,51.3124582],[37.8794284,51.3124382],[37.8794184,51.3124182],[37.8794484,51.3124082],[37.8794684,51.3123982],[37.8794484,51.3123682],[37.8794384,51.3123682],[37.8794384,51.3123582],[37.8794984,51.3123682],[37.8795076,51.3123274],[37.8795476,51.3123274],[37.8795876,51.3122974],[37.8796876,51.3123374],[37.8797076,51.3123174],[37.8794976,51.3122274],[37.8795776,51.3121574],[37.8795076,51.3121274],[37.8796076,51.3120474],[37.8797076,51.3120874],[37.8796976,51.3121074],[37.8800206,51.3122379],[37.880101,51.3121606],[37.8801593,51.3121843],[37.8800789,51.3122616],[37.8802964,51.312369],[37.8802774,51.3123867],[37.8799587,51.3126843],[37.8797084,51.3125882],[37.8796284,51.3126582],[37.8795684,51.3126282],[37.8796484,51.3125582],[37.8795784,51.3125582],[37.8795784,51.3125282],[37.8795484,51.3125182]]]]}},
{"type":"Feature","properties":{"full_id":"w42443664","osm_id":"42443664","osm_type":"way","building":"apartments","dispensing":null,"man_made":null,"start_date":null,"energy_class":null,"building:levels:underground":null,"building:flats":null,"outdoor_seating":null,"name:ru":null,"name:en":null,"healthcare":null,"contact:website":null,"contact:phone":null,"contact:email":null,"brand:wikidata":null,"brand":null,"operator":null,"smoking":null,"layer":null,"cuisine":null,"addr:street":null,"office":null,"government":null,"leisure":null,"roof:levels":null,"height":null,"substation":null,"shop":null,"power":null,"pipeline":null,"opening_hours":null,"amenity":null,"addr:postcode":null,"addr:country":"RU","addr:city":null,"official_name":null,"name":null,"type":null,"building:levels":"9","addr:place":"микрорайон Макаренко","addr:housenumber":"4А"},"geometry":{"type":"MultiPolygon","coordinates":[[[[37.8824536,51.3140437],[37.8822808,51.313971],[37.8822665,51.3139842],[37.8821861,51.3139504],[37.8821714,51.313964],[37.8819879,51.3138868],[37.8821158,51.313768],[37.8822496,51.3138243],[37.8822652,51.3138309],[37.8822955,51.3138436],[37.882287,51.3138515],[37.8823655,51.3138845],[37.8824021,51.3138506],[37.8825807,51.3139257],[37.882538,51.3139653],[37.8824536,51.3140437]]]]}},
{"type":"Feature","properties":{"full_id":"w42443665","osm_id":"42443665","osm_type":"way","building":"yes","dispensing":null,"man_made":null,"start_date":null,"energy_class":null,"building:levels:underground":null,"building:flats":null,"outdoor_seating":null,"name:ru":null,"name:en":null,"healthcare":null,"contact:website":null,"contact:phone":null,"contact:email":null,"brand:wikidata":null,"brand":null,"operator":null,"smoking":null,"layer":null,"cuisine":null,"addr:street":null,"office":null,"government":null,"leisure":null,"roof:levels":null,"height":null,"substation":null,"shop":null,"power":null,"pipeline":null,"opening_hours":null,"amenity":null,"addr:postcode":null,"addr:country":null,"addr:city":null,"official_name":null,"name":null,"type":null,"building:levels":null,"addr:place":"микрорайон Макаренко","addr:housenumber":null},"geometry":{"type":"MultiPolygon","coordinates":[[[[37.8798575,51.3147414],[37.8799584,51.3146417],[37.8798079,51.3145822],[37.879707,51.3146819],[37.8798575,51.3147414]]]]}},
{"type":"Feature","properties":{"full_id":"w42443668","osm_id":"42443668","osm_type":"way","building":"yes","dispensing":null,"man_made":null,"start_date":null,"energy_class":null,"building:levels:underground":null,"building:flats":null,"outdoor_seating":null,"name:ru":null,"name:en":null,"healthcare":null,"contact:website":null,"contact:phone":null,"contact:email":null,"brand:wikidata":null,"brand":null,"operator":null,"smoking":null,"layer":null,"cuisine":null,"addr:street":null,"office":null,"government":null,"leisure":null,"roof:levels":null,"height":null,"substation":null,"shop":null,"power":null,"pipeline":null,"opening_hours":null,"amenity":null,"addr:postcode":null,"addr:country":null,"addr:city":null,"official_name":null,"name":null,"type":null,"building:levels":null,"addr:place":"микрорайон Макаренко","addr:housenumber":null},"geometry":{"type":"MultiPolygon","coordinates":[[[[37.8816312,51.3132085],[37.881769,51.3130925],[37.8818474,51.3131289],[37.8817096,51.3132449],[37.8816312,51.3132085]]]]}},
{"type":"Feature","properties":{"full_id":"w42443669","osm_id":"42443669","osm_type":"way","building":"apartments","dispensing":null,"man_made":null,"start_date":null,"energy_class":null,"building:levels:underground":null,"building:flats":null,"outdoor_seating":null,"name:ru":null,"name:en":null,"healthcare":null,"contact:website":null,"contact:phone":null,"contact:email":null,"brand:wikidata":null,"brand":null,"operator":null,"smoking":null,"layer":null,"cuisine":null,"addr:street":null,"office":null,"government":null,"leisure":null,"roof:levels":null,"height":null,"substation":null,"shop":null,"power":null,"pipeline":null,"opening_hours":null,"amenity":null,"addr:postcode":null,"addr:country":null,"addr:city":null,"official_name":null,"name":null,"type":null,"building:levels":"12","addr:place":"микрорайон Макаренко","addr:housenumber":"39"},"geometry":{"type":"MultiPolygon","coordinates":[[[[37.8767214,51.314981],[37.8769142,51.3148066],[37.8771192,51.3148952],[37.8769582,51.3150409],[37.8768591,51.3149981],[37.8768372,51.3150179],[37.8767146,51.3151287],[37.876672,51.315167],[37.8764842,51.3150859],[37.8766394,51.3149456],[37.8767214,51.314981]]]]}},
{"type":"Feature","properties":{"full_id":"w42443672","osm_id":"42443672","osm_type":"way","building":"yes","dispensing":null,"man_made":null,"start_date":null,"energy_class":null,"building:levels:underground":null,"building:flats":null,"outdoor_seating":null,"name:ru":null,"name:en":null,"healthcare":null,"contact:website":null,"contact:phone":null,"contact:email":null,"brand:wikidata":null,"brand":null,"operator":null,"smoking":null,"layer":null,"cuisine":null,"addr:street":null,"office":null,"government":null,"leisure":null,"roof:levels":null,"height":null,"substation":null,"shop":null,"power":null,"pipeline":null,"opening_hours":null,"amenity":null,"addr:postcode":null,"addr:country":null,"addr:city":null,"official_name":null,"name":null,"type":null,"building:levels":"4","addr:place":"микрорайон Макаренко","addr:housenumber":"40 к2"},"geometry":{"type":"MultiPolygon","coordinates":[[[[37.882483,51.313023],[37.8820761,51.3133859],[37.8818845,51.313302],[37.8822913,51.3129391],[37.882483,51.313023]]]]}},
{"type":"Feature","properties":{"full_id":"w42443673","osm_id":"42443673","osm_type":"way","building":"yes","dispensing":null,"man_made":null,"start_date":null,"energy_class":null,"building:levels:underground":null,"building:flats":null,"outdoor_seating":null,"name:ru":null,"name:en":null,"healthcare":null,"contact:website":null,"contact:phone":null,"contact:email":null,"brand:wikidata":null,"brand":null,"operator":null,"smoking":null,"layer":null,"cuisine":null,"addr:street":null,"office":"government","government":"tax","leisure":null,"roof:levels":null,"height":null,"substation":null,"shop":null,"power":null,"pipeline":null,"opening_hours":null,"amenity":null,"addr:postcode":null,"addr:country":null,"addr:city":null,"official_name":null,"name":"Межрайонная ИФНС России №4 по Белгородской области","type":null,"building:levels":null,"addr:place":"микрорайон Макаренко","addr:housenumber":"40А"},"geometry":{"type":"MultiPolygon","coordinates":[[[[37.881493,51.312597],[37.8819912,51.3128162],[37.8818635,51.3129295],[37.8813653,51.3127103],[37.8813978,51.3126815],[37.8813626,51.312666],[37.8814343,51.3126025],[37.8814694,51.3126179],[37.881493,51.312597]]]]}},
{"type":"Feature","properties":{"full_id":"w42443674","osm_id":"42443674","osm_type":"way","building":"yes","dispensing":null,"man_made":null,"start_date":null,"energy_class":null,"building:levels:underground":null,"building:flats":null,"outdoor_seating":null,"name:ru":null,"name:en":null,"healthcare":null,"contact:website":null,"contact:phone":null,"contact:email":null,"brand:wikidata":null,"brand":null,"operator":null,"smoking":null,"layer":null,"cuisine":null,"addr:street":null,"office":null,"government":null,"leisure":null,"roof:levels":null,"height":null,"substation":null,"shop":null,"power":null,"pipeline":null,"opening_hours":null,"amenity":null,"addr:postcode":null,"addr:country":null,"addr:city":null,"official_name":null,"name":null,"type":null,"building:levels":null,"addr:place":"микрорайон Макаренко","addr:housenumber":"42 к1"},"geometry":{"type":"MultiPolygon","coordinates":[[[[37.8802071,51.3128147],[37.8802662,51.3127604],[37.8803198,51.3127833],[37.8808568,51.3122902],[37.8811946,51.3124339],[37.8811395,51.3124845],[37.8812219,51.3125195],[37.8811849,51.3125535],[37.8811015,51.312518],[37.8810589,51.3125571],[37.8809113,51.3124943],[37.8805112,51.3128618],[37.8804491,51.3129188],[37.8804865,51.3129347],[37.8803317,51.3130769],[37.8800501,51.3129571],[37.8801017,51.3129097],[37.880153,51.3129315],[37.8802571,51.312836],[37.8802071,51.3128147]]]]}},
{"type":"Feature","properties":{"full_id":"w42443676","osm_id":"42443676","osm_type":"way","building":"apartments","dispensing":null,"man_made":null,"start_date":null,"energy_class":null,"building:levels:underground":null,"building:flats":null,"outdoor_seating":null,"name:ru":null,"name:en":null,"healthcare":null,"contact:website":null,"contact:phone":null,"contact:email":null,"brand:wikidata":null,"brand":null,"operator":null,"smoking":null,"layer":null,"cuisine":null,"addr:street":null,"office":null,"government":null,"leisure":null,"roof:levels":null,"height":null,"substation":null,"shop":null,"power":null,"pipeline":null,"opening_hours":null,"amenity":null,"addr:postcode":null,"addr:country":null,"addr:city":null,"official_name":null,"name":null,"type":null,"building:levels":"9","addr:place":"микрорайон Макаренко","addr:housenumber":"15"},"geometry":{"type":"MultiPolygon","coordinates":[[[[37.8815507,51.3140465],[37.8817331,51.3141248],[37.881462,51.3143715],[37.8812796,51.3142932],[37.881416,51.3141691],[37.8815507,51.3140465]]]]}},
{"type":"Feature","properties":{"full_id":"w42443677","osm_id":"42443677","osm_type":"way","building":"garage","dispensing":null,"man_made":null,"start_date":null,"energy_class":null,"building:levels:underground":null,"building:flats":null,"outdoor_seating":null,"name:ru":null,"name:en":null,"healthcare":null,"contact:website":null,"contact:phone":null,"contact:email":null,"brand:wikidata":null,"brand":null,"operator":null,"smoking":null,"layer":null,"cuisine":null,"addr:street":null,"office":null,"government":null,"leisure":null,"roof:levels":null,"height":null,"substation":null,"shop":null,"power":null,"pipeline":null,"opening_hours":null,"amenity":null,"addr:postcode":null,"addr:country":null,"addr:city":null,"official_name":null,"name":null,"type":null,"building:levels":null,"addr:place":"микрорайон Макаренко","addr:housenumber":null},"geometry":{"type":"MultiPolygon","coordinates":[[[[37.8847231,51.3153976],[37.8847898,51.3153375],[37.8845094,51.3152159],[37.8844425,51.315276],[37.8847231,51.3153976]]]]}},
{"type":"Feature","properties":{"full_id":"w42443678","osm_id":"42443678","osm_type":"way","building":"apartments","dispensing":null,"man_made":null,"start_date":null,"energy_class":null,"building:levels:underground":null,"building:flats":null,"outdoor_seating":null,"name:ru":null,"name:en":null,"healthcare":null,"contact:website":null,"contact:phone":null,"contact:email":null,"brand:wikidata":null,"brand":null,"operator":null,"smoking":null,"layer":null,"cuisine":null,"addr:street":null,"office":null,"government":null,"leisure":null,"roof:levels":null,"height":null,"substation":null,"shop":null,"power":null,"pipeline":null,"opening_hours":null,"amenity":null,"addr:postcode":null,"addr:country":null,"addr:city":null,"official_name":null,"name":null,"type":null,"building:levels":"9","addr:place":"микрорайон Макаренко","addr:housenumber":"18"},"geometry":{"type":"MultiPolygon","coordinates":[[[[37.882493,51.3146246],[37.8820857,51.3144507],[37.8819608,51.3145651],[37.8821625,51.3146512],[37.8823681,51.3147389],[37.882493,51.3146246]]]]}},
{"type":"Feature","properties":{"full_id":"w42443684","osm_id":"42443684","osm_type":"way","building":"yes","dispensing":null,"man_made":null,"start_date":null,"energy_class":null,"building:levels:underground":null,"building:flats":null,"outdoor_seating":null,"name:ru":null,"name:en":null,"healthcare":null,"contact:website":null,"contact:phone":null,"contact:email":null,"brand:wikidata":null,"brand":null,"operator":null,"smoking":null,"layer":null,"cuisine":null,"addr:street":null,"office":null,"government":null,"leisure":null,"roof:levels":null,"height":null,"substation":null,"shop":null,"power":null,"pipeline":null,"opening_hours":null,"amenity":null,"addr:postcode":null,"addr:country":null,"addr:city":null,"official_name":null,"name":null,"type":null,"building:levels":null,"addr:place":"микрорайон Макаренко","addr:housenumber":null},"geometry":{"type":"MultiPolygon","coordinates":[[[[37.878651,51.3141998],[37.8790301,51.3138444],[37.8788007,51.3137488],[37.8786583,51.3138823],[37.878587,51.3139492],[37.8784217,51.3141042],[37.878651,51.3141998]]]]}},
{"type":"Feature","properties":{"full_id":"w42446130","osm_id":"42446130","osm_type":"way","building":"apartments","dispensing":null,"man_made":null,"start_date":null,"energy_class":null,"building:levels:underground":null,"building:flats":null,"outdoor_seating":null,"name:ru":null,"name:en":null,"healthcare":null,"contact:website":null,"contact:phone":null,"contact:email":null,"brand:wikidata":null,"brand":null,"operator":null,"smoking":null,"layer":null,"cuisine":null,"addr:street":null,"office":null,"government":null,"leisure":null,"roof:levels":null,"height":null,"substation":null,"shop":null,"power":null,"pipeline":null,"opening_hours":null,"amenity":null,"addr:postcode":null,"addr:country":null,"addr:city":null,"official_name":null,"name":null,"type":null,"building:levels":"9","addr:place":"микрорайон Конева","addr:housenumber":"8"},"geometry":{"type":"MultiPolygon","coordinates":[[[[37.8813361,51.3088628],[37.8802397,51.3098498],[37.8794785,51.3095193],[37.87958,51.3094279],[37.8797347,51.3094951],[37.8800048,51.3096123],[37.8801932,51.3096941],[37.8802074,51.3096813],[37.8803003,51.3095977],[37.880496,51.3094215],[37.8806877,51.309249],[37.8808804,51.3090755],[37.8810638,51.3089104],[37.881188,51.3087986],[37.8813361,51.3088628]]]]}},
{"type":"Feature","properties":{"full_id":"w42446138","osm_id":"42446138","osm_type":"way","building":"yes","dispensing":null,"man_made":null,"start_date":null,"energy_class":null,"building:levels:underground":null,"building:flats":null,"outdoor_seating":null,"name:ru":null,"name:en":null,"healthcare":null,"contact:website":null,"contact:phone":null,"contact:email":null,"brand:wikidata":null,"brand":null,"operator":null,"smoking":null,"layer":null,"cuisine":null,"addr:street":null,"office":null,"government":null,"leisure":null,"roof:levels":null,"height":null,"substation":null,"shop":null,"power":null,"pipeline":null,"opening_hours":null,"amenity":null,"addr:postcode":null,"addr:country":null,"addr:city":null,"official_name":null,"name":null,"type":null,"building:levels":null,"addr:place":"микрорайон Конева","addr:housenumber":"17А"},"geometry":{"type":"MultiPolygon","coordinates":[[[[37.8747954,51.3083736],[37.8747989,51.3083082],[37.8751044,51.3083167],[37.8753281,51.308322],[37.8752897,51.3085473],[37.8747807,51.3085259],[37.8747954,51.3083736]]]]}},
{"type":"Feature","properties":{"full_id":"w42446139","osm_id":"42446139","osm_type":"way","building":"apartments","dispensing":null,"man_made":null,"start_date":null,"energy_class":null,"building:levels:underground":null,"building:flats":null,"outdoor_seating":null,"name:ru":null,"name:en":null,"healthcare":null,"contact:website":null,"contact:phone":null,"contact:email":null,"brand:wikidata":null,"brand":null,"operator":null,"smoking":null,"layer":null,"cuisine":null,"addr:street":null,"office":null,"government":null,"leisure":null,"roof:levels":null,"height":null,"substation":null,"shop":null,"power":null,"pipeline":null,"opening_hours":null,"amenity":null,"addr:postcode":null,"addr:country":null,"addr:city":null,"official_name":null,"name":null,"type":null,"building:levels":"9","addr:place":"микрорайон Конева","addr:housenumber":"1"},"geometry":{"type":"MultiPolygon","coordinates":[[[[37.8813361,51.3088628],[37.881188,51.3087986],[37.8812333,51.3087579],[37.881212,51.3087487],[37.8809409,51.3086309],[37.8811588,51.3084347],[37.8812846,51.3083215],[37.881357,51.3082563],[37.881548,51.3080844],[37.8817293,51.3079213],[37.8819283,51.3077421],[37.8821202,51.3075694],[37.8823107,51.3073978],[37.8824389,51.3072825],[37.8825917,51.3073488],[37.8814366,51.3083886],[37.8811951,51.3086061],[37.8812222,51.3086179],[37.8814826,51.3087309],[37.8813361,51.3088628]]]]}},
{"type":"Feature","properties":{"full_id":"w42446145","osm_id":"42446145","osm_type":"way","building":"yes","dispensing":null,"man_made":null,"start_date":null,"energy_class":null,"building:levels:underground":null,"building:flats":null,"outdoor_seating":null,"name:ru":null,"name:en":null,"healthcare":null,"contact:website":null,"contact:phone":null,"contact:email":null,"brand:wikidata":null,"brand":null,"operator":null,"smoking":null,"layer":null,"cuisine":null,"addr:street":"улица Прядченко","office":null,"government":null,"leisure":null,"roof:levels":null,"height":null,"substation":null,"shop":null,"power":null,"pipeline":null,"opening_hours":null,"amenity":null,"addr:postcode":"309501","addr:country":null,"addr:city":"Старый Оскол","official_name":null,"name":null,"type":null,"building:levels":null,"addr:place":null,"addr:housenumber":"146"},"geometry":{"type":"MultiPolygon","coordinates":[[[[37.8759933,51.3069714],[37.8759676,51.3071407],[37.875458,51.3071105],[37.875472,51.3070178],[37.8749062,51.3069843],[37.8749178,51.3069076],[37.8759933,51.3069714]]]]}},
{"type":"Feature","properties":{"full_id":"w42446147","osm_id":"42446147","osm_type":"way","building":"yes","dispensing":null,"man_made":null,"start_date":null,"energy_class":null,"building:levels:underground":null,"building:flats":null,"outdoor_seating":null,"name:ru":null,"name:en":null,"healthcare":null,"contact:website":null,"contact:phone":null,"contact:email":null,"brand:wikidata":null,"brand":null,"operator":null,"smoking":null,"layer":null,"cuisine":null,"addr:street":null,"office":null,"government":null,"leisure":null,"roof:levels":null,"height":null,"substation":null,"shop":null,"power":null,"pipeline":null,"opening_hours":null,"amenity":null,"addr:postcode":null,"addr:country":null,"addr:city":null,"official_name":null,"name":null,"type":null,"building:levels":null,"addr:place":"микрорайон Конева","addr:housenumber":null},"geometry":{"type":"MultiPolygon","coordinates":[[[[37.8761202,51.3073533],[37.8761041,51.3073518],[37.8761526,51.3071526],[37.8763007,51.3071666],[37.8762527,51.3073639],[37.8762269,51.3073615],[37.876201,51.3074677],[37.8760948,51.3074576],[37.8761202,51.3073533]]]]}},
{"type":"Feature","properties":{"full_id":"w42446151","osm_id":"42446151","osm_type":"way","building":"apartments","dispensing":null,"man_made":null,"start_date":null,"energy_class":null,"building:levels:underground":null,"building:flats":null,"outdoor_seating":null,"name:ru":null,"name:en":null,"healthcare":null,"contact:website":null,"contact:phone":null,"contact:email":null,"brand:wikidata":null,"brand":null,"operator":null,"smoking":null,"layer":null,"cuisine":null,"addr:street":null,"office":null,"government":null,"leisure":null,"roof:levels":null,"height":null,"substation":null,"shop":null,"power":null,"pipeline":null,"opening_hours":null,"amenity":null,"addr:postcode":null,"addr:country":null,"addr:city":null,"official_name":null,"name":null,"type":null,"building:levels":"9","addr:place":"микрорайон Конева","addr:housenumber":"11"},"geometry":{"type":"MultiPolygon","coordinates":[[[[37.8767217,51.3080395],[37.8778354,51.3085202],[37.8777348,51.3086113],[37.8775868,51.3085474],[37.8773151,51.3084301],[37.8770309,51.3083074],[37.8767574,51.3081894],[37.8766212,51.3081306],[37.8767217,51.3080395]]]]}},
{"type":"Feature","properties":{"full_id":"w42446152","osm_id":"42446152","osm_type":"way","building":"apartments","dispensing":null,"man_made":null,"start_date":null,"energy_class":null,"building:levels:underground":null,"building:flats":null,"outdoor_seating":null,"name:ru":null,"name:en":null,"healthcare":null,"contact:website":null,"contact:phone":null,"contact:email":null,"brand:wikidata":null,"brand":null,"operator":null,"smoking":null,"layer":null,"cuisine":null,"addr:street":null,"office":null,"government":null,"leisure":null,"roof:levels":null,"height":null,"substation":null,"shop":null,"power":null,"pipeline":null,"opening_hours":null,"amenity":null,"addr:postcode":null,"addr:country":"RU","addr:city":null,"official_name":null,"name":null,"type":null,"building:levels":"9","addr:place":"микрорайон Конева","addr:housenumber":"7"},"geometry":{"type":"MultiPolygon","coordinates":[[[[37.8783783,51.309713],[37.8789518,51.3092004],[37.879133,51.3092795],[37.8789709,51.3094248],[37.8786883,51.3096781],[37.8785621,51.3097912],[37.8783783,51.309713]]]]}},
{"type":"Feature","properties":{"full_id":"w42446153","osm_id":"42446153","osm_type":"way","building":"yes","dispensing":null,"man_made":null,"start_date":null,"energy_class":null,"building:levels:underground":null,"building:flats":null,"outdoor_seating":null,"name:ru":null,"name:en":null,"healthcare":null,"contact:website":null,"contact:phone":null,"contact:email":null,"brand:wikidata":null,"brand":null,"operator":null,"smoking":null,"layer":null,"cuisine":null,"addr:street":null,"office":null,"government":null,"leisure":null,"roof:levels":null,"height":null,"substation":null,"shop":null,"power":null,"pipeline":null,"opening_hours":null,"amenity":null,"addr:postcode":null,"addr:country":null,"addr:city":null,"official_name":null,"name":null,"type":null,"building:levels":null,"addr:place":"микрорайон Конева","addr:housenumber":null},"geometry":{"type":"MultiPolygon","coordinates":[[[[37.8785706,51.3098056],[37.8784422,51.309918],[37.8783938,51.3099617],[37.8782029,51.3098792],[37.8782593,51.3098272],[37.8783783,51.309713],[37.8785621,51.3097912],[37.8785706,51.3098056]]]]}},
{"type":"Feature","properties":{"full_id":"w42446154","osm_id":"42446154","osm_type":"way","building":"yes","dispensing":null,"man_made":null,"start_date":null,"energy_class":null,"building:levels:underground":null,"building:flats":null,"outdoor_seating":null,"name:ru":null,"name:en":null,"healthcare":null,"contact:website":null,"contact:phone":null,"contact:email":null,"brand:wikidata":null,"brand":null,"operator":null,"smoking":null,"layer":null,"cuisine":null,"addr:street":null,"office":null,"government":null,"leisure":null,"roof:levels":null,"height":null,"substation":null,"shop":null,"power":null,"pipeline":null,"opening_hours":null,"amenity":null,"addr:postcode":null,"addr:country":"RU","addr:city":null,"official_name":null,"name":null,"type":null,"building:levels":null,"addr:place":"микрорайон Конева","addr:housenumber":null},"geometry":{"type":"MultiPolygon","coordinates":[[[[37.877448,51.3094886],[37.877403,51.3095273],[37.8771682,51.3094284],[37.8773572,51.3092654],[37.8773943,51.3092802],[37.8775712,51.3093551],[37.8775741,51.3093742],[37.877448,51.3094886]]]]}},
{"type":"Feature","properties":{"full_id":"w42446155","osm_id":"42446155","osm_type":"way","building":"apartments","dispensing":null,"man_made":null,"start_date":null,"energy_class":null,"building:levels:underground":null,"building:flats":null,"outdoor_seating":null,"name:ru":null,"name:en":null,"healthcare":null,"contact:website":null,"contact:phone":null,"contact:email":null,"brand:wikidata":null,"brand":null,"operator":null,"smoking":null,"layer":null,"cuisine":null,"addr:street":null,"office":null,"government":null,"leisure":null,"roof:levels":null,"height":null,"substation":null,"shop":null,"power":null,"pipeline":null,"opening_hours":null,"amenity":null,"addr:postcode":null,"addr:country":null,"addr:city":null,"official_name":null,"name":null,"type":null,"building:levels":"9","addr:place":"микрорайон Конева","addr:housenumber":"9"},"geometry":{"type":"MultiPolygon","coordinates":[[[[37.8773943,51.3092802],[37.8776775,51.3090187],[37.8777833,51.3090635],[37.8780663,51.3088022],[37.878173,51.3088474],[37.8781539,51.308865],[37.8782299,51.3088972],[37.8781135,51.3090046],[37.877973,51.3091343],[37.8778615,51.3090871],[37.877713,51.3092242],[37.8775712,51.3093551],[37.8773943,51.3092802]]]]}},
{"type":"Feature","properties":{"full_id":"w42446160","osm_id":"42446160","osm_type":"way","building":"house","dispensing":null,"man_made":null,"start_date":null,"energy_class":null,"building:levels:underground":null,"building:flats":null,"outdoor_seating":null,"name:ru":null,"name:en":null,"healthcare":null,"contact:website":null,"contact:phone":null,"contact:email":null,"brand:wikidata":null,"brand":null,"operator":null,"smoking":null,"layer":null,"cuisine":null,"addr:street":"улица Прядченко","office":null,"government":null,"leisure":null,"roof:levels":null,"height":null,"substation":null,"shop":null,"power":null,"pipeline":null,"opening_hours":null,"amenity":null,"addr:postcode":"309501","addr:country":null,"addr:city":"Старый Оскол","official_name":null,"name":null,"type":null,"building:levels":null,"addr:place":null,"addr:housenumber":"146А"},"geometry":{"type":"MultiPolygon","coordinates":[[[[37.8745539,51.3068717],[37.8747132,51.3068819],[37.8746989,51.30697],[37.8745396,51.3069599],[37.8745539,51.3068717]]]]}},
{"type":"Feature","properties":{"full_id":"w42446161","osm_id":"42446161","osm_type":"way","building":"yes","dispensing":null,"man_made":null,"start_date":null,"energy_class":null,"building:levels:underground":null,"building:flats":null,"outdoor_seating":null,"name:ru":null,"name:en":null,"healthcare":null,"contact:website":null,"contact:phone":null,"contact:email":null,"brand:wikidata":null,"brand":null,"operator":null,"smoking":null,"layer":null,"cuisine":null,"addr:street":null,"office":null,"government":null,"leisure":null,"roof:levels":null,"height":null,"substation":null,"shop":null,"power":null,"pipeline":null,"opening_hours":null,"amenity":null,"addr:postcode":null,"addr:country":null,"addr:city":null,"official_name":null,"name":null,"type":null,"building:levels":"1","addr:place":null,"addr:housenumber":null},"geometry":{"type":"MultiPolygon","coordinates":[[[[37.8839599,51.3064004],[37.8840657,51.306313],[37.8840571,51.3062636],[37.8840045,51.3062453],[37.8839945,51.306178],[37.8840224,51.3061771],[37.8840011,51.3060746],[37.8839531,51.3060762],[37.8839372,51.3060246],[37.8844147,51.3059772],[37.8844931,51.3062796],[37.8842105,51.3063029],[37.8842164,51.3063321],[37.8841317,51.3063396],[37.8840605,51.3064004],[37.883983,51.3064104],[37.8839599,51.3064004]]]]}},
{"type":"Feature","properties":{"full_id":"w42446163","osm_id":"42446163","osm_type":"way","building":"yes","dispensing":null,"man_made":null,"start_date":null,"energy_class":null,"building:levels:underground":null,"building:flats":null,"outdoor_seating":null,"name:ru":null,"name:en":null,"healthcare":null,"contact:website":null,"contact:phone":null,"contact:email":null,"brand:wikidata":null,"brand":null,"operator":null,"smoking":null,"layer":null,"cuisine":null,"addr:street":"улица Прядченко","office":null,"government":null,"leisure":null,"roof:levels":null,"height":null,"substation":null,"shop":null,"power":null,"pipeline":null,"opening_hours":null,"amenity":null,"addr:postcode":"309501","addr:country":null,"addr:city":"Старый Оскол","official_name":null,"name":null,"type":null,"building:levels":null,"addr:place":null,"addr:housenumber":null},"geometry":{"type":"MultiPolygon","coordinates":[[[[37.8772471,51.3071827],[37.8772505,51.3073209],[37.8769783,51.3073235],[37.8769702,51.3069932],[37.8772382,51.3069906],[37.8772394,51.3070427],[37.8773671,51.3070415],[37.8773705,51.3071815],[37.8772471,51.3071827]]]]}},
{"type":"Feature","properties":{"full_id":"w42446170","osm_id":"42446170","osm_type":"way","building":"house","dispensing":null,"man_made":null,"start_date":null,"energy_class":null,"building:levels:underground":null,"building:flats":null,"outdoor_seating":null,"name:ru":null,"name:en":null,"healthcare":null,"contact:website":null,"contact:phone":null,"contact:email":null,"brand:wikidata":null,"brand":null,"operator":null,"smoking":null,"layer":null,"cuisine":null,"addr:street":"улица Прядченко","office":null,"government":null,"leisure":null,"roof:levels":null,"height":null,"substation":null,"shop":null,"power":null,"pipeline":null,"opening_hours":null,"amenity":null,"addr:postcode":"309501","addr:country":null,"addr:city":"Старый Оскол","official_name":null,"name":null,"type":null,"building:levels":null,"addr:place":null,"addr:housenumber":"142А"},"geometry":{"type":"MultiPolygon","coordinates":[[[[37.8740521,51.3068539],[37.8742101,51.3068597],[37.8741991,51.3069797],[37.8740411,51.3069739],[37.8740521,51.3068539]]]]}},
{"type":"Feature","properties":{"full_id":"w42446175","osm_id":"42446175","osm_type":"way","building":"yes","dispensing":null,"man_made":null,"start_date":null,"energy_class":null,"building:levels:underground":null,"building:flats":null,"outdoor_seating":null,"name:ru":null,"name:en":null,"healthcare":null,"contact:website":null,"contact:phone":null,"contact:email":null,"brand:wikidata":null,"brand":null,"operator":null,"smoking":null,"layer":null,"cuisine":null,"addr:street":null,"office":null,"government":null,"leisure":null,"roof:levels":null,"height":null,"substation":null,"shop":null,"power":null,"pipeline":null,"opening_hours":null,"amenity":null,"addr:postcode":null,"addr:country":null,"addr:city":null,"official_name":null,"name":null,"type":null,"building:levels":"2","addr:place":"микрорайон Конева","addr:housenumber":"14"},"geometry":{"type":"MultiPolygon","coordinates":[[[[37.8814002,51.3073637],[37.8815021,51.3072706],[37.881325,51.3071948],[37.8814211,51.307107],[37.8812739,51.307044],[37.8812259,51.3070878],[37.8811547,51.3070573],[37.8812035,51.3070127],[37.8810568,51.3069499],[37.8809531,51.3070446],[37.8811284,51.3071196],[37.881038,51.3072022],[37.8809702,51.3071731],[37.8809227,51.3072165],[37.8808591,51.3071893],[37.8809062,51.3071464],[37.8807536,51.3070811],[37.8806534,51.3071727],[37.8808315,51.3072489],[37.8807369,51.3073353],[37.8808872,51.3073996],[37.8809349,51.307356],[37.8809953,51.3073818],[37.8809476,51.3074254],[37.8811004,51.3074908],[37.8812003,51.3073996],[37.8810242,51.3073242],[37.8811131,51.307243],[37.8811841,51.3072734],[37.8812349,51.307227],[37.8813039,51.3072565],[37.8812547,51.3073014],[37.8814002,51.3073637]]]]}},
{"type":"Feature","properties":{"full_id":"w42446177","osm_id":"42446177","osm_type":"way","building":"yes","dispensing":null,"man_made":null,"start_date":null,"energy_class":null,"building:levels:underground":null,"building:flats":null,"outdoor_seating":null,"name:ru":null,"name:en":null,"healthcare":null,"contact:website":null,"contact:phone":null,"contact:email":null,"brand:wikidata":null,"brand":null,"operator":null,"smoking":null,"layer":null,"cuisine":null,"addr:street":null,"office":null,"government":null,"leisure":null,"roof:levels":null,"height":null,"substation":null,"shop":null,"power":null,"pipeline":null,"opening_hours":null,"amenity":null,"addr:postcode":null,"addr:country":null,"addr:city":null,"official_name":null,"name":null,"type":null,"building:levels":null,"addr:place":"микрорайон Конева","addr:housenumber":null},"geometry":{"type":"MultiPolygon","coordinates":[[[[37.8760362,51.3075067],[37.8760673,51.3073514],[37.8759728,51.3073439],[37.8759417,51.3074992],[37.8760362,51.3075067]]]]}},
{"type":"Feature","properties":{"full_id":"w42446183","osm_id":"42446183","osm_type":"way","building":"house","dispensing":null,"man_made":null,"start_date":null,"energy_class":null,"building:levels:underground":null,"building:flats":null,"outdoor_seating":null,"name:ru":null,"name:en":null,"healthcare":null,"contact:website":null,"contact:phone":null,"contact:email":null,"brand:wikidata":null,"brand":null,"operator":null,"smoking":null,"layer":null,"cuisine":null,"addr:street":"улица Прядченко","office":null,"government":null,"leisure":null,"roof:levels":null,"height":null,"substation":null,"shop":null,"power":null,"pipeline":null,"opening_hours":null,"amenity":null,"addr:postcode":"309501","addr:country":null,"addr:city":"Старый Оскол","official_name":null,"name":null,"type":null,"building:levels":null,"addr:place":null,"addr:housenumber":"144"},"geometry":{"type":"MultiPolygon","coordinates":[[[[37.8742909,51.3068855],[37.8744183,51.3068905],[37.8744079,51.3069959],[37.8742805,51.306991],[37.8742909,51.3068855]]]]}},
{"type":"Feature","properties":{"full_id":"w42446185","osm_id":"42446185","osm_type":"way","building":"apartments","dispensing":null,"man_made":null,"start_date":null,"energy_class":null,"building:levels:underground":null,"building:flats":null,"outdoor_seating":null,"name:ru":null,"name:en":null,"healthcare":null,"contact:website":null,"contact:phone":null,"contact:email":null,"brand:wikidata":null,"brand":null,"operator":null,"smoking":null,"layer":null,"cuisine":null,"addr:street":null,"office":null,"government":null,"leisure":null,"roof:levels":null,"height":null,"substation":null,"shop":null,"power":null,"pipeline":null,"opening_hours":null,"amenity":null,"addr:postcode":null,"addr:country":null,"addr:city":null,"official_name":null,"name":null,"type":null,"building:levels":"9","addr:place":"микрорайон Конева","addr:housenumber":"10"},"geometry":{"type":"MultiPolygon","coordinates":[[[[37.8762165,51.3088017],[37.8762431,51.3088133],[37.8764389,51.3088988],[37.8767028,51.3090141],[37.8769768,51.3091337],[37.8771263,51.309199],[37.8770181,51.3092958],[37.8759543,51.3088312],[37.8764988,51.308344],[37.8766528,51.3084113],[37.8765387,51.3085134],[37.8763397,51.3086914],[37.8762165,51.3088017]]]]}},
{"type":"Feature","properties":{"full_id":"w42446188","osm_id":"42446188","osm_type":"way","building":"yes","dispensing":null,"man_made":null,"start_date":null,"energy_class":null,"building:levels:underground":null,"building:flats":null,"outdoor_seating":null,"name:ru":null,"name:en":null,"healthcare":null,"contact:website":null,"contact:phone":null,"contact:email":null,"brand:wikidata":null,"brand":null,"operator":null,"smoking":null,"layer":null,"cuisine":null,"addr:street":null,"office":null,"government":null,"leisure":null,"roof:levels":null,"height":null,"substation":null,"shop":null,"power":"substation","pipeline":null,"opening_hours":null,"amenity":null,"addr:postcode":null,"addr:country":null,"addr:city":null,"official_name":null,"name":"ЗТП-817н","type":null,"building:levels":"1","addr:place":"микрорайон Конева","addr:housenumber":null},"geometry":{"type":"MultiPolygon","coordinates":[[[[37.8782938,51.3093914],[37.8784119,51.3094431],[37.8783546,51.3094942],[37.8782365,51.3094425],[37.8782938,51.3093914]]]]}},
{"type":"Feature","properties":{"full_id":"w42446189","osm_id":"42446189","osm_type":"way","building":"yes","dispensing":null,"man_made":null,"start_date":null,"energy_class":null,"building:levels:underground":null,"building:flats":null,"outdoor_seating":null,"name:ru":null,"name:en":null,"healthcare":null,"contact:website":null,"contact:phone":null,"contact:email":null,"brand:wikidata":null,"brand":null,"operator":null,"smoking":null,"layer":null,"cuisine":null,"addr:street":"улица Прядченко","office":null,"government":null,"leisure":null,"roof:levels":null,"height":null,"substation":null,"shop":null,"power":null,"pipeline":null,"opening_hours":null,"amenity":null,"addr:postcode":null,"addr:country":null,"addr:city":null,"official_name":null,"name":null,"type":null,"building:levels":null,"addr:place":null,"addr:housenumber":"146"},"geometry":{"type":"MultiPolygon","coordinates":[[[[37.8746348,51.3070687],[37.874479,51.3074177],[37.8743408,51.3073935],[37.8744965,51.3070446],[37.8746348,51.3070687]]]]}},
{"type":"Feature","properties":{"full_id":"w42446192","osm_id":"42446192","osm_type":"way","building":"yes","dispensing":null,"man_made":null,"start_date":null,"energy_class":null,"building:levels:underground":null,"building:flats":null,"outdoor_seating":null,"name:ru":null,"name:en":null,"healthcare":null,"contact:website":null,"contact:phone":null,"contact:email":null,"brand:wikidata":null,"brand":null,"operator":null,"smoking":null,"layer":null,"cuisine":null,"addr:street":"улица Прядченко","office":null,"government":null,"leisure":null,"roof:levels":null,"height":null,"substation":null,"shop":null,"power":null,"pipeline":null,"opening_hours":null,"amenity":null,"addr:postcode":null,"addr:country":null,"addr:city":null,"official_name":null,"name":null,"type":null,"building:levels":null,"addr:place":null,"addr:housenumber":"150"},"geometry":{"type":"MultiPolygon","coordinates":[[[[37.8765963,51.3068835],[37.8769264,51.3068835],[37.8769264,51.3069535],[37.8765963,51.3069535],[37.8765963,51.3068835]]]]}},
{"type":"Feature","properties":{"full_id":"w42446194","osm_id":"42446194","osm_type":"way","building":"yes","dispensing":null,"man_made":null,"start_date":null,"energy_class":null,"building:levels:underground":null,"building:flats":null,"outdoor_seating":null,"name:ru":null,"name:en":null,"healthcare":null,"contact:website":null,"contact:phone":null,"contact:email":null,"brand:wikidata":null,"brand":null,"operator":null,"smoking":null,"layer":null,"cuisine":null,"addr:street":null,"office":null,"government":null,"leisure":null,"roof:levels":null,"height":null,"substation":null,"shop":null,"power":null,"pipeline":null,"opening_hours":null,"amenity":null,"addr:postcode":null,"addr:country":null,"addr:city":null,"official_name":null,"name":null,"type":null,"building:levels":null,"addr:place":null,"addr:housenumber":null},"geometry":{"type":"MultiPolygon","coordinates":[[[[37.8821547,51.3069106],[37.8821846,51.3068857],[37.8821191,51.306855],[37.8820892,51.3068799],[37.8821547,51.3069106]]]]}},
{"type":"Feature","properties":{"full_id":"w42446202","osm_id":"42446202","osm_type":"way","building":"yes","dispensing":null,"man_made":null,"start_date":null,"energy_class":null,"building:levels:underground":null,"building:flats":null,"outdoor_seating":null,"name:ru":null,"name:en":null,"healthcare":null,"contact:website":null,"contact:phone":null,"contact:email":null,"brand:wikidata":null,"brand":null,"operator":null,"smoking":null,"layer":null,"cuisine":null,"addr:street":"улица Прядченко","office":null,"government":null,"leisure":null,"roof:levels":null,"height":null,"substation":null,"shop":null,"power":null,"pipeline":null,"opening_hours":null,"amenity":null,"addr:postcode":"309501","addr:country":null,"addr:city":"Старый Оскол","official_name":null,"name":"ТЦ Квадрат","type":null,"building:levels":null,"addr:place":null,"addr:housenumber":"152А"},"geometry":{"type":"MultiPolygon","coordinates":[[[[37.8786853,51.3070291],[37.8781017,51.3070174],[37.8780849,51.3073448],[37.878919,51.3073615],[37.8789212,51.307318],[37.8794646,51.3073288],[37.8794813,51.307002],[37.8790733,51.3069938],[37.879018,51.3070062],[37.8789813,51.3070267],[37.8789403,51.3070582],[37.8788665,51.3070531],[37.8788209,51.3070246],[37.8787498,51.3070188],[37.8786853,51.3070291]]]]}},
{"type":"Feature","properties":{"full_id":"w42446203","osm_id":"42446203","osm_type":"way","building":"yes","dispensing":null,"man_made":null,"start_date":null,"energy_class":null,"building:levels:underground":null,"building:flats":null,"outdoor_seating":null,"name:ru":null,"name:en":null,"healthcare":null,"contact:website":null,"contact:phone":null,"contact:email":null,"brand:wikidata":null,"brand":null,"operator":null,"smoking":null,"layer":null,"cuisine":null,"addr:street":null,"office":null,"government":null,"leisure":null,"roof:levels":null,"height":null,"substation":null,"shop":null,"power":null,"pipeline":null,"opening_hours":null,"amenity":null,"addr:postcode":null,"addr:country":null,"addr:city":null,"official_name":null,"name":null,"type":null,"building:levels":null,"addr:place":"микрорайон Конева","addr:housenumber":null},"geometry":{"type":"MultiPolygon","coordinates":[[[[37.8791424,51.3075693],[37.8791422,51.3074031],[37.8793019,51.3074049],[37.8793077,51.3076207],[37.879132,51.3076224],[37.8790972,51.307671],[37.878959,51.3076643],[37.8789698,51.3075587],[37.8790864,51.3075755],[37.8791424,51.3075693]]]]}},
{"type":"Feature","properties":{"full_id":"w42446205","osm_id":"42446205","osm_type":"way","building":"yes","dispensing":null,"man_made":null,"start_date":null,"energy_class":null,"building:levels:underground":null,"building:flats":null,"outdoor_seating":null,"name:ru":null,"name:en":null,"healthcare":null,"contact:website":null,"contact:phone":null,"contact:email":null,"brand:wikidata":null,"brand":null,"operator":null,"smoking":null,"layer":null,"cuisine":null,"addr:street":null,"office":null,"government":null,"leisure":null,"roof:levels":null,"height":null,"substation":null,"shop":null,"power":null,"pipeline":null,"opening_hours":null,"amenity":null,"addr:postcode":null,"addr:country":null,"addr:city":null,"official_name":null,"name":null,"type":null,"building:levels":null,"addr:place":null,"addr:housenumber":null},"geometry":{"type":"MultiPolygon","coordinates":[[[[37.8822483,51.3069511],[37.8822773,51.3069258],[37.8822106,51.306896],[37.8821816,51.3069214],[37.8822483,51.3069511]]]]}},
{"type":"Feature","properties":{"full_id":"w42446223","osm_id":"42446223","osm_type":"way","building":"house","dispensing":null,"man_made":null,"start_date":null,"energy_class":null,"building:levels:underground":null,"building:flats":null,"outdoor_seating":null,"name:ru":null,"name:en":null,"healthcare":null,"contact:website":null,"contact:phone":null,"contact:email":null,"brand:wikidata":null,"brand":null,"operator":null,"smoking":null,"layer":null,"cuisine":null,"addr:street":"улица Прядченко","office":null,"government":null,"leisure":null,"roof:levels":null,"height":null,"substation":null,"shop":null,"power":null,"pipeline":null,"opening_hours":null,"amenity":null,"addr:postcode":"309501","addr:country":null,"addr:city":"Старый Оскол","official_name":null,"name":null,"type":null,"building:levels":null,"addr:place":null,"addr:housenumber":"142"},"geometry":{"type":"MultiPolygon","coordinates":[[[[37.8735381,51.3068433],[37.873743,51.3068477],[37.8737356,51.3069822],[37.8735307,51.3069778],[37.8735381,51.3068433]]]]}},
{"type":"Feature","properties":{"full_id":"w42446224","osm_id":"42446224","osm_type":"way","building":"yes","dispensing":null,"man_made":null,"start_date":null,"energy_class":null,"building:levels:underground":null,"building:flats":null,"outdoor_seating":null,"name:ru":null,"name:en":null,"healthcare":null,"contact:website":null,"contact:phone":null,"contact:email":null,"brand:wikidata":null,"brand":null,"operator":null,"smoking":null,"layer":null,"cuisine":null,"addr:street":null,"office":null,"government":null,"leisure":null,"roof:levels":null,"height":null,"substation":null,"shop":null,"power":null,"pipeline":null,"opening_hours":null,"amenity":null,"addr:postcode":null,"addr:country":null,"addr:city":null,"official_name":null,"name":null,"type":null,"building:levels":null,"addr:place":"микрорайон Конева","addr:housenumber":null},"geometry":{"type":"MultiPolygon","coordinates":[[[[37.8758737,51.3075363],[37.875715,51.3075265],[37.8755438,51.3075159],[37.8755342,51.3075759],[37.8758642,51.3075963],[37.8758737,51.3075363]]]]}},
{"type":"Feature","properties":{"full_id":"w42446234","osm_id":"42446234","osm_type":"way","building":"yes","dispensing":null,"man_made":null,"start_date":null,"energy_class":null,"building:levels:underground":null,"building:flats":null,"outdoor_seating":null,"name:ru":null,"name:en":null,"healthcare":null,"contact:website":null,"contact:phone":null,"contact:email":null,"brand:wikidata":null,"brand":null,"operator":null,"smoking":null,"layer":null,"cuisine":null,"addr:street":null,"office":null,"government":null,"leisure":null,"roof:levels":null,"height":null,"substation":null,"shop":null,"power":null,"pipeline":null,"opening_hours":null,"amenity":null,"addr:postcode":null,"addr:country":null,"addr:city":null,"official_name":null,"name":null,"type":null,"building:levels":"2","addr:place":"микрорайон Конева","addr:housenumber":"15"},"geometry":{"type":"MultiPolygon","coordinates":[[[[37.8781478,51.3078019],[37.8781276,51.3078206],[37.878066,51.3077947],[37.8780897,51.3077726],[37.8779375,51.3077085],[37.8778362,51.3078024],[37.8780098,51.3078756],[37.8779211,51.3079578],[37.8778497,51.3079277],[37.8778307,51.3079453],[37.8777713,51.3079203],[37.8777903,51.3079028],[37.8776395,51.3078392],[37.8775421,51.3079295],[37.8777145,51.3080021],[37.8776168,51.3080927],[37.8777698,51.3081572],[37.8777922,51.3081364],[37.877852,51.3081616],[37.8778239,51.3081877],[37.8779768,51.3082521],[37.8780772,51.3081591],[37.8779019,51.3080852],[37.8779953,51.3079985],[37.8780679,51.3080291],[37.878091,51.3080077],[37.8781529,51.3080338],[37.8781271,51.3080577],[37.8782787,51.3081215],[37.8783778,51.3080296],[37.8782009,51.3079551],[37.8782978,51.3078651],[37.8781478,51.3078019]]]]}},
{"type":"Feature","properties":{"full_id":"w42446244","osm_id":"42446244","osm_type":"way","building":"yes","dispensing":null,"man_made":null,"start_date":null,"energy_class":null,"building:levels:underground":null,"building:flats":null,"outdoor_seating":null,"name:ru":null,"name:en":null,"healthcare":null,"contact:website":null,"contact:phone":null,"contact:email":null,"brand:wikidata":null,"brand":null,"operator":null,"smoking":null,"layer":null,"cuisine":null,"addr:street":null,"office":null,"government":null,"leisure":null,"roof:levels":null,"height":null,"substation":null,"shop":null,"power":null,"pipeline":null,"opening_hours":null,"amenity":null,"addr:postcode":null,"addr:country":null,"addr:city":null,"official_name":null,"name":null,"type":null,"building:levels":null,"addr:place":"микрорайон Конева","addr:housenumber":null},"geometry":{"type":"MultiPolygon","coordinates":[[[[37.879392,51.3101381],[37.8793719,51.3101522],[37.8792475,51.3102646],[37.8792281,51.310285],[37.8794109,51.3103652],[37.8795761,51.3102192],[37.879392,51.3101381]]]]}},
{"type":"Feature","properties":{"full_id":"w42446247","osm_id":"42446247","osm_type":"way","building":"apartments","dispensing":null,"man_made":null,"start_date":null,"energy_class":null,"building:levels:underground":null,"building:flats":null,"outdoor_seating":null,"name:ru":null,"name:en":null,"healthcare":null,"contact:website":null,"contact:phone":null,"contact:email":null,"brand:wikidata":null,"brand":null,"operator":null,"smoking":null,"layer":null,"cuisine":null,"addr:street":null,"office":null,"government":null,"leisure":null,"roof:levels":null,"height":null,"substation":null,"shop":null,"power":null,"pipeline":null,"opening_hours":null,"amenity":null,"addr:postcode":null,"addr:country":null,"addr:city":null,"official_name":null,"name":null,"type":null,"building:levels":"9","addr:place":"микрорайон Конева","addr:housenumber":"2"},"geometry":{"type":"MultiPolygon","coordinates":[[[[37.8827602,51.3069296],[37.882981,51.3070242],[37.8831939,51.3071154],[37.8830698,51.3072286],[37.8826361,51.3070428],[37.8827602,51.3069296]]]]}},
{"type":"Feature","properties":{"full_id":"w42446253","osm_id":"42446253","osm_type":"way","building":"retail","dispensing":null,"man_made":null,"start_date":null,"energy_class":null,"building:levels:underground":null,"building:flats":null,"outdoor_seating":null,"name:ru":null,"name:en":null,"healthcare":null,"contact:website":null,"contact:phone":null,"contact:email":null,"brand:wikidata":null,"brand":null,"operator":null,"smoking":null,"layer":null,"cuisine":null,"addr:street":null,"office":null,"government":null,"leisure":null,"roof:levels":null,"height":null,"substation":null,"shop":null,"power":null,"pipeline":null,"opening_hours":null,"amenity":null,"addr:postcode":null,"addr:country":null,"addr:city":"Старый Оскол","official_name":null,"name":null,"type":null,"building:levels":"1","addr:place":"микрорайон Конева","addr:housenumber":"2/3"},"geometry":{"type":"MultiPolygon","coordinates":[[[[37.8825806,51.3068512],[37.8827602,51.3069296],[37.8826361,51.3070428],[37.8826017,51.307071],[37.8824298,51.3070028],[37.8824296,51.306974],[37.8825635,51.3068555],[37.8825806,51.3068512]]]]}},
{"type":"Feature","properties":{"full_id":"w42446254","osm_id":"42446254","osm_type":"way","building":"yes","dispensing":null,"man_made":null,"start_date":null,"energy_class":null,"building:levels:underground":null,"building:flats":null,"outdoor_seating":null,"name:ru":null,"name:en":null,"healthcare":null,"contact:website":null,"contact:phone":null,"contact:email":null,"brand:wikidata":null,"brand":null,"operator":null,"smoking":null,"layer":null,"cuisine":null,"addr:street":"улица Прядченко","office":null,"government":null,"leisure":null,"roof:levels":null,"height":null,"substation":null,"shop":null,"power":null,"pipeline":null,"opening_hours":null,"amenity":null,"addr:postcode":"309501","addr:country":null,"addr:city":"Старый Оскол","official_name":null,"name":null,"type":null,"building:levels":null,"addr:place":null,"addr:housenumber":"152"},"geometry":{"type":"MultiPolygon","coordinates":[[[[37.8797344,51.3070039],[37.8800898,51.3070087],[37.8800825,51.3072223],[37.8797271,51.3072175],[37.8797344,51.3070039]]]]}},
{"type":"Feature","properties":{"full_id":"w42446257","osm_id":"42446257","osm_type":"way","building":"yes","dispensing":null,"man_made":null,"start_date":null,"energy_class":null,"building:levels:underground":null,"building:flats":null,"outdoor_seating":null,"name:ru":null,"name:en":null,"healthcare":null,"contact:website":null,"contact:phone":null,"contact:email":null,"brand:wikidata":null,"brand":null,"operator":null,"smoking":null,"layer":null,"cuisine":null,"addr:street":null,"office":null,"government":null,"leisure":null,"roof:levels":null,"height":null,"substation":null,"shop":null,"power":"substation","pipeline":null,"opening_hours":null,"amenity":null,"addr:postcode":null,"addr:country":null,"addr:city":null,"official_name":null,"name":"ЗТП-820н","type":null,"building:levels":"1","addr:place":"микрорайон Конева","addr:housenumber":null},"geometry":{"type":"MultiPolygon","coordinates":[[[[37.8769019,51.3084681],[37.8770171,51.3085169],[37.8769619,51.3085679],[37.8768466,51.3085192],[37.8769019,51.3084681]]]]}},
{"type":"Feature","properties":{"full_id":"w42446258","osm_id":"42446258","osm_type":"way","building":"garages","dispensing":null,"man_made":null,"start_date":null,"energy_class":null,"building:levels:underground":null,"building:flats":null,"outdoor_seating":null,"name:ru":null,"name:en":null,"healthcare":null,"contact:website":null,"contact:phone":null,"contact:email":null,"brand:wikidata":null,"brand":null,"operator":null,"smoking":null,"layer":null,"cuisine":null,"addr:street":null,"office":null,"government":null,"leisure":null,"roof:levels":null,"height":null,"substation":null,"shop":null,"power":null,"pipeline":null,"opening_hours":null,"amenity":null,"addr:postcode":null,"addr:country":null,"addr:city":null,"official_name":null,"name":null,"type":null,"building:levels":null,"addr:place":"микрорайон Конева","addr:housenumber":null},"geometry":{"type":"MultiPolygon","coordinates":[[[[37.878875,51.3083563],[37.8789397,51.3082988],[37.8788894,51.3082767],[37.8790985,51.3080909],[37.8788626,51.3079873],[37.8787441,51.3080927],[37.8787963,51.3081156],[37.8786738,51.3082245],[37.8785865,51.3081862],[37.8785212,51.3082443],[37.8787266,51.3083345],[37.8787593,51.3083055],[37.878875,51.3083563]]]]}},
{"type":"Feature","properties":{"full_id":"w42446259","osm_id":"42446259","osm_type":"way","building":"yes","dispensing":null,"man_made":null,"start_date":null,"energy_class":null,"building:levels:underground":null,"building:flats":null,"outdoor_seating":null,"name:ru":null,"name:en":null,"healthcare":null,"contact:website":null,"contact:phone":null,"contact:email":null,"brand:wikidata":null,"brand":null,"operator":null,"smoking":null,"layer":null,"cuisine":null,"addr:street":"улица Прядченко","office":null,"government":null,"leisure":null,"roof:levels":null,"height":null,"substation":null,"shop":null,"power":null,"pipeline":null,"opening_hours":null,"amenity":null,"addr:postcode":null,"addr:country":null,"addr:city":null,"official_name":null,"name":null,"type":null,"building:levels":null,"addr:place":null,"addr:housenumber":"146Б"},"geometry":{"type":"MultiPolygon","coordinates":[[[[37.8760405,51.3068704],[37.876226,51.3068725],[37.8762232,51.3069717],[37.8763889,51.3069735],[37.8763851,51.3071071],[37.8760339,51.3071032],[37.8760405,51.3068704]]]]}},
{"type":"Feature","properties":{"full_id":"w42446260","osm_id":"42446260","osm_type":"way","building":"yes","dispensing":null,"man_made":null,"start_date":null,"energy_class":null,"building:levels:underground":null,"building:flats":null,"outdoor_seating":null,"name:ru":null,"name:en":null,"healthcare":null,"contact:website":null,"contact:phone":null,"contact:email":null,"brand:wikidata":null,"brand":null,"operator":null,"smoking":null,"layer":null,"cuisine":null,"addr:street":null,"office":null,"government":null,"leisure":null,"roof:levels":null,"height":null,"substation":null,"shop":null,"power":null,"pipeline":"substation","opening_hours":null,"amenity":null,"addr:postcode":null,"addr:country":null,"addr:city":null,"official_name":null,"name":"ЦТП","type":null,"building:levels":"1","addr:place":null,"addr:housenumber":null},"geometry":{"type":"MultiPolygon","coordinates":[[[[37.882064,51.3071304],[37.8818118,51.307026],[37.881912,51.3069314],[37.8821609,51.3070343],[37.882064,51.3071304]]]]}},
{"type":"Feature","properties":{"full_id":"w42446262","osm_id":"42446262","osm_type":"way","building":"yes","dispensing":null,"man_made":null,"start_date":null,"energy_class":null,"building:levels:underground":null,"building:flats":null,"outdoor_seating":null,"name:ru":null,"name:en":null,"healthcare":null,"contact:website":null,"contact:phone":null,"contact:email":null,"brand:wikidata":null,"brand":null,"operator":null,"smoking":null,"layer":null,"cuisine":null,"addr:street":null,"office":null,"government":null,"leisure":null,"roof:levels":null,"height":null,"substation":null,"shop":null,"power":null,"pipeline":null,"opening_hours":null,"amenity":null,"addr:postcode":null,"addr:country":null,"addr:city":null,"official_name":null,"name":null,"type":null,"building:levels":"7","addr:place":"микрорайон Конева","addr:housenumber":"17"},"geometry":{"type":"MultiPolygon","coordinates":[[[[37.8755165,51.3081093],[37.8754918,51.308132],[37.8753875,51.3080903],[37.8755229,51.3079694],[37.8756099,51.3080042],[37.8756352,51.307981],[37.8762481,51.3082422],[37.8762952,51.3082623],[37.8762405,51.3083124],[37.8761952,51.3082931],[37.8761167,51.3083651],[37.8755165,51.3081093]]]]}},
{"type":"Feature","properties":{"full_id":"w42448972","osm_id":"42448972","osm_type":"way","building":"apartments","dispensing":null,"man_made":null,"start_date":null,"energy_class":null,"building:levels:underground":null,"building:flats":null,"outdoor_seating":null,"name:ru":null,"name:en":null,"healthcare":null,"contact:website":null,"contact:phone":null,"contact:email":null,"brand:wikidata":null,"brand":null,"operator":null,"smoking":null,"layer":null,"cuisine":null,"addr:street":null,"office":null,"government":null,"leisure":null,"roof:levels":null,"height":null,"substation":null,"shop":null,"power":null,"pipeline":null,"opening_hours":null,"amenity":null,"addr:postcode":"309502","addr:country":null,"addr:city":"Старый Оскол","official_name":null,"name":null,"type":null,"building:levels":"9","addr:place":"микрорайон Королёва","addr:housenumber":"6"},"geometry":{"type":"MultiPolygon","coordinates":[[[[37.9012608,51.3095862],[37.9013744,51.3096355],[37.9016067,51.3097364],[37.9016271,51.309718],[37.9017816,51.309579],[37.9019616,51.3094171],[37.9021488,51.3092486],[37.9023475,51.3090698],[37.9024425,51.3089843],[37.9025917,51.3090491],[37.9016513,51.3098953],[37.9011562,51.3096803],[37.9012608,51.3095862]]]]}},
{"type":"Feature","properties":{"full_id":"w42448983","osm_id":"42448983","osm_type":"way","building":"apartments","dispensing":null,"man_made":null,"start_date":null,"energy_class":null,"building:levels:underground":null,"building:flats":null,"outdoor_seating":null,"name:ru":null,"name:en":null,"healthcare":null,"contact:website":null,"contact:phone":null,"contact:email":null,"brand:wikidata":null,"brand":null,"operator":null,"smoking":null,"layer":null,"cuisine":null,"addr:street":null,"office":null,"government":null,"leisure":null,"roof:levels":null,"height":null,"substation":null,"shop":null,"power":null,"pipeline":null,"opening_hours":null,"amenity":null,"addr:postcode":"309502","addr:country":"RU","addr:city":"Старый Оскол","official_name":null,"name":null,"type":null,"building:levels":"10","addr:place":"микрорайон Королёва","addr:housenumber":"3А"},"geometry":{"type":"MultiPolygon","coordinates":[[[[37.9025027,51.3114011],[37.9039005,51.3120058],[37.9037901,51.3121054],[37.9036004,51.3120233],[37.9032578,51.3118751],[37.9029139,51.3117264],[37.9025774,51.3115808],[37.9023924,51.3115008],[37.9025027,51.3114011]]]]}},
{"type":"Feature","properties":{"full_id":"w42448986","osm_id":"42448986","osm_type":"way","building":"apartments","dispensing":null,"man_made":null,"start_date":null,"energy_class":null,"building:levels:underground":null,"building:flats":null,"outdoor_seating":null,"name:ru":null,"name:en":null,"healthcare":null,"contact:website":null,"contact:phone":null,"contact:email":null,"brand:wikidata":null,"brand":null,"operator":null,"smoking":null,"layer":null,"cuisine":null,"addr:street":null,"office":null,"government":null,"leisure":null,"roof:levels":null,"height":null,"substation":null,"shop":null,"power":null,"pipeline":null,"opening_hours":null,"amenity":null,"addr:postcode":"309502","addr:country":null,"addr:city":"Старый Оскол","official_name":null,"name":null,"type":null,"building:levels":"9","addr:place":"микрорайон Королёва","addr:housenumber":"3"},"geometry":{"type":"MultiPolygon","coordinates":[[[[37.9031093,51.3106352],[37.9030162,51.3107194],[37.9028209,51.3108958],[37.9026267,51.3110713],[37.9024341,51.3112453],[37.9023359,51.3113341],[37.9021865,51.3112695],[37.9029599,51.3105706],[37.9031093,51.3106352]]]]}},
{"type":"Feature","properties":{"full_id":"w42448992","osm_id":"42448992","osm_type":"way","building":"apartments","dispensing":null,"man_made":null,"start_date":null,"energy_class":null,"building:levels:underground":null,"building:flats":null,"outdoor_seating":null,"name:ru":null,"name:en":null,"healthcare":null,"contact:website":null,"contact:phone":null,"contact:email":null,"brand:wikidata":null,"brand":null,"operator":null,"smoking":null,"layer":null,"cuisine":null,"addr:street":null,"office":null,"government":null,"leisure":null,"roof:levels":null,"height":null,"substation":null,"shop":null,"power":null,"pipeline":null,"opening_hours":null,"amenity":null,"addr:postcode":"309502","addr:country":null,"addr:city":"Старый Оскол","official_name":null,"name":null,"type":null,"building:levels":"9","addr:place":"микрорайон Королёва","addr:housenumber":"4"},"geometry":{"type":"MultiPolygon","coordinates":[[[[37.9007694,51.3107197],[37.9008977,51.3107758],[37.9011671,51.3108935],[37.9013879,51.31099],[37.901404,51.3109753],[37.9015233,51.3108669],[37.9017273,51.3106814],[37.9019384,51.3104894],[37.9020673,51.3103721],[37.9020417,51.3103613],[37.901854,51.3102824],[37.901713,51.3102232],[37.9018184,51.3101276],[37.9023222,51.3103475],[37.9014306,51.311142],[37.9006698,51.3108091],[37.9007694,51.3107197]]]]}},
{"type":"Feature","properties":{"full_id":"w42448993","osm_id":"42448993","osm_type":"way","building":"yes","dispensing":null,"man_made":null,"start_date":null,"energy_class":null,"building:levels:underground":null,"building:flats":null,"outdoor_seating":null,"name:ru":null,"name:en":null,"healthcare":null,"contact:website":null,"contact:phone":null,"contact:email":null,"brand:wikidata":null,"brand":null,"operator":null,"smoking":null,"layer":null,"cuisine":null,"addr:street":null,"office":null,"government":null,"leisure":null,"roof:levels":null,"height":null,"substation":null,"shop":null,"power":"substation","pipeline":null,"opening_hours":null,"amenity":null,"addr:postcode":"309502","addr:country":null,"addr:city":"Старый Оскол","official_name":null,"name":"ТП-1203н","type":null,"building:levels":"1","addr:place":"микрорайон Королёва","addr:housenumber":null},"geometry":{"type":"MultiPolygon","coordinates":[[[[37.9006,51.3101333],[37.9007161,51.310181],[37.9006736,51.3102214],[37.9005574,51.3101736],[37.9006,51.3101333]]]]}},
{"type":"Feature","properties":{"full_id":"w42448994","osm_id":"42448994","osm_type":"way","building":"apartments","dispensing":null,"man_made":null,"start_date":null,"energy_class":null,"building:levels:underground":null,"building:flats":null,"outdoor_seating":null,"name:ru":null,"name:en":null,"healthcare":null,"contact:website":null,"contact:phone":null,"contact:email":null,"brand:wikidata":null,"brand":null,"operator":null,"smoking":null,"layer":null,"cuisine":null,"addr:street":null,"office":null,"government":null,"leisure":null,"roof:levels":null,"height":null,"substation":null,"shop":null,"power":null,"pipeline":null,"opening_hours":null,"amenity":null,"addr:postcode":"309502","addr:country":null,"addr:city":"Старый Оскол","official_name":null,"name":null,"type":null,"building:levels":"14","addr:place":"микрорайон Королёва","addr:housenumber":"29Б"},"geometry":{"type":"MultiPolygon","coordinates":[[[[37.9012349,51.3113488],[37.9011888,51.3113875],[37.9011656,51.3113768],[37.9011261,51.31141],[37.9010027,51.311514],[37.9007582,51.3114004],[37.900806,51.3113603],[37.9008344,51.3113735],[37.9010228,51.3112149],[37.9010949,51.3112484],[37.9010678,51.3112713],[37.9012349,51.3113488]]]]}},
{"type":"Feature","properties":{"full_id":"w42448995","osm_id":"42448995","osm_type":"way","building":"apartments","dispensing":null,"man_made":null,"start_date":null,"energy_class":null,"building:levels:underground":null,"building:flats":null,"outdoor_seating":null,"name:ru":null,"name:en":null,"healthcare":null,"contact:website":null,"contact:phone":null,"contact:email":null,"brand:wikidata":null,"brand":null,"operator":null,"smoking":null,"layer":null,"cuisine":null,"addr:street":null,"office":null,"government":null,"leisure":null,"roof:levels":null,"height":null,"substation":null,"shop":null,"power":null,"pipeline":null,"opening_hours":null,"amenity":null,"addr:postcode":"309502","addr:country":null,"addr:city":"Старый Оскол","official_name":null,"name":null,"type":null,"building:levels":"14","addr:place":"микрорайон Королёва","addr:housenumber":"28"},"geometry":{"type":"MultiPolygon","coordinates":[[[[37.8993373,51.3108329],[37.8993501,51.3108209],[37.8993995,51.3108414],[37.8993875,51.3108527],[37.8994612,51.3108834],[37.8995088,51.3108467],[37.8995871,51.3108837],[37.899518,51.3109508],[37.899478,51.3109341],[37.8994328,51.3109766],[37.8995301,51.3110171],[37.8994727,51.311071],[37.8993826,51.3110336],[37.8993737,51.3110419],[37.8993312,51.3110243],[37.8993381,51.3110178],[37.8993033,51.3110033],[37.8992573,51.3109842],[37.8992247,51.3110148],[37.8991436,51.3109811],[37.8991729,51.3109536],[37.8991953,51.3109317],[37.8991694,51.310921],[37.8992286,51.3108631],[37.899195,51.3108439],[37.8992492,51.3107966],[37.8993373,51.3108329]]]]}},
{"type":"Feature","properties":{"full_id":"w42448996","osm_id":"42448996","osm_type":"way","building":"yes","dispensing":null,"man_made":null,"start_date":null,"energy_class":null,"building:levels:underground":null,"building:flats":null,"outdoor_seating":null,"name:ru":null,"name:en":null,"healthcare":null,"contact:website":null,"contact:phone":null,"contact:email":null,"brand:wikidata":null,"brand":null,"operator":null,"smoking":null,"layer":null,"cuisine":null,"addr:street":null,"office":null,"government":null,"leisure":null,"roof:levels":null,"height":null,"substation":null,"shop":null,"power":null,"pipeline":null,"opening_hours":null,"amenity":null,"addr:postcode":"309502","addr:country":null,"addr:city":"Старый Оскол","official_name":null,"name":null,"type":null,"building:levels":"2","addr:place":"микрорайон Королёва","addr:housenumber":"28А"},"geometry":{"type":"MultiPolygon","coordinates":[[[[37.8990629,51.3107278],[37.8992388,51.3105696],[37.899278,51.3105866],[37.8993591,51.3105135],[37.8993168,51.3104952],[37.899426,51.3103968],[37.8995344,51.3104438],[37.8996131,51.3103728],[37.8994795,51.3103149],[37.8995084,51.3102889],[37.8993018,51.3101992],[37.89926,51.3102369],[37.8992847,51.3102476],[37.8991398,51.3103822],[37.8991198,51.3103738],[37.8990345,51.3104506],[37.8990509,51.3104576],[37.8989015,51.3105922],[37.8988848,51.3106124],[37.8988676,51.3106775],[37.8990629,51.3107278]]]]}},
{"type":"Feature","properties":{"full_id":"w42448998","osm_id":"42448998","osm_type":"way","building":"apartments","dispensing":null,"man_made":null,"start_date":null,"energy_class":null,"building:levels:underground":null,"building:flats":null,"outdoor_seating":null,"name:ru":null,"name:en":null,"healthcare":null,"contact:website":null,"contact:phone":null,"contact:email":null,"brand:wikidata":null,"brand":null,"operator":null,"smoking":null,"layer":null,"cuisine":null,"addr:street":null,"office":null,"government":null,"leisure":null,"roof:levels":null,"height":null,"substation":null,"shop":null,"power":null,"pipeline":null,"opening_hours":null,"amenity":null,"addr:postcode":"309502","addr:country":null,"addr:city":"Старый Оскол","official_name":null,"name":null,"type":null,"building:levels":"9","addr:place":"микрорайон Королёва","addr:housenumber":"5"},"geometry":{"type":"MultiPolygon","coordinates":[[[[37.9004685,51.3093604],[37.9005402,51.3093916],[37.9004485,51.3094739],[37.9002522,51.3096498],[37.9000582,51.3098236],[37.899862,51.3099995],[37.8997159,51.3101304],[37.8997512,51.3101458],[37.8999567,51.3102354],[37.9001923,51.3103381],[37.900351,51.3104073],[37.9002552,51.3104931],[37.8994796,51.310155],[37.8996068,51.310041],[37.9003997,51.3093304],[37.9004685,51.3093604]]]]}},
{"type":"Feature","properties":{"full_id":"w42449000","osm_id":"42449000","osm_type":"way","building":"yes","dispensing":null,"man_made":null,"start_date":null,"energy_class":null,"building:levels:underground":null,"building:flats":null,"outdoor_seating":null,"name:ru":null,"name:en":null,"healthcare":null,"contact:website":null,"contact:phone":null,"contact:email":null,"brand:wikidata":null,"brand":null,"operator":null,"smoking":null,"layer":null,"cuisine":null,"addr:street":null,"office":null,"government":null,"leisure":null,"roof:levels":null,"height":null,"substation":null,"shop":null,"power":null,"pipeline":null,"opening_hours":null,"amenity":null,"addr:postcode":"309502","addr:country":"RU","addr:city":"Старый Оскол","official_name":null,"name":null,"type":null,"building:levels":"2","addr:place":"микрорайон Королёва","addr:housenumber":"5Б"},"geometry":{"type":"MultiPolygon","coordinates":[[[[37.9010084,51.3090037],[37.9009771,51.3090311],[37.9009483,51.3090594],[37.9008723,51.3090262],[37.9008975,51.3089982],[37.9009309,51.3089663],[37.9007658,51.308895],[37.900813,51.3088515],[37.9008973,51.3088156],[37.9009799,51.3087937],[37.9010785,51.3088398],[37.9011227,51.3088003],[37.9011339,51.3088052],[37.901216,51.3088412],[37.901332,51.308892],[37.9013123,51.3089112],[37.9013973,51.3089485],[37.9014826,51.3088775],[37.9016377,51.3089454],[37.9013982,51.3091602],[37.9011677,51.3090677],[37.9010084,51.3090037]]]]}},
{"type":"Feature","properties":{"full_id":"w42449003","osm_id":"42449003","osm_type":"way","building":"yes","dispensing":null,"man_made":null,"start_date":null,"energy_class":null,"building:levels:underground":null,"building:flats":null,"outdoor_seating":null,"name:ru":null,"name:en":null,"healthcare":null,"contact:website":null,"contact:phone":null,"contact:email":null,"brand:wikidata":null,"brand":null,"operator":null,"smoking":null,"layer":null,"cuisine":null,"addr:street":null,"office":null,"government":null,"leisure":null,"roof:levels":null,"height":null,"substation":null,"shop":null,"power":null,"pipeline":null,"opening_hours":null,"amenity":null,"addr:postcode":"309502","addr:country":null,"addr:city":"Старый Оскол","official_name":null,"name":null,"type":null,"building:levels":null,"addr:place":"микрорайон Королёва","addr:housenumber":null},"geometry":{"type":"MultiPolygon","coordinates":[[[[37.9010561,51.3095214],[37.901125,51.3095457],[37.9010914,51.3095831],[37.9010225,51.3095588],[37.9010561,51.3095214]]]]}},
{"type":"Feature","properties":{"full_id":"w42449005","osm_id":"42449005","osm_type":"way","building":"yes","dispensing":null,"man_made":null,"start_date":null,"energy_class":null,"building:levels:underground":null,"building:flats":null,"outdoor_seating":null,"name:ru":null,"name:en":null,"healthcare":null,"contact:website":null,"contact:phone":null,"contact:email":null,"brand:wikidata":null,"brand":null,"operator":null,"smoking":null,"layer":null,"cuisine":null,"addr:street":null,"office":null,"government":null,"leisure":null,"roof:levels":null,"height":null,"substation":null,"shop":null,"power":null,"pipeline":null,"opening_hours":null,"amenity":null,"addr:postcode":"309502","addr:country":"RU","addr:city":"Старый Оскол","official_name":null,"name":null,"type":null,"building:levels":"2","addr:place":"микрорайон Королёва","addr:housenumber":"7А"},"geometry":{"type":"MultiPolygon","coordinates":[[[[37.9023308,51.3077303],[37.9024234,51.3077215],[37.9024863,51.3077463],[37.9028438,51.3078929],[37.9026639,51.3080645],[37.9023482,51.3079371],[37.9023259,51.3079567],[37.9022885,51.3079882],[37.9022222,51.3079575],[37.9022559,51.3079262],[37.9022789,51.3079045],[37.9021978,51.3078684],[37.9023308,51.3077303]]]]}},
{"type":"Feature","properties":{"full_id":"w42449006","osm_id":"42449006","osm_type":"way","building":"apartments","dispensing":null,"man_made":null,"start_date":null,"energy_class":null,"building:levels:underground":null,"building:flats":null,"outdoor_seating":null,"name:ru":null,"name:en":null,"healthcare":null,"contact:website":null,"contact:phone":null,"contact:email":null,"brand:wikidata":null,"brand":null,"operator":null,"smoking":null,"layer":null,"cuisine":null,"addr:street":null,"office":null,"government":null,"leisure":null,"roof:levels":null,"height":null,"substation":null,"shop":null,"power":null,"pipeline":null,"opening_hours":null,"amenity":null,"addr:postcode":"309502","addr:country":null,"addr:city":"Старый Оскол","official_name":null,"name":null,"type":null,"building:levels":"10","addr:place":"микрорайон Королёва","addr:housenumber":"7"},"geometry":{"type":"MultiPolygon","coordinates":[[[[37.9018129,51.3082957],[37.9018798,51.3083284],[37.9019663,51.3083651],[37.9020609,51.3082781],[37.902245,51.3081088],[37.9023491,51.3080131],[37.9022885,51.3079882],[37.9022222,51.3079575],[37.9021926,51.3079466],[37.9018129,51.3082957]]]]}},
{"type":"Feature","properties":{"full_id":"w42449008","osm_id":"42449008","osm_type":"way","building":"apartments","dispensing":null,"man_made":null,"start_date":null,"energy_class":null,"building:levels:underground":null,"building:flats":null,"outdoor_seating":null,"name:ru":null,"name:en":null,"healthcare":null,"contact:website":null,"contact:phone":null,"contact:email":null,"brand:wikidata":null,"brand":null,"operator":null,"smoking":null,"layer":null,"cuisine":null,"addr:street":null,"office":null,"government":null,"leisure":null,"roof:levels":null,"height":null,"substation":null,"shop":null,"power":null,"pipeline":null,"opening_hours":null,"amenity":null,"addr:postcode":"309502","addr:country":null,"addr:city":"Старый Оскол","official_name":null,"name":null,"type":null,"building:levels":"9","addr:place":"микрорайон Королёва","addr:housenumber":"8"},"geometry":{"type":"MultiPolygon","coordinates":[[[[37.9026188,51.3083543],[37.9027629,51.3084167],[37.9029655,51.3085044],[37.9029835,51.3084882],[37.9031013,51.3083818],[37.9032987,51.3082037],[37.9034922,51.308029],[37.9035961,51.3079352],[37.9037413,51.307998],[37.9030104,51.3086577],[37.9025186,51.3084447],[37.9026188,51.3083543]]]]}},
{"type":"Feature","properties":{"full_id":"w42449026","osm_id":"42449026","osm_type":"way","building":"apartments","dispensing":null,"man_made":null,"start_date":null,"energy_class":null,"building:levels:underground":null,"building:flats":null,"outdoor_seating":null,"name:ru":null,"name:en":null,"healthcare":null,"contact:website":null,"contact:phone":null,"contact:email":null,"brand:wikidata":null,"brand":null,"operator":null,"smoking":null,"layer":null,"cuisine":null,"addr:street":null,"office":null,"government":null,"leisure":null,"roof:levels":null,"height":null,"substation":null,"shop":null,"power":null,"pipeline":null,"opening_hours":null,"amenity":null,"addr:postcode":"309502","addr:country":null,"addr:city":"Старый Оскол","official_name":null,"name":null,"type":null,"building:levels":"14","addr:place":"микрорайон Королёва","addr:housenumber":"29"},"geometry":{"type":"MultiPolygon","coordinates":[[[[37.9000438,51.3106774],[37.9000582,51.3106639],[37.9001077,51.3106844],[37.9000947,51.3106966],[37.9001585,51.310723],[37.9001922,51.3106908],[37.9002752,51.310725],[37.9002698,51.3107302],[37.9002123,51.3107845],[37.9002383,51.3107952],[37.9001839,51.3108467],[37.9002172,51.3108605],[37.9001652,51.3109097],[37.9000834,51.3108759],[37.9000659,51.3108923],[37.9000235,51.3108748],[37.9000286,51.31087],[37.8999825,51.3108509],[37.8999364,51.3108319],[37.8999108,51.3108563],[37.8998295,51.3108226],[37.8998841,51.3107665],[37.8998652,51.3107587],[37.8999227,51.3107008],[37.8998853,51.3106853],[37.8999393,51.3106342],[37.9000438,51.3106774]]]]}},
{"type":"Feature","properties":{"full_id":"w42449037","osm_id":"42449037","osm_type":"way","building":"apartments","dispensing":null,"man_made":null,"start_date":null,"energy_class":null,"building:levels:underground":null,"building:flats":null,"outdoor_seating":null,"name:ru":null,"name:en":null,"healthcare":null,"contact:website":null,"contact:phone":null,"contact:email":null,"brand:wikidata":null,"brand":null,"operator":null,"smoking":null,"layer":null,"cuisine":null,"addr:street":null,"office":null,"government":null,"leisure":null,"roof:levels":null,"height":null,"substation":null,"shop":null,"power":null,"pipeline":null,"opening_hours":null,"amenity":null,"addr:postcode":"309502","addr:country":null,"addr:city":"Старый Оскол","official_name":null,"name":null,"type":null,"building:levels":"14","addr:place":"микрорайон Королёва","addr:housenumber":"29А"},"geometry":{"type":"MultiPolygon","coordinates":[[[[37.900337,51.3112135],[37.900403,51.31124],[37.9003883,51.3112543],[37.9006231,51.3113485],[37.900601,51.3113701],[37.9004639,51.3115035],[37.9003931,51.3114751],[37.9004096,51.3114591],[37.9003604,51.3114393],[37.9001815,51.3113675],[37.9001482,51.3113542],[37.900201,51.3113028],[37.9002324,51.3113154],[37.900337,51.3112135]]]]}},
{"type":"Feature","properties":{"full_id":"w42449059","osm_id":"42449059","osm_type":"way","building":"yes","dispensing":null,"man_made":null,"start_date":null,"energy_class":null,"building:levels:underground":null,"building:flats":null,"outdoor_seating":null,"name:ru":null,"name:en":null,"healthcare":null,"contact:website":null,"contact:phone":null,"contact:email":null,"brand:wikidata":null,"brand":null,"operator":null,"smoking":null,"layer":null,"cuisine":null,"addr:street":null,"office":null,"government":null,"leisure":null,"roof:levels":null,"height":null,"substation":null,"shop":"kiosk","power":null,"pipeline":null,"opening_hours":null,"amenity":null,"addr:postcode":"309502","addr:country":null,"addr:city":"Старый Оскол","official_name":null,"name":null,"type":null,"building:levels":null,"addr:place":"микрорайон Королёва","addr:housenumber":null},"geometry":{"type":"MultiPolygon","coordinates":[[[[37.8997382,51.3113397],[37.8997912,51.3113618],[37.8997666,51.3113849],[37.8997136,51.3113628],[37.8997382,51.3113397]]]]}},
{"type":"Feature","properties":{"full_id":"w42449066","osm_id":"42449066","osm_type":"way","building":"yes","dispensing":null,"man_made":null,"start_date":null,"energy_class":null,"building:levels:underground":null,"building:flats":null,"outdoor_seating":null,"name:ru":null,"name:en":null,"healthcare":null,"contact:website":null,"contact:phone":null,"contact:email":null,"brand:wikidata":null,"brand":null,"operator":null,"smoking":null,"layer":null,"cuisine":null,"addr:street":null,"office":null,"government":null,"leisure":null,"roof:levels":null,"height":null,"substation":null,"shop":"kiosk","power":null,"pipeline":null,"opening_hours":null,"amenity":null,"addr:postcode":null,"addr:country":null,"addr:city":null,"official_name":null,"name":null,"type":null,"building:levels":null,"addr:place":null,"addr:housenumber":null},"geometry":{"type":"MultiPolygon","coordinates":[[[[37.9016658,51.3112583],[37.9017758,51.3112983],[37.9017358,51.3113383],[37.9016258,51.3112983],[37.9016658,51.3112583]]]]}},
{"type":"Feature","properties":{"full_id":"w42449069","osm_id":"42449069","osm_type":"way","building":"yes","dispensing":null,"man_made":null,"start_date":null,"energy_class":null,"building:levels:underground":null,"building:flats":null,"outdoor_seating":null,"name:ru":null,"name:en":null,"healthcare":null,"contact:website":null,"contact:phone":null,"contact:email":null,"brand:wikidata":null,"brand":null,"operator":null,"smoking":null,"layer":null,"cuisine":null,"addr:street":null,"office":null,"government":null,"leisure":null,"roof:levels":null,"height":null,"substation":null,"shop":null,"power":null,"pipeline":null,"opening_hours":null,"amenity":null,"addr:postcode":"309502","addr:country":null,"addr:city":"Старый Оскол","official_name":null,"name":null,"type":null,"building:levels":null,"addr:place":"микрорайон Королёва","addr:housenumber":null},"geometry":{"type":"MultiPolygon","coordinates":[[[[37.9001098,51.3114361],[37.9002252,51.3114882],[37.9002496,51.3115169],[37.9002825,51.311535],[37.9003139,51.3115432],[37.9003438,51.3115414],[37.9004998,51.3116196],[37.9004703,51.3116498],[37.9006003,51.3117114],[37.9007184,51.3115936],[37.9006849,51.31145],[37.9006286,51.3113765],[37.900601,51.3113701],[37.9004639,51.3115035],[37.9003931,51.3114751],[37.9004096,51.3114591],[37.9003604,51.3114393],[37.9001815,51.3113675],[37.9001098,51.3114361]]]]}},
{"type":"Feature","properties":{"full_id":"w42449933","osm_id":"42449933","osm_type":"way","building":"apartments","dispensing":null,"man_made":null,"start_date":null,"energy_class":null,"building:levels:underground":null,"building:flats":null,"outdoor_seating":null,"name:ru":null,"name:en":null,"healthcare":null,"contact:website":null,"contact:phone":null,"contact:email":null,"brand:wikidata":null,"brand":null,"operator":null,"smoking":null,"layer":null,"cuisine":null,"addr:street":null,"office":null,"government":null,"leisure":null,"roof:levels":null,"height":null,"substation":null,"shop":null,"power":null,"pipeline":null,"opening_hours":null,"amenity":null,"addr:postcode":"309502","addr:country":"RU","addr:city":"Старый Оскол","official_name":null,"name":null,"type":null,"building:levels":"9","addr:place":"Солнечный микрорайон","addr:housenumber":"16"},"geometry":{"type":"MultiPolygon","coordinates":[[[[37.8961858,51.3149519],[37.8962417,51.3151644],[37.8960677,51.3151769],[37.8960395,51.3150792],[37.896009,51.3149736],[37.896099,51.3149619],[37.8960465,51.3147427],[37.8962077,51.3146017],[37.8963445,51.3144821],[37.8964104,51.3144244],[37.8963916,51.3143601],[37.8963318,51.3141555],[37.8962991,51.3140436],[37.8964799,51.3140285],[37.8965945,51.314446],[37.8963427,51.3146625],[37.8962833,51.3147135],[37.8962211,51.3147669],[37.8962454,51.3148428],[37.8962784,51.3149461],[37.8961858,51.3149519]]]]}},
{"type":"Feature","properties":{"full_id":"w42449936","osm_id":"42449936","osm_type":"way","building":"yes","dispensing":null,"man_made":null,"start_date":null,"energy_class":null,"building:levels:underground":null,"building:flats":null,"outdoor_seating":null,"name:ru":null,"name:en":null,"healthcare":null,"contact:website":null,"contact:phone":null,"contact:email":null,"brand:wikidata":null,"brand":null,"operator":null,"smoking":null,"layer":null,"cuisine":null,"addr:street":null,"office":null,"government":null,"leisure":null,"roof:levels":null,"height":null,"substation":null,"shop":null,"power":null,"pipeline":"substation","opening_hours":null,"amenity":null,"addr:postcode":"309502","addr:country":"RU","addr:city":"Старый Оскол","official_name":null,"name":"ЦТП 12-1","type":null,"building:levels":"1","addr:place":"Солнечный микрорайон","addr:housenumber":null},"geometry":{"type":"MultiPolygon","coordinates":[[[[37.8956475,51.3148831],[37.8957233,51.3148755],[37.8957591,51.315015],[37.8954153,51.3150495],[37.8953794,51.3149098],[37.8954708,51.3149006],[37.8956475,51.3148831]]]]}},
{"type":"Feature","properties":{"full_id":"w42449938","osm_id":"42449938","osm_type":"way","building":"apartments","dispensing":null,"man_made":null,"start_date":null,"energy_class":null,"building:levels:underground":null,"building:flats":null,"outdoor_seating":null,"name:ru":null,"name:en":null,"healthcare":null,"contact:website":null,"contact:phone":null,"contact:email":null,"brand:wikidata":null,"brand":null,"operator":null,"smoking":null,"layer":null,"cuisine":null,"addr:street":null,"office":null,"government":null,"leisure":null,"roof:levels":null,"height":null,"substation":null,"shop":null,"power":null,"pipeline":null,"opening_hours":null,"amenity":null,"addr:postcode":"309502","addr:country":"RU","addr:city":"Старый Оскол","official_name":null,"name":null,"type":null,"building:levels":"9","addr:place":"Солнечный микрорайон","addr:housenumber":"17"},"geometry":{"type":"MultiPolygon","coordinates":[[[[37.8979635,51.3137806],[37.8978192,51.3137218],[37.8977332,51.3136868],[37.8976468,51.3136947],[37.8975286,51.3137056],[37.8971166,51.3137536],[37.8965568,51.3135054],[37.8966568,51.3134154],[37.8968069,51.3134853],[37.8970696,51.3136077],[37.8971466,51.3136436],[37.8972824,51.3136252],[37.8974999,51.3135958],[37.8977787,51.3135653],[37.8980642,51.3136843],[37.8980108,51.3137305],[37.8981723,51.3138028],[37.8984471,51.3139259],[37.8985636,51.3139781],[37.8984603,51.3140703],[37.8979148,51.3138247],[37.8979635,51.3137806]]]]}},
{"type":"Feature","properties":{"full_id":"w42449939","osm_id":"42449939","osm_type":"way","building":"yes","dispensing":null,"man_made":null,"start_date":null,"energy_class":null,"building:levels:underground":null,"building:flats":null,"outdoor_seating":null,"name:ru":null,"name:en":null,"healthcare":null,"contact:website":null,"contact:phone":null,"contact:email":null,"brand:wikidata":null,"brand":null,"operator":null,"smoking":null,"layer":null,"cuisine":null,"addr:street":null,"office":null,"government":null,"leisure":null,"roof:levels":null,"height":null,"substation":null,"shop":null,"power":null,"pipeline":null,"opening_hours":null,"amenity":null,"addr:postcode":"309502","addr:country":"RU","addr:city":"Старый Оскол","official_name":null,"name":null,"type":null,"building:levels":"2","addr:place":"Солнечный микрорайон","addr:housenumber":"22"},"geometry":{"type":"MultiPolygon","coordinates":[[[[37.9014399,51.3143339],[37.9015962,51.3144002],[37.9014906,51.3144976],[37.9014532,51.3144818],[37.9014084,51.3145231],[37.9014454,51.3145387],[37.90134,51.314636],[37.9011938,51.314574],[37.901073,51.3146854],[37.9009177,51.3146196],[37.9010214,51.314524],[37.9010929,51.3145543],[37.9011359,51.3145147],[37.9010656,51.3144849],[37.9011166,51.3144379],[37.9009842,51.3143818],[37.900864,51.3144926],[37.9007107,51.3144277],[37.9007867,51.3143576],[37.9008684,51.3142823],[37.9009651,51.3141931],[37.9011127,51.3142556],[37.9012313,51.3141462],[37.9013889,51.3142129],[37.9012858,51.314308],[37.901213,51.3142771],[37.9011681,51.3143186],[37.9012393,51.3143487],[37.9011911,51.3143931],[37.9013175,51.3144467],[37.9014399,51.3143339]]]]}},
{"type":"Feature","properties":{"full_id":"w42449940","osm_id":"42449940","osm_type":"way","building":"yes","dispensing":null,"man_made":null,"start_date":null,"energy_class":null,"building:levels:underground":null,"building:flats":null,"outdoor_seating":null,"name:ru":null,"name:en":null,"healthcare":null,"contact:website":null,"contact:phone":null,"contact:email":null,"brand:wikidata":null,"brand":null,"operator":null,"smoking":null,"layer":null,"cuisine":null,"addr:street":null,"office":null,"government":null,"leisure":null,"roof:levels":null,"height":null,"substation":null,"shop":null,"power":null,"pipeline":null,"opening_hours":null,"amenity":null,"addr:postcode":"309502","addr:country":"RU","addr:city":"Старый Оскол","official_name":null,"name":null,"type":null,"building:levels":null,"addr:place":"Солнечный микрорайон","addr:housenumber":null},"geometry":{"type":"MultiPolygon","coordinates":[[[[37.8976186,51.3145301],[37.8975532,51.3145889],[37.8977414,51.3146708],[37.8976039,51.3147942],[37.8974191,51.3147138],[37.8973541,51.3147722],[37.897231,51.3147187],[37.8974991,51.314478],[37.8976186,51.3145301]]]]}},
{"type":"Feature","properties":{"full_id":"w42449941","osm_id":"42449941","osm_type":"way","building":"yes","dispensing":null,"man_made":null,"start_date":null,"energy_class":null,"building:levels:underground":null,"building:flats":null,"outdoor_seating":null,"name:ru":null,"name:en":null,"healthcare":null,"contact:website":null,"contact:phone":null,"contact:email":null,"brand:wikidata":null,"brand":null,"operator":null,"smoking":null,"layer":null,"cuisine":null,"addr:street":null,"office":null,"government":null,"leisure":null,"roof:levels":null,"height":null,"substation":null,"shop":null,"power":null,"pipeline":"substation","opening_hours":null,"amenity":null,"addr:postcode":"309502","addr:country":"RU","addr:city":"Старый Оскол","official_name":null,"name":"ЦТП 12","type":null,"building:levels":"1","addr:place":"Солнечный микрорайон","addr:housenumber":null},"geometry":{"type":"MultiPolygon","coordinates":[[[[37.9013808,51.3150832],[37.9014628,51.3150118],[37.9016395,51.3150911],[37.9014278,51.3152754],[37.9012526,51.3151967],[37.9013218,51.3151364],[37.9013808,51.3150832]]]]}},
{"type":"Feature","properties":{"full_id":"w42449942","osm_id":"42449942","osm_type":"way","building":"yes","dispensing":null,"man_made":null,"start_date":null,"energy_class":null,"building:levels:underground":null,"building:flats":null,"outdoor_seating":null,"name:ru":null,"name:en":null,"healthcare":null,"contact:website":null,"contact:phone":null,"contact:email":null,"brand:wikidata":null,"brand":null,"operator":null,"smoking":null,"layer":null,"cuisine":null,"addr:street":null,"office":null,"government":null,"leisure":null,"roof:levels":null,"height":null,"substation":null,"shop":null,"power":null,"pipeline":null,"opening_hours":null,"amenity":null,"addr:postcode":"309502","addr:country":"RU","addr:city":"Старый Оскол","official_name":null,"name":null,"type":null,"building:levels":null,"addr:place":"Солнечный микрорайон","addr:housenumber":"5"},"geometry":{"type":"MultiPolygon","coordinates":[[[[37.8973308,51.3121364],[37.897567,51.3122353],[37.8975456,51.3122547],[37.8977473,51.3123416],[37.8977201,51.3123665],[37.8977377,51.312374],[37.897754,51.3123811],[37.8977803,51.3123571],[37.8978608,51.3123918],[37.8978479,51.312404],[37.8980933,51.3125041],[37.8980847,51.3125134],[37.8979793,51.3126067],[37.8979138,51.3125787],[37.897869,51.3126173],[37.897801,51.312679],[37.8975033,51.3125508],[37.8975488,51.3125096],[37.8975505,51.3124932],[37.8975709,51.3124738],[37.8975983,51.3124678],[37.8976178,51.3124671],[37.8976507,51.3124778],[37.8976742,51.3124564],[37.8976566,51.3124488],[37.8975403,51.3123987],[37.8974798,51.3124536],[37.8974472,51.3124396],[37.897427,51.3124579],[37.8971214,51.3123264],[37.8970787,51.3123095],[37.8970532,51.3123322],[37.8969634,51.3122986],[37.8969473,51.3122584],[37.8971645,51.3120673],[37.8972046,51.3120638],[37.897241,51.3120606],[37.8972866,51.3120756],[37.8972957,51.3121062],[37.8973013,51.3121251],[37.8973308,51.3121364]]]]}},
{"type":"Feature","properties":{"full_id":"w42449944","osm_id":"42449944","osm_type":"way","building":"yes","dispensing":null,"man_made":null,"start_date":null,"energy_class":null,"building:levels:underground":null,"building:flats":null,"outdoor_seating":null,"name:ru":null,"name:en":null,"healthcare":null,"contact:website":null,"contact:phone":null,"contact:email":null,"brand:wikidata":null,"brand":null,"operator":null,"smoking":null,"layer":null,"cuisine":null,"addr:street":null,"office":"notary","government":null,"leisure":null,"roof:levels":null,"height":null,"substation":null,"shop":null,"power":null,"pipeline":null,"opening_hours":null,"amenity":null,"addr:postcode":"309502","addr:country":"RU","addr:city":"Старый Оскол","official_name":null,"name":null,"type":null,"building:levels":null,"addr:place":"Солнечный микрорайон","addr:housenumber":null},"geometry":{"type":"MultiPolygon","coordinates":[[[[37.8957027,51.3136499],[37.8957399,51.3136163],[37.8957825,51.3136332],[37.8958705,51.3135534],[37.8958388,51.313538],[37.8958908,51.3134892],[37.8957558,51.3134352],[37.8956985,51.3134535],[37.8955578,51.3135897],[37.8957027,51.3136499]]]]}},
{"type":"Feature","properties":{"full_id":"w42449945","osm_id":"42449945","osm_type":"way","building":"apartments","dispensing":null,"man_made":null,"start_date":null,"energy_class":null,"building:levels:underground":null,"building:flats":null,"outdoor_seating":null,"name:ru":null,"name:en":null,"healthcare":null,"contact:website":null,"contact:phone":null,"contact:email":null,"brand:wikidata":null,"brand":null,"operator":null,"smoking":null,"layer":null,"cuisine":null,"addr:street":null,"office":null,"government":null,"leisure":null,"roof:levels":null,"height":null,"substation":null,"shop":null,"power":null,"pipeline":null,"opening_hours":null,"amenity":null,"addr:postcode":"309502","addr:country":"RU","addr:city":"Старый Оскол","official_name":null,"name":null,"type":null,"building:levels":"9","addr:place":"Солнечный микрорайон","addr:housenumber":"5"},"geometry":{"type":"MultiPolygon","coordinates":[[[[37.8988508,51.3128545],[37.8980847,51.3125134],[37.8979793,51.3126067],[37.8979265,51.3126522],[37.8980752,51.3127184],[37.8981204,51.3126788],[37.8981317,51.3126689],[37.8983272,51.3127559],[37.8985832,51.3128699],[37.898749,51.3129437],[37.8988162,51.3128856],[37.8988508,51.3128545]]]]}},
{"type":"Feature","properties":{"full_id":"w42449946","osm_id":"42449946","osm_type":"way","building":"garage","dispensing":null,"man_made":null,"start_date":null,"energy_class":null,"building:levels:underground":null,"building:flats":null,"outdoor_seating":null,"name:ru":null,"name:en":null,"healthcare":null,"contact:website":null,"contact:phone":null,"contact:email":null,"brand:wikidata":null,"brand":null,"operator":null,"smoking":null,"layer":null,"cuisine":null,"addr:street":null,"office":null,"government":null,"leisure":null,"roof:levels":null,"height":null,"substation":null,"shop":null,"power":null,"pipeline":null,"opening_hours":null,"amenity":null,"addr:postcode":"309502","addr:country":"RU","addr:city":"Старый Оскол","official_name":null,"name":null,"type":null,"building:levels":null,"addr:place":"Солнечный микрорайон","addr:housenumber":null},"geometry":{"type":"MultiPolygon","coordinates":[[[[37.8960428,51.3142512],[37.8961329,51.3142512],[37.8961329,51.3142812],[37.8960428,51.3142812],[37.8960428,51.3142512]]]]}},
{"type":"Feature","properties":{"full_id":"w42449948","osm_id":"42449948","osm_type":"way","building":"apartments","dispensing":null,"man_made":null,"start_date":null,"energy_class":null,"building:levels:underground":null,"building:flats":null,"outdoor_seating":null,"name:ru":null,"name:en":null,"healthcare":null,"contact:website":null,"contact:phone":null,"contact:email":null,"brand:wikidata":null,"brand":null,"operator":null,"smoking":null,"layer":null,"cuisine":null,"addr:street":null,"office":null,"government":null,"leisure":null,"roof:levels":null,"height":null,"substation":null,"shop":null,"power":null,"pipeline":null,"opening_hours":null,"amenity":null,"addr:postcode":"309502","addr:country":"RU","addr:city":"Старый Оскол","official_name":null,"name":null,"type":null,"building:levels":"9","addr:place":"Солнечный микрорайон","addr:housenumber":"3"},"geometry":{"type":"MultiPolygon","coordinates":[[[[37.8961196,51.3133309],[37.8960348,51.3132936],[37.8960926,51.3132423],[37.8962279,51.3131164],[37.8964135,51.3129483],[37.8965677,51.3130129],[37.8964637,51.3131062],[37.8963816,51.3131798],[37.8962755,51.3132789],[37.896188,51.3133607],[37.8962708,51.3133953],[37.8961666,51.3134881],[37.8959689,51.3136641],[37.895919,51.3137086],[37.895943,51.3137829],[37.8960074,51.313982],[37.8960396,51.3140818],[37.8958535,51.3140969],[37.8957389,51.3137136],[37.8957306,51.3136793],[37.8957825,51.3136332],[37.8958705,51.3135534],[37.895998,51.3134389],[37.8961196,51.3133309]]]]}},
{"type":"Feature","properties":{"full_id":"w42449951","osm_id":"42449951","osm_type":"way","building":"yes","dispensing":null,"man_made":null,"start_date":null,"energy_class":null,"building:levels:underground":null,"building:flats":null,"outdoor_seating":null,"name:ru":null,"name:en":null,"healthcare":null,"contact:website":null,"contact:phone":null,"contact:email":null,"brand:wikidata":null,"brand":null,"operator":null,"smoking":null,"layer":null,"cuisine":null,"addr:street":null,"office":null,"government":null,"leisure":null,"roof:levels":null,"height":null,"substation":null,"shop":null,"power":null,"pipeline":null,"opening_hours":null,"amenity":null,"addr:postcode":"309502","addr:country":"RU","addr:city":"Старый Оскол","official_name":null,"name":null,"type":null,"building:levels":null,"addr:place":"Солнечный микрорайон","addr:housenumber":"3"},"geometry":{"type":"MultiPolygon","coordinates":[[[[37.8960664,51.3131796],[37.8959156,51.3133137],[37.8958777,51.3132971],[37.895799,51.3133671],[37.8959442,51.313431],[37.8959561,51.3134205],[37.895998,51.3134389],[37.8961196,51.3133309],[37.8960348,51.3132936],[37.8960926,51.3132423],[37.8960754,51.3132347],[37.8961139,51.3132004],[37.8960664,51.3131796]]]]}},
{"type":"Feature","properties":{"full_id":"w42449954","osm_id":"42449954","osm_type":"way","building":"yes","dispensing":null,"man_made":null,"start_date":null,"energy_class":null,"building:levels:underground":null,"building:flats":null,"outdoor_seating":null,"name:ru":null,"name:en":null,"healthcare":null,"contact:website":null,"contact:phone":null,"contact:email":null,"brand:wikidata":null,"brand":null,"operator":null,"smoking":null,"layer":null,"cuisine":null,"addr:street":null,"office":null,"government":null,"leisure":null,"roof:levels":null,"height":null,"substation":null,"shop":null,"power":null,"pipeline":null,"opening_hours":null,"amenity":null,"addr:postcode":"309502","addr:country":"RU","addr:city":"Старый Оскол","official_name":null,"name":null,"type":null,"building:levels":null,"addr:place":"Солнечный микрорайон","addr:housenumber":"1А"},"geometry":{"type":"MultiPolygon","coordinates":[[[[37.8943832,51.3149338],[37.8945276,51.3148085],[37.8946619,51.3147924],[37.8946117,51.314761],[37.8948531,51.3145409],[37.8946882,51.3144678],[37.8945283,51.3146138],[37.8944089,51.3146814],[37.8944094,51.3147022],[37.8943876,51.3147347],[37.8943309,51.3147149],[37.8941549,51.314874],[37.8941942,51.3148907],[37.8942376,51.3148907],[37.8942548,51.3148757],[37.8943832,51.3149338]]]]}},
{"type":"Feature","properties":{"full_id":"w42449955","osm_id":"42449955","osm_type":"way","building":"retail","dispensing":null,"man_made":null,"start_date":null,"energy_class":null,"building:levels:underground":null,"building:flats":null,"outdoor_seating":null,"name:ru":null,"name:en":null,"healthcare":null,"contact:website":null,"contact:phone":null,"contact:email":null,"brand:wikidata":null,"brand":null,"operator":null,"smoking":null,"layer":null,"cuisine":null,"addr:street":null,"office":null,"government":null,"leisure":null,"roof:levels":null,"height":null,"substation":null,"shop":null,"power":null,"pipeline":null,"opening_hours":null,"amenity":null,"addr:postcode":"309502","addr:country":"RU","addr:city":"Старый Оскол","official_name":null,"name":null,"type":null,"building:levels":"1","addr:place":"Солнечный микрорайон","addr:housenumber":"3 с1"},"geometry":{"type":"MultiPolygon","coordinates":[[[[37.8955488,51.3142209],[37.8955987,51.3142161],[37.8955887,51.3141759],[37.8956423,51.3141708],[37.8956325,51.3141308],[37.8955689,51.3141369],[37.8955578,51.3140922],[37.8955296,51.3140949],[37.8955173,51.3140451],[37.895549,51.3140421],[37.8955372,51.3139945],[37.8956579,51.3139828],[37.8956388,51.3139054],[37.8954639,51.3139222],[37.8954326,51.3137956],[37.8954727,51.3137917],[37.895464,51.3137564],[37.8955212,51.3137509],[37.8955148,51.3137249],[37.8955514,51.3137214],[37.895554,51.3137317],[37.8957389,51.3137136],[37.8958535,51.3140969],[37.8958024,51.3141034],[37.8958291,51.3142098],[37.8959199,51.3142017],[37.8959378,51.3142879],[37.8957588,51.3143067],[37.8957478,51.3142622],[37.895716,51.3142652],[37.89572,51.3142812],[37.8955673,51.3142959],[37.8955488,51.3142209]]]]}},
{"type":"Feature","properties":{"full_id":"w42449956","osm_id":"42449956","osm_type":"way","building":"yes","dispensing":null,"man_made":null,"start_date":null,"energy_class":null,"building:levels:underground":null,"building:flats":null,"outdoor_seating":null,"name:ru":null,"name:en":null,"healthcare":null,"contact:website":null,"contact:phone":null,"contact:email":null,"brand:wikidata":null,"brand":null,"operator":null,"smoking":null,"layer":null,"cuisine":null,"addr:street":null,"office":null,"government":null,"leisure":null,"roof:levels":null,"height":null,"substation":null,"shop":null,"power":null,"pipeline":null,"opening_hours":null,"amenity":null,"addr:postcode":"309502","addr:country":"RU","addr:city":"Старый Оскол","official_name":null,"name":null,"type":null,"building:levels":null,"addr:place":"Солнечный микрорайон","addr:housenumber":"1"},"geometry":{"type":"MultiPolygon","coordinates":[[[[37.8940918,51.3161544],[37.8942321,51.3160485],[37.8942028,51.3160306],[37.8942899,51.3159572],[37.894351,51.3159553],[37.8943269,51.3158639],[37.8941869,51.3157939],[37.8940732,51.3158969],[37.8938086,51.3157842],[37.8939569,51.3156439],[37.8940369,51.3156239],[37.8940155,51.3155202],[37.8938308,51.3155365],[37.8939143,51.315461],[37.8939462,51.3154594],[37.8939269,51.3153639],[37.8938022,51.3153764],[37.893687,51.3153339],[37.8939122,51.3153073],[37.8938569,51.3151339],[37.8940959,51.3149105],[37.8941575,51.3149359],[37.8941564,51.3149551],[37.8941232,51.3149866],[37.8941985,51.3150186],[37.894181,51.3150306],[37.8942478,51.3150585],[37.8941293,51.3151742],[37.8942526,51.3155987],[37.8945606,51.3157326],[37.8944449,51.3158583],[37.8944582,51.3159535],[37.8944814,51.3159531],[37.894491,51.3160071],[37.8945232,51.3160167],[37.8945252,51.3160427],[37.8945017,51.3160546],[37.8945243,51.3161678],[37.8942908,51.3161807],[37.8942915,51.3162045],[37.8942055,51.3162129],[37.8940918,51.3161544]]]]}},
{"type":"Feature","properties":{"full_id":"w42449958","osm_id":"42449958","osm_type":"way","building":"apartments","dispensing":null,"man_made":null,"start_date":null,"energy_class":null,"building:levels:underground":null,"building:flats":null,"outdoor_seating":null,"name:ru":null,"name:en":null,"healthcare":null,"contact:website":null,"contact:phone":null,"contact:email":null,"brand:wikidata":null,"brand":null,"operator":null,"smoking":null,"layer":null,"cuisine":null,"addr:street":null,"office":null,"government":null,"leisure":null,"roof:levels":null,"height":null,"substation":null,"shop":null,"power":null,"pipeline":null,"opening_hours":null,"amenity":null,"addr:postcode":"309502","addr:country":"RU","addr:city":"Старый Оскол","official_name":null,"name":null,"type":null,"building:levels":"9","addr:place":"Солнечный микрорайон","addr:housenumber":"15"},"geometry":{"type":"MultiPolygon","coordinates":[[[[37.8964163,51.3156858],[37.896486,51.3156204],[37.8965769,51.315535],[37.8967244,51.3155973],[37.8965111,51.3157835],[37.8958269,51.3158584],[37.8952631,51.3156005],[37.8951503,51.3151731],[37.8953325,51.3151581],[37.8953615,51.3152797],[37.8954097,51.3154816],[37.895423,51.3155371],[37.8955406,51.3155909],[37.8958056,51.315712],[37.8958638,51.3157386],[37.8959876,51.3157268],[37.8963325,51.3156938],[37.8964163,51.3156858]]]]}},
{"type":"Feature","properties":{"full_id":"w42449959","osm_id":"42449959","osm_type":"way","building":"apartments","dispensing":null,"man_made":null,"start_date":null,"energy_class":null,"building:levels:underground":null,"building:flats":null,"outdoor_seating":null,"name:ru":null,"name:en":null,"healthcare":null,"contact:website":null,"contact:phone":null,"contact:email":null,"brand:wikidata":null,"brand":null,"operator":null,"smoking":null,"layer":null,"cuisine":null,"addr:street":null,"office":null,"government":null,"leisure":null,"roof:levels":null,"height":null,"substation":null,"shop":null,"power":null,"pipeline":null,"opening_hours":null,"amenity":null,"addr:postcode":"309502","addr:country":"RU","addr:city":"Старый Оскол","official_name":null,"name":null,"type":null,"building:levels":"9","addr:place":"Солнечный микрорайон","addr:housenumber":"1А"},"geometry":{"type":"MultiPolygon","coordinates":[[[[37.8943323,51.3149806],[37.8943832,51.3149338],[37.8945276,51.3148085],[37.8946619,51.3147924],[37.8952078,51.3147278],[37.8952371,51.3148362],[37.8950801,51.3148525],[37.8947417,51.3148875],[37.8946349,51.3148986],[37.8945645,51.3149599],[37.8944754,51.3150375],[37.8943323,51.3149806]]]]}},
{"type":"Feature","properties":{"full_id":"w42449960","osm_id":"42449960","osm_type":"way","building":"yes","dispensing":null,"man_made":null,"start_date":null,"energy_class":null,"building:levels:underground":null,"building:flats":null,"outdoor_seating":null,"name:ru":null,"name:en":null,"healthcare":null,"contact:website":null,"contact:phone":null,"contact:email":null,"brand:wikidata":null,"brand":null,"operator":null,"smoking":null,"layer":null,"cuisine":null,"addr:street":null,"office":null,"government":null,"leisure":null,"roof:levels":null,"height":null,"substation":null,"shop":null,"power":"substation","pipeline":null,"opening_hours":null,"amenity":null,"addr:postcode":"309502","addr:country":"RU","addr:city":"Старый Оскол","official_name":null,"name":"ТП-1211н","type":null,"building:levels":"1","addr:place":"Солнечный микрорайон","addr:housenumber":null},"geometry":{"type":"MultiPolygon","coordinates":[[[[37.9024541,51.3136494],[37.9025648,51.3136991],[37.9025208,51.3137375],[37.9024101,51.3136878],[37.9024541,51.3136494]]]]}},
{"type":"Feature","properties":{"full_id":"w42449961","osm_id":"42449961","osm_type":"way","building":"apartments","dispensing":null,"man_made":null,"start_date":null,"energy_class":null,"building:levels:underground":null,"building:flats":null,"outdoor_seating":null,"name:ru":null,"name:en":null,"healthcare":null,"contact:website":null,"contact:phone":null,"contact:email":null,"brand:wikidata":null,"brand":null,"operator":null,"smoking":null,"layer":null,"cuisine":null,"addr:street":null,"office":null,"government":null,"leisure":null,"roof:levels":null,"height":null,"substation":null,"shop":null,"power":null,"pipeline":null,"opening_hours":null,"amenity":null,"addr:postcode":"309502","addr:country":"RU","addr:city":"Старый Оскол","official_name":null,"name":null,"type":null,"building:levels":"9","addr:place":"Солнечный микрорайон","addr:housenumber":"9"},"geometry":{"type":"MultiPolygon","coordinates":[[[[37.9024848,51.3138277],[37.9022481,51.3140437],[37.902003,51.3142672],[37.9018276,51.314192],[37.9023094,51.3137526],[37.9024848,51.3138277]]]]}},
{"type":"Feature","properties":{"full_id":"w42449962","osm_id":"42449962","osm_type":"way","building":"apartments","dispensing":null,"man_made":null,"start_date":null,"energy_class":null,"building:levels:underground":null,"building:flats":null,"outdoor_seating":null,"name:ru":null,"name:en":null,"healthcare":null,"contact:website":null,"contact:phone":null,"contact:email":null,"brand:wikidata":null,"brand":null,"operator":null,"smoking":null,"layer":null,"cuisine":null,"addr:street":null,"office":null,"government":null,"leisure":null,"roof:levels":null,"height":null,"substation":null,"shop":null,"power":null,"pipeline":null,"opening_hours":null,"amenity":null,"addr:postcode":"309502","addr:country":"RU","addr:city":"Старый Оскол","official_name":null,"name":null,"type":null,"building:levels":"9","addr:place":"Солнечный микрорайон","addr:housenumber":"9А"},"geometry":{"type":"MultiPolygon","coordinates":[[[[37.902565,51.314434],[37.9024649,51.3145241],[37.9022775,51.3146925],[37.9020822,51.3148682],[37.9019936,51.3149479],[37.9018441,51.314883],[37.9024155,51.3143691],[37.902565,51.314434]]]]}},
{"type":"Feature","properties":{"full_id":"w42449963","osm_id":"42449963","osm_type":"way","building":"apartments","dispensing":null,"man_made":null,"start_date":null,"energy_class":null,"building:levels:underground":null,"building:flats":null,"outdoor_seating":null,"name:ru":null,"name:en":null,"healthcare":null,"contact:website":null,"contact:phone":null,"contact:email":null,"brand:wikidata":null,"brand":null,"operator":null,"smoking":null,"layer":null,"cuisine":null,"addr:street":null,"office":null,"government":null,"leisure":null,"roof:levels":null,"height":null,"substation":null,"shop":null,"power":null,"pipeline":null,"opening_hours":null,"amenity":null,"addr:postcode":"309502","addr:country":"RU","addr:city":"Старый Оскол","official_name":null,"name":null,"type":null,"building:levels":"9","addr:place":"Солнечный микрорайон","addr:housenumber":"11"},"geometry":{"type":"MultiPolygon","coordinates":[[[[37.9008397,51.3151254],[37.9006917,51.3152593],[37.9004241,51.3155016],[37.9002961,51.3156174],[37.9001088,51.3155366],[37.9006524,51.3150446],[37.9008397,51.3151254]]]]}},
{"type":"Feature","properties":{"full_id":"w42449964","osm_id":"42449964","osm_type":"way","building":"apartments","dispensing":null,"man_made":null,"start_date":null,"energy_class":null,"building:levels:underground":null,"building:flats":null,"outdoor_seating":null,"name:ru":null,"name:en":null,"healthcare":null,"contact:website":null,"contact:phone":null,"contact:email":null,"brand:wikidata":null,"brand":null,"operator":null,"smoking":null,"layer":null,"cuisine":null,"addr:street":null,"office":null,"government":null,"leisure":null,"roof:levels":null,"height":null,"substation":null,"shop":null,"power":null,"pipeline":null,"opening_hours":null,"amenity":null,"addr:postcode":"309502","addr:country":"RU","addr:city":"Старый Оскол","official_name":null,"name":null,"type":null,"building:levels":"9","addr:place":"Солнечный микрорайон","addr:housenumber":"6Б"},"geometry":{"type":"MultiPolygon","coordinates":[[[[37.9004726,51.3132323],[37.9006458,51.3133095],[37.9008983,51.3134221],[37.9011918,51.313553],[37.9014725,51.3136781],[37.9015776,51.313725],[37.901472,51.3138175],[37.9003669,51.3133249],[37.9004726,51.3132323]]]]}},
{"type":"Feature","properties":{"full_id":"w42449970","osm_id":"42449970","osm_type":"way","building":"yes","dispensing":null,"man_made":null,"start_date":null,"energy_class":null,"building:levels:underground":null,"building:flats":null,"outdoor_seating":null,"name:ru":null,"name:en":null,"healthcare":null,"contact:website":null,"contact:phone":null,"contact:email":null,"brand:wikidata":null,"brand":null,"operator":null,"smoking":null,"layer":null,"cuisine":null,"addr:street":null,"office":null,"government":null,"leisure":null,"roof:levels":null,"height":null,"substation":null,"shop":null,"power":null,"pipeline":null,"opening_hours":null,"amenity":null,"addr:postcode":"309502","addr:country":"RU","addr:city":"Старый Оскол","official_name":null,"name":null,"type":null,"building:levels":null,"addr:place":"Солнечный микрорайон","addr:housenumber":null},"geometry":{"type":"MultiPolygon","coordinates":[[[[37.8997874,51.3119892],[37.8998534,51.3120182],[37.8998132,51.3120539],[37.8997472,51.3120249],[37.8997874,51.3119892]]]]}},
{"type":"Feature","properties":{"full_id":"w42449971","osm_id":"42449971","osm_type":"way","building":"yes","dispensing":null,"man_made":null,"start_date":null,"energy_class":null,"building:levels:underground":null,"building:flats":null,"outdoor_seating":null,"name:ru":null,"name:en":null,"healthcare":null,"contact:website":null,"contact:phone":null,"contact:email":null,"brand:wikidata":null,"brand":null,"operator":null,"smoking":null,"layer":null,"cuisine":null,"addr:street":null,"office":null,"government":null,"leisure":null,"roof:levels":null,"height":null,"substation":null,"shop":null,"power":null,"pipeline":null,"opening_hours":null,"amenity":null,"addr:postcode":null,"addr:country":null,"addr:city":null,"official_name":null,"name":null,"type":null,"building:levels":null,"addr:place":null,"addr:housenumber":null},"geometry":{"type":"MultiPolygon","coordinates":[[[[37.8995133,51.3123916],[37.8995548,51.3123527],[37.9000104,51.3125425],[37.899969,51.3125814],[37.8995133,51.3123916]]]]}},
{"type":"Feature","properties":{"full_id":"w42449972","osm_id":"42449972","osm_type":"way","building":"yes","dispensing":null,"man_made":null,"start_date":null,"energy_class":null,"building:levels:underground":null,"building:flats":null,"outdoor_seating":null,"name:ru":null,"name:en":null,"healthcare":null,"contact:website":null,"contact:phone":null,"contact:email":null,"brand:wikidata":null,"brand":null,"operator":null,"smoking":null,"layer":null,"cuisine":null,"addr:street":null,"office":null,"government":null,"leisure":null,"roof:levels":null,"height":null,"substation":null,"shop":null,"power":null,"pipeline":null,"opening_hours":null,"amenity":null,"addr:postcode":null,"addr:country":null,"addr:city":null,"official_name":null,"name":null,"type":null,"building:levels":null,"addr:place":null,"addr:housenumber":null},"geometry":{"type":"MultiPolygon","coordinates":[[[[37.8995312,51.3126211],[37.8996687,51.3125038],[37.8996241,51.3124834],[37.8994866,51.3126007],[37.8995312,51.3126211]]]]}},
{"type":"Feature","properties":{"full_id":"w42449973","osm_id":"42449973","osm_type":"way","building":"yes","dispensing":null,"man_made":null,"start_date":null,"energy_class":null,"building:levels:underground":null,"building:flats":null,"outdoor_seating":null,"name:ru":null,"name:en":null,"healthcare":null,"contact:website":null,"contact:phone":null,"contact:email":null,"brand:wikidata":null,"brand":null,"operator":null,"smoking":null,"layer":null,"cuisine":null,"addr:street":null,"office":null,"government":null,"leisure":null,"roof:levels":null,"height":null,"substation":null,"shop":null,"power":null,"pipeline":null,"opening_hours":null,"amenity":null,"addr:postcode":"309502","addr:country":"RU","addr:city":"Старый Оскол","official_name":null,"name":null,"type":null,"building:levels":null,"addr:place":"Солнечный микрорайон","addr:housenumber":null},"geometry":{"type":"MultiPolygon","coordinates":[[[[37.8998122,51.3131929],[37.8998524,51.3131521],[37.8998102,51.3131359],[37.89977,51.3131766],[37.8998122,51.3131929]]]]}},
{"type":"Feature","properties":{"full_id":"w42449974","osm_id":"42449974","osm_type":"way","building":"yes","dispensing":null,"man_made":null,"start_date":null,"energy_class":null,"building:levels:underground":null,"building:flats":null,"outdoor_seating":null,"name:ru":null,"name:en":null,"healthcare":null,"contact:website":null,"contact:phone":null,"contact:email":null,"brand:wikidata":null,"brand":null,"operator":null,"smoking":null,"layer":null,"cuisine":null,"addr:street":null,"office":null,"government":null,"leisure":null,"roof:levels":null,"height":null,"substation":null,"shop":null,"power":null,"pipeline":null,"opening_hours":null,"amenity":null,"addr:postcode":null,"addr:country":null,"addr:city":null,"official_name":null,"name":null,"type":null,"building:levels":null,"addr:place":null,"addr:housenumber":null},"geometry":{"type":"MultiPolygon","coordinates":[[[[37.8993793,51.3126358],[37.899661,51.3127458],[37.8996026,51.3128042],[37.8993209,51.3126942],[37.8993793,51.3126358]]]]}},
{"type":"Feature","properties":{"full_id":"w42449976","osm_id":"42449976","osm_type":"way","building":"yes","dispensing":null,"man_made":null,"start_date":null,"energy_class":null,"building:levels:underground":null,"building:flats":null,"outdoor_seating":null,"name:ru":null,"name:en":null,"healthcare":null,"contact:website":null,"contact:phone":null,"contact:email":null,"brand:wikidata":null,"brand":null,"operator":null,"smoking":null,"layer":null,"cuisine":null,"addr:street":null,"office":null,"government":null,"leisure":null,"roof:levels":null,"height":null,"substation":null,"shop":null,"power":null,"pipeline":null,"opening_hours":null,"amenity":null,"addr:postcode":null,"addr:country":null,"addr:city":null,"official_name":null,"name":null,"type":null,"building:levels":null,"addr:place":null,"addr:housenumber":null},"geometry":{"type":"MultiPolygon","coordinates":[[[[37.8997909,51.3127295],[37.8999415,51.3126],[37.8999002,51.3125812],[37.8997496,51.3127107],[37.8997909,51.3127295]]]]}},
{"type":"Feature","properties":{"full_id":"w42449978","osm_id":"42449978","osm_type":"way","building":"yes","dispensing":null,"man_made":null,"start_date":null,"energy_class":null,"building:levels:underground":null,"building:flats":null,"outdoor_seating":null,"name:ru":null,"name:en":null,"healthcare":null,"contact:website":null,"contact:phone":null,"contact:email":null,"brand:wikidata":null,"brand":null,"operator":null,"smoking":null,"layer":null,"cuisine":null,"addr:street":null,"office":null,"government":null,"leisure":null,"roof:levels":null,"height":null,"substation":"minor_distribution","shop":null,"power":"substation","pipeline":null,"opening_hours":null,"amenity":null,"addr:postcode":"309502","addr:country":"RU","addr:city":"Старый Оскол","official_name":null,"name":"ТП-1","type":null,"building:levels":"1","addr:place":"Солнечный микрорайон","addr:housenumber":null},"geometry":{"type":"MultiPolygon","coordinates":[[[[37.8982861,51.3130362],[37.8984762,51.313116],[37.8983436,51.3132393],[37.8981535,51.3131594],[37.8982861,51.3130362]]]]}},
{"type":"Feature","properties":{"full_id":"w42449981","osm_id":"42449981","osm_type":"way","building":"yes","dispensing":null,"man_made":null,"start_date":null,"energy_class":null,"building:levels:underground":null,"building:flats":null,"outdoor_seating":null,"name:ru":null,"name:en":null,"healthcare":null,"contact:website":null,"contact:phone":null,"contact:email":null,"brand:wikidata":null,"brand":null,"operator":null,"smoking":null,"layer":null,"cuisine":null,"addr:street":null,"office":null,"government":null,"leisure":null,"roof:levels":null,"height":null,"substation":null,"shop":null,"power":null,"pipeline":null,"opening_hours":null,"amenity":null,"addr:postcode":"309502","addr:country":"RU","addr:city":"Старый Оскол","official_name":null,"name":"ТЦ \"Солнечный\"","type":null,"building:levels":"2","addr:place":"Солнечный микрорайон","addr:housenumber":"36"},"geometry":{"type":"MultiPolygon","coordinates":[[[[37.8980185,51.3119776],[37.8984892,51.3115498],[37.8985039,51.3115344],[37.8981992,51.3114087],[37.8979408,51.3116246],[37.8979078,51.3116092],[37.8978497,51.3116577],[37.8978983,51.3116804],[37.8977038,51.3118493],[37.8980185,51.3119776]]]]}},
{"type":"Feature","properties":{"full_id":"w42449983","osm_id":"42449983","osm_type":"way","building":"apartments","dispensing":null,"man_made":null,"start_date":null,"energy_class":null,"building:levels:underground":null,"building:flats":null,"outdoor_seating":null,"name:ru":null,"name:en":null,"healthcare":null,"contact:website":null,"contact:phone":null,"contact:email":null,"brand:wikidata":null,"brand":null,"operator":null,"smoking":null,"layer":null,"cuisine":null,"addr:street":null,"office":null,"government":null,"leisure":null,"roof:levels":null,"height":null,"substation":null,"shop":null,"power":null,"pipeline":null,"opening_hours":null,"amenity":null,"addr:postcode":"309502","addr:country":"RU","addr:city":"Старый Оскол","official_name":null,"name":null,"type":null,"building:levels":"9","addr:place":"Солнечный микрорайон","addr:housenumber":"8"},"geometry":{"type":"MultiPolygon","coordinates":[[[[37.9022389,51.3155944],[37.902123,51.3155446],[37.9022134,51.3154625],[37.9024055,51.315288],[37.9026011,51.3151103],[37.9026954,51.3150246],[37.902863,51.3150967],[37.9022906,51.3156167],[37.9022389,51.3155944]]]]}},
{"type":"Feature","properties":{"full_id":"w42449984","osm_id":"42449984","osm_type":"way","building":"yes","dispensing":null,"man_made":null,"start_date":null,"energy_class":null,"building:levels:underground":null,"building:flats":null,"outdoor_seating":null,"name:ru":null,"name:en":null,"healthcare":null,"contact:website":null,"contact:phone":null,"contact:email":null,"brand:wikidata":null,"brand":null,"operator":null,"smoking":null,"layer":null,"cuisine":null,"addr:street":null,"office":null,"government":null,"leisure":null,"roof:levels":null,"height":null,"substation":null,"shop":null,"power":null,"pipeline":null,"opening_hours":null,"amenity":null,"addr:postcode":"309502","addr:country":"RU","addr:city":"Старый Оскол","official_name":null,"name":"Дом связи","type":null,"building:levels":"8","addr:place":"Солнечный микрорайон","addr:housenumber":"34"},"geometry":{"type":"MultiPolygon","coordinates":[[[[37.8993591,51.3118358],[37.898789,51.3115866],[37.8985536,51.3117971],[37.8984729,51.3117618],[37.8983643,51.3118589],[37.8984434,51.3118934],[37.8981814,51.3121277],[37.8987532,51.3123775],[37.8993591,51.3118358]]]]}},
{"type":"Feature","properties":{"full_id":"w42449985","osm_id":"42449985","osm_type":"way","building":"yes","dispensing":null,"man_made":null,"start_date":null,"energy_class":null,"building:levels:underground":null,"building:flats":null,"outdoor_seating":null,"name:ru":null,"name:en":null,"healthcare":null,"contact:website":null,"contact:phone":null,"contact:email":null,"brand:wikidata":null,"brand":null,"operator":null,"smoking":null,"layer":null,"cuisine":null,"addr:street":null,"office":null,"government":null,"leisure":null,"roof:levels":null,"height":null,"substation":null,"shop":null,"power":null,"pipeline":null,"opening_hours":null,"amenity":null,"addr:postcode":null,"addr:country":null,"addr:city":null,"official_name":null,"name":null,"type":null,"building:levels":null,"addr:place":null,"addr:housenumber":null},"geometry":{"type":"MultiPolygon","coordinates":[[[[37.8990643,51.3127366],[37.8991343,51.3127366],[37.8991343,51.312753],[37.8990643,51.312753],[37.8990643,51.3127366]]]]}},
{"type":"Feature","properties":{"full_id":"w42449986","osm_id":"42449986","osm_type":"way","building":"apartments","dispensing":null,"man_made":null,"start_date":null,"energy_class":null,"building:levels:underground":null,"building:flats":null,"outdoor_seating":null,"name:ru":null,"name:en":null,"healthcare":null,"contact:website":null,"contact:phone":null,"contact:email":null,"brand:wikidata":null,"brand":null,"operator":null,"smoking":null,"layer":null,"cuisine":null,"addr:street":null,"office":null,"government":null,"leisure":null,"roof:levels":null,"height":null,"substation":null,"shop":null,"power":null,"pipeline":null,"opening_hours":null,"amenity":null,"addr:postcode":"309502","addr:country":"RU","addr:city":"Старый Оскол","official_name":null,"name":null,"type":null,"building:levels":"9","addr:place":"Солнечный микрорайон","addr:housenumber":"5А"},"geometry":{"type":"MultiPolygon","coordinates":[[[[37.8988162,51.3128856],[37.8989533,51.3129427],[37.899037,51.3129776],[37.8990571,51.3130653],[37.8991079,51.3132874],[37.8991202,51.3133411],[37.8990694,51.313386],[37.8988725,51.3135598],[37.8987977,51.3136259],[37.8989396,51.3136943],[37.8993054,51.3133686],[37.8991935,51.3129345],[37.8989061,51.3128044],[37.8988508,51.3128545],[37.8988162,51.3128856]]]]}},
{"type":"Feature","properties":{"full_id":"w42449987","osm_id":"42449987","osm_type":"way","building":"yes","dispensing":null,"man_made":null,"start_date":null,"energy_class":null,"building:levels:underground":null,"building:flats":null,"outdoor_seating":null,"name:ru":null,"name:en":null,"healthcare":null,"contact:website":null,"contact:phone":null,"contact:email":null,"brand:wikidata":null,"brand":null,"operator":null,"smoking":null,"layer":null,"cuisine":null,"addr:street":null,"office":null,"government":null,"leisure":null,"roof:levels":null,"height":null,"substation":null,"shop":null,"power":null,"pipeline":null,"opening_hours":null,"amenity":null,"addr:postcode":null,"addr:country":null,"addr:city":null,"official_name":null,"name":null,"type":null,"building:levels":null,"addr:place":null,"addr:housenumber":null},"geometry":{"type":"MultiPolygon","coordinates":[[[[37.8992105,51.3126748],[37.8991811,51.3127024],[37.899625,51.3128868],[37.8997731,51.3127475],[37.899733,51.3127309],[37.8996142,51.3128426],[37.8992105,51.3126748]]]]}},
{"type":"Feature","properties":{"full_id":"w42449988","osm_id":"42449988","osm_type":"way","building":"apartments","dispensing":null,"man_made":null,"start_date":null,"energy_class":null,"building:levels:underground":null,"building:flats":null,"outdoor_seating":null,"name:ru":null,"name:en":null,"healthcare":null,"contact:website":null,"contact:phone":null,"contact:email":null,"brand:wikidata":null,"brand":null,"operator":null,"smoking":null,"layer":null,"cuisine":null,"addr:street":null,"office":null,"government":null,"leisure":null,"roof:levels":null,"height":null,"substation":null,"shop":null,"power":null,"pipeline":null,"opening_hours":null,"amenity":null,"addr:postcode":"309502","addr:country":"RU","addr:city":"Старый Оскол","official_name":null,"name":null,"type":null,"building:levels":"9","addr:place":"Солнечный микрорайон","addr:housenumber":"6А"},"geometry":{"type":"MultiPolygon","coordinates":[[[[37.9002848,51.3126979],[37.9003572,51.3127302],[37.9004386,51.3127641],[37.9003227,51.3128706],[37.9001308,51.3130469],[37.900056,51.3131156],[37.8999017,51.31305],[37.9002848,51.3126979]]]]}},
{"type":"Feature","properties":{"full_id":"w42449989","osm_id":"42449989","osm_type":"way","building":"yes","dispensing":null,"man_made":null,"start_date":null,"energy_class":null,"building:levels:underground":null,"building:flats":null,"outdoor_seating":null,"name:ru":null,"name:en":null,"healthcare":null,"contact:website":null,"contact:phone":null,"contact:email":null,"brand:wikidata":null,"brand":null,"operator":null,"smoking":null,"layer":null,"cuisine":null,"addr:street":null,"office":null,"government":null,"leisure":null,"roof:levels":null,"height":null,"substation":null,"shop":null,"power":null,"pipeline":null,"opening_hours":null,"amenity":null,"addr:postcode":"309502","addr:country":"RU","addr:city":"Старый Оскол","official_name":null,"name":null,"type":null,"building:levels":"1","addr:place":"Солнечный микрорайон","addr:housenumber":null},"geometry":{"type":"MultiPolygon","coordinates":[[[[37.9006109,51.3123887],[37.9005503,51.3123617],[37.9004891,51.3124155],[37.9004676,51.3124052],[37.9004482,51.3123867],[37.9004496,51.3123577],[37.9004811,51.3123297],[37.9005307,51.3123198],[37.9005763,51.3123246],[37.9006142,51.3123411],[37.9006259,51.3123556],[37.9006299,51.3123745],[37.9006109,51.3123887]]]]}},
{"type":"Feature","properties":{"full_id":"w42449990","osm_id":"42449990","osm_type":"way","building":"yes","dispensing":null,"man_made":null,"start_date":null,"energy_class":null,"building:levels:underground":null,"building:flats":null,"outdoor_seating":null,"name:ru":null,"name:en":null,"healthcare":null,"contact:website":null,"contact:phone":null,"contact:email":null,"brand:wikidata":null,"brand":null,"operator":null,"smoking":null,"layer":null,"cuisine":null,"addr:street":null,"office":null,"government":null,"leisure":null,"roof:levels":null,"height":null,"substation":null,"shop":null,"power":null,"pipeline":null,"opening_hours":null,"amenity":null,"addr:postcode":null,"addr:country":null,"addr:city":null,"official_name":null,"name":null,"type":null,"building:levels":null,"addr:place":null,"addr:housenumber":null},"geometry":{"type":"MultiPolygon","coordinates":[[[[37.8992881,51.3126292],[37.8994871,51.3124575],[37.8995329,51.3124782],[37.8993339,51.31265],[37.8992881,51.3126292]]]]}},
{"type":"Feature","properties":{"full_id":"w42449993","osm_id":"42449993","osm_type":"way","building":"yes","dispensing":null,"man_made":null,"start_date":null,"energy_class":null,"building:levels:underground":null,"building:flats":null,"outdoor_seating":null,"name:ru":null,"name:en":null,"healthcare":null,"contact:website":null,"contact:phone":null,"contact:email":null,"brand:wikidata":null,"brand":null,"operator":null,"smoking":null,"layer":null,"cuisine":null,"addr:street":null,"office":null,"government":null,"leisure":null,"roof:levels":null,"height":null,"substation":null,"shop":null,"power":null,"pipeline":null,"opening_hours":null,"amenity":null,"addr:postcode":null,"addr:country":null,"addr:city":null,"official_name":null,"name":null,"type":null,"building:levels":null,"addr:place":null,"addr:housenumber":null},"geometry":{"type":"MultiPolygon","coordinates":[[[[37.8996926,51.3126878],[37.8998337,51.3125675],[37.8997891,51.3125471],[37.899648,51.3126674],[37.8996926,51.3126878]]]]}},
{"type":"Feature","properties":{"full_id":"w42449994","osm_id":"42449994","osm_type":"way","building":"yes","dispensing":null,"man_made":null,"start_date":null,"energy_class":null,"building:levels:underground":null,"building:flats":null,"outdoor_seating":null,"name:ru":null,"name:en":null,"healthcare":null,"contact:website":null,"contact:phone":null,"contact:email":null,"brand:wikidata":null,"brand":null,"operator":null,"smoking":null,"layer":null,"cuisine":null,"addr:street":null,"office":null,"government":null,"leisure":null,"roof:levels":null,"height":null,"substation":null,"shop":null,"power":null,"pipeline":null,"opening_hours":null,"amenity":null,"addr:postcode":null,"addr:country":null,"addr:city":null,"official_name":null,"name":null,"type":null,"building:levels":null,"addr:place":null,"addr:housenumber":null},"geometry":{"type":"MultiPolygon","coordinates":[[[[37.8996086,51.3126569],[37.8997447,51.3125355],[37.8996961,51.3125142],[37.89956,51.3126356],[37.8996086,51.3126569]]]]}},
{"type":"Feature","properties":{"full_id":"w42449995","osm_id":"42449995","osm_type":"way","building":"yes","dispensing":null,"man_made":null,"start_date":null,"energy_class":null,"building:levels:underground":null,"building:flats":null,"outdoor_seating":null,"name:ru":null,"name:en":null,"healthcare":null,"contact:website":null,"contact:phone":null,"contact:email":null,"brand:wikidata":null,"brand":null,"operator":null,"smoking":null,"layer":null,"cuisine":null,"addr:street":null,"office":null,"government":null,"leisure":null,"roof:levels":null,"height":null,"substation":null,"shop":null,"power":null,"pipeline":null,"opening_hours":null,"amenity":null,"addr:postcode":null,"addr:country":null,"addr:city":null,"official_name":null,"name":null,"type":null,"building:levels":null,"addr:place":null,"addr:housenumber":null},"geometry":{"type":"MultiPolygon","coordinates":[[[[37.8988251,51.3126903],[37.8988843,51.3127066],[37.8988663,51.3127321],[37.8988071,51.3127158],[37.8988251,51.3126903]]]]}},
{"type":"Feature","properties":{"full_id":"w42449996","osm_id":"42449996","osm_type":"way","building":"yes","dispensing":null,"man_made":null,"start_date":null,"energy_class":null,"building:levels:underground":null,"building:flats":null,"outdoor_seating":null,"name:ru":null,"name:en":null,"healthcare":null,"contact:website":null,"contact:phone":null,"contact:email":null,"brand:wikidata":null,"brand":null,"operator":null,"smoking":null,"layer":null,"cuisine":null,"addr:street":null,"office":null,"government":null,"leisure":null,"roof:levels":null,"height":null,"substation":null,"shop":null,"power":null,"pipeline":null,"opening_hours":null,"amenity":null,"addr:postcode":null,"addr:country":null,"addr:city":null,"official_name":null,"name":null,"type":null,"building:levels":null,"addr:place":null,"addr:housenumber":null},"geometry":{"type":"MultiPolygon","coordinates":[[[[37.8986719,51.3125508],[37.8991006,51.3126776],[37.8990735,51.3127134],[37.8986448,51.3125866],[37.8986719,51.3125508]]]]}},
{"type":"Feature","properties":{"full_id":"w42449998","osm_id":"42449998","osm_type":"way","building":"apartments","dispensing":null,"man_made":null,"start_date":null,"energy_class":null,"building:levels:underground":null,"building:flats":null,"outdoor_seating":null,"name:ru":null,"name:en":null,"healthcare":null,"contact:website":null,"contact:phone":null,"contact:email":null,"brand:wikidata":null,"brand":null,"operator":null,"smoking":null,"layer":null,"cuisine":null,"addr:street":null,"office":null,"government":null,"leisure":null,"roof:levels":null,"height":null,"substation":null,"shop":null,"power":null,"pipeline":null,"opening_hours":null,"amenity":null,"addr:postcode":"309502","addr:country":"RU","addr:city":"Старый Оскол","official_name":null,"name":null,"type":null,"building:levels":"9","addr:place":"Солнечный микрорайон","addr:housenumber":"7А"},"geometry":{"type":"MultiPolygon","coordinates":[[[[37.90333,51.3136506],[37.9032284,51.3137425],[37.9031087,51.3136905],[37.9028335,51.313571],[37.9025533,51.3134494],[37.9022792,51.3133303],[37.9020052,51.3132113],[37.9018755,51.313155],[37.9019772,51.313063],[37.90333,51.3136506]]]]}},
{"type":"Feature","properties":{"full_id":"w42450002","osm_id":"42450002","osm_type":"way","building":"yes","dispensing":null,"man_made":null,"start_date":null,"energy_class":null,"building:levels:underground":null,"building:flats":null,"outdoor_seating":null,"name:ru":null,"name:en":null,"healthcare":null,"contact:website":null,"contact:phone":null,"contact:email":null,"brand:wikidata":null,"brand":null,"operator":null,"smoking":null,"layer":null,"cuisine":null,"addr:street":null,"office":null,"government":null,"leisure":null,"roof:levels":null,"height":null,"substation":null,"shop":null,"power":null,"pipeline":null,"opening_hours":null,"amenity":null,"addr:postcode":"309502","addr:country":"RU","addr:city":"Старый Оскол","official_name":null,"name":null,"type":null,"building:levels":null,"addr:place":"Солнечный микрорайон","addr:housenumber":null},"geometry":{"type":"MultiPolygon","coordinates":[[[[37.8976713,51.315157],[37.8978028,51.3152128],[37.8978497,51.3151696],[37.8978678,51.3151773],[37.8979662,51.3150867],[37.8978166,51.3150232],[37.8976713,51.315157]]]]}},
{"type":"Feature","properties":{"full_id":"w42869335","osm_id":"42869335","osm_type":"way","building":"apartments","dispensing":null,"man_made":null,"start_date":null,"energy_class":null,"building:levels:underground":null,"building:flats":null,"outdoor_seating":null,"name:ru":null,"name:en":null,"healthcare":null,"contact:website":null,"contact:phone":null,"contact:email":null,"brand:wikidata":null,"brand":null,"operator":null,"smoking":null,"layer":null,"cuisine":null,"addr:street":null,"office":null,"government":null,"leisure":null,"roof:levels":null,"height":null,"substation":null,"shop":null,"power":null,"pipeline":null,"opening_hours":null,"amenity":null,"addr:postcode":"309511","addr:country":null,"addr:city":"Старый Оскол","official_name":null,"name":null,"type":null,"building:levels":"9","addr:place":"Олимпийский микрорайон","addr:housenumber":"13А"},"geometry":{"type":"MultiPolygon","coordinates":[[[[37.895768,51.3091099],[37.8956988,51.3090797],[37.8956223,51.3090464],[37.8953204,51.3093187],[37.895292,51.3093443],[37.8962705,51.3097683],[37.8964181,51.3096351],[37.8966212,51.309452],[37.8964972,51.3093983],[37.8964005,51.3094855],[37.8962544,51.3096173],[37.8962374,51.3096326],[37.89604,51.3095471],[37.8957657,51.3094282],[37.8955533,51.3093361],[37.8955308,51.3093264],[37.895691,51.3091819],[37.895768,51.3091099]]]]}},
{"type":"Feature","properties":{"full_id":"w43167385","osm_id":"43167385","osm_type":"way","building":"apartments","dispensing":null,"man_made":null,"start_date":null,"energy_class":null,"building:levels:underground":null,"building:flats":null,"outdoor_seating":null,"name:ru":null,"name:en":null,"healthcare":null,"contact:website":null,"contact:phone":null,"contact:email":null,"brand:wikidata":null,"brand":null,"operator":null,"smoking":null,"layer":null,"cuisine":null,"addr:street":null,"office":null,"government":null,"leisure":null,"roof:levels":null,"height":null,"substation":null,"shop":null,"power":null,"pipeline":null,"opening_hours":null,"amenity":null,"addr:postcode":"309516","addr:country":null,"addr:city":"Старый Оскол","official_name":null,"name":null,"type":null,"building:levels":"9","addr:place":"микрорайон Ольминского","addr:housenumber":"7"},"geometry":{"type":"MultiPolygon","coordinates":[[[[37.8753585,51.3097661],[37.8761666,51.3101073],[37.876102,51.3101663],[37.876048,51.310217],[37.8758659,51.3101401],[37.8754387,51.3099597],[37.87524,51.3098758],[37.8753585,51.3097661]]]]}},
{"type":"Feature","properties":{"full_id":"w43167389","osm_id":"43167389","osm_type":"way","building":"apartments","dispensing":null,"man_made":null,"start_date":null,"energy_class":null,"building:levels:underground":null,"building:flats":null,"outdoor_seating":null,"name:ru":null,"name:en":null,"healthcare":null,"contact:website":null,"contact:phone":null,"contact:email":null,"brand:wikidata":null,"brand":null,"operator":null,"smoking":null,"layer":null,"cuisine":null,"addr:street":null,"office":null,"government":null,"leisure":null,"roof:levels":null,"height":null,"substation":null,"shop":null,"power":null,"pipeline":null,"opening_hours":null,"amenity":null,"addr:postcode":"309516","addr:country":"RU","addr:city":"Старый Оскол","official_name":null,"name":null,"type":null,"building:levels":"5","addr:place":"микрорайон Ольминского","addr:housenumber":"7Б"},"geometry":{"type":"MultiPolygon","coordinates":[[[[37.8747411,51.3094437],[37.8748244,51.3094781],[37.8748359,51.3094673],[37.8749271,51.309505],[37.8749155,51.309516],[37.8749604,51.3095345],[37.8749435,51.3095505],[37.8750233,51.3095835],[37.8750054,51.3096004],[37.8750765,51.3096299],[37.8749665,51.3097339],[37.8748682,51.3096932],[37.8748463,51.3097139],[37.8747097,51.3096574],[37.8747677,51.3096026],[37.874732,51.3095878],[37.8746323,51.3095466],[37.8747411,51.3094437]]]]}},
{"type":"Feature","properties":{"full_id":"w43167390","osm_id":"43167390","osm_type":"way","building":"apartments","dispensing":null,"man_made":null,"start_date":null,"energy_class":null,"building:levels:underground":null,"building:flats":null,"outdoor_seating":null,"name:ru":null,"name:en":null,"healthcare":null,"contact:website":null,"contact:phone":null,"contact:email":null,"brand:wikidata":null,"brand":null,"operator":null,"smoking":null,"layer":null,"cuisine":null,"addr:street":null,"office":null,"government":null,"leisure":null,"roof:levels":null,"height":null,"substation":null,"shop":null,"power":null,"pipeline":null,"opening_hours":null,"amenity":null,"addr:postcode":"309516","addr:country":null,"addr:city":"Старый Оскол","official_name":null,"name":null,"type":null,"building:levels":"9","addr:place":"микрорайон Ольминского","addr:housenumber":"8"},"geometry":{"type":"MultiPolygon","coordinates":[[[[37.8745599,51.310505],[37.87469,51.3103861],[37.8749537,51.310145],[37.8751044,51.3100072],[37.8749235,51.3099299],[37.874379,51.3104277],[37.8745599,51.310505]]]]}},
{"type":"Feature","properties":{"full_id":"w43167391","osm_id":"43167391","osm_type":"way","building":"yes","dispensing":null,"man_made":null,"start_date":null,"energy_class":null,"building:levels:underground":null,"building:flats":null,"outdoor_seating":null,"name:ru":null,"name:en":null,"healthcare":null,"contact:website":null,"contact:phone":null,"contact:email":null,"brand:wikidata":null,"brand":null,"operator":null,"smoking":null,"layer":null,"cuisine":null,"addr:street":null,"office":null,"government":null,"leisure":null,"roof:levels":null,"height":null,"substation":null,"shop":null,"power":null,"pipeline":null,"opening_hours":null,"amenity":null,"addr:postcode":"309516","addr:country":"RU","addr:city":"Старый Оскол","official_name":null,"name":null,"type":null,"building:levels":"3","addr:place":"микрорайон Ольминского","addr:housenumber":"7А"},"geometry":{"type":"MultiPolygon","coordinates":[[[[37.876102,51.3101663],[37.8762262,51.3102204],[37.8762812,51.3101659],[37.8763654,51.310201],[37.8763445,51.3102139],[37.876631,51.3103393],[37.8765187,51.3104365],[37.8762335,51.3103111],[37.8760541,51.3102356],[37.876048,51.310217],[37.876102,51.3101663]]]]}},
{"type":"Feature","properties":{"full_id":"w43167392","osm_id":"43167392","osm_type":"way","building":"apartments","dispensing":null,"man_made":null,"start_date":null,"energy_class":null,"building:levels:underground":null,"building:flats":null,"outdoor_seating":null,"name:ru":null,"name:en":null,"healthcare":null,"contact:website":null,"contact:phone":null,"contact:email":null,"brand:wikidata":null,"brand":null,"operator":null,"smoking":null,"layer":null,"cuisine":null,"addr:street":null,"office":null,"government":null,"leisure":null,"roof:levels":null,"height":null,"substation":null,"shop":null,"power":null,"pipeline":null,"opening_hours":null,"amenity":null,"addr:postcode":"309516","addr:country":null,"addr:city":"Старый Оскол","official_name":null,"name":null,"type":null,"building:levels":"9","addr:place":"микрорайон Ольминского","addr:housenumber":"11"},"geometry":{"type":"MultiPolygon","coordinates":[[[[37.875957,51.3105681],[37.8762335,51.3103111],[37.8760541,51.3102356],[37.8759153,51.3103646],[37.8757778,51.3104924],[37.8758504,51.3105238],[37.875957,51.3105681]]]]}},
{"type":"Feature","properties":{"full_id":"w43167393","osm_id":"43167393","osm_type":"way","building":"apartments","dispensing":null,"man_made":null,"start_date":null,"energy_class":null,"building:levels:underground":null,"building:flats":null,"outdoor_seating":null,"name:ru":null,"name:en":null,"healthcare":null,"contact:website":null,"contact:phone":null,"contact:email":null,"brand:wikidata":null,"brand":null,"operator":null,"smoking":null,"layer":null,"cuisine":null,"addr:street":null,"office":null,"government":null,"leisure":null,"roof:levels":null,"height":null,"substation":null,"shop":null,"power":null,"pipeline":null,"opening_hours":null,"amenity":null,"addr:postcode":"309516","addr:country":null,"addr:city":"Старый Оскол","official_name":null,"name":null,"type":null,"building:levels":"9","addr:place":"микрорайон Ольминского","addr:housenumber":"9"},"geometry":{"type":"MultiPolygon","coordinates":[[[[37.8755665,51.3107809],[37.8758504,51.3105238],[37.8757778,51.3104924],[37.8756711,51.3104464],[37.8755266,51.3105772],[37.8753871,51.3107035],[37.8755665,51.3107809]]]]}},
{"type":"Feature","properties":{"full_id":"w43167394","osm_id":"43167394","osm_type":"way","building":"apartments","dispensing":null,"man_made":null,"start_date":null,"energy_class":null,"building:levels:underground":null,"building:flats":null,"outdoor_seating":null,"name:ru":null,"name:en":null,"healthcare":null,"contact:website":null,"contact:phone":null,"contact:email":null,"brand:wikidata":null,"brand":null,"operator":null,"smoking":null,"layer":null,"cuisine":null,"addr:street":"Заводская улица","office":null,"government":null,"leisure":null,"roof:levels":null,"height":null,"substation":null,"shop":null,"power":null,"pipeline":null,"opening_hours":null,"amenity":null,"addr:postcode":"309516","addr:country":null,"addr:city":"Старый Оскол","official_name":null,"name":null,"type":null,"building:levels":"2","addr:place":null,"addr:housenumber":"2Б"},"geometry":{"type":"MultiPolygon","coordinates":[[[[37.8751013,51.3111052],[37.8751264,51.3106651],[37.8749416,51.3106618],[37.8749375,51.3107524],[37.8749316,51.3108843],[37.8749253,51.3110242],[37.8749218,51.3111019],[37.8751013,51.3111052]]]]}},
{"type":"Feature","properties":{"full_id":"w43167395","osm_id":"43167395","osm_type":"way","building":"retail","dispensing":null,"man_made":null,"start_date":null,"energy_class":null,"building:levels:underground":null,"building:flats":null,"outdoor_seating":null,"name:ru":null,"name:en":null,"healthcare":null,"contact:website":null,"contact:phone":null,"contact:email":null,"brand:wikidata":null,"brand":null,"operator":null,"smoking":null,"layer":null,"cuisine":null,"addr:street":null,"office":null,"government":null,"leisure":null,"roof:levels":null,"height":null,"substation":null,"shop":null,"power":null,"pipeline":null,"opening_hours":null,"amenity":null,"addr:postcode":"309516","addr:country":null,"addr:city":"Старый Оскол","official_name":null,"name":null,"type":null,"building:levels":"1","addr:place":"микрорайон Ольминского","addr:housenumber":"10"},"geometry":{"type":"MultiPolygon","coordinates":[[[[37.8766357,51.3111318],[37.8767887,51.3109955],[37.8770115,51.3107968],[37.8770387,51.3108087],[37.8771576,51.3107026],[37.8768312,51.3105596],[37.8764501,51.3108993],[37.8763364,51.3110006],[37.8766357,51.3111318]]]]}},
{"type":"Feature","properties":{"full_id":"w43167397","osm_id":"43167397","osm_type":"way","building":"yes","dispensing":null,"man_made":null,"start_date":null,"energy_class":null,"building:levels:underground":null,"building:flats":null,"outdoor_seating":null,"name:ru":null,"name:en":null,"healthcare":null,"contact:website":null,"contact:phone":null,"contact:email":null,"brand:wikidata":null,"brand":null,"operator":null,"smoking":null,"layer":null,"cuisine":null,"addr:street":null,"office":null,"government":null,"leisure":null,"roof:levels":null,"height":null,"substation":null,"shop":null,"power":null,"pipeline":null,"opening_hours":null,"amenity":null,"addr:postcode":"309516","addr:country":null,"addr:city":"Старый Оскол","official_name":null,"name":null,"type":null,"building:levels":null,"addr:place":"микрорайон Ольминского","addr:housenumber":"10А"},"geometry":{"type":"MultiPolygon","coordinates":[[[[37.8764088,51.3108754],[37.8765089,51.3107865],[37.8765526,51.3107476],[37.8765058,51.3107271],[37.8764613,51.3107667],[37.8762194,51.3106604],[37.8762609,51.3106235],[37.8762218,51.3106063],[37.876133,51.3106853],[37.8760812,51.3107314],[37.8764088,51.3108754]]]]}},
{"type":"Feature","properties":{"full_id":"w43167398","osm_id":"43167398","osm_type":"way","building":"yes","dispensing":null,"man_made":null,"start_date":null,"energy_class":null,"building:levels:underground":null,"building:flats":null,"outdoor_seating":null,"name:ru":null,"name:en":null,"healthcare":null,"contact:website":null,"contact:phone":null,"contact:email":null,"brand:wikidata":null,"brand":null,"operator":null,"smoking":null,"layer":null,"cuisine":null,"addr:street":null,"office":null,"government":null,"leisure":null,"roof:levels":null,"height":null,"substation":null,"shop":null,"power":"substation","pipeline":null,"opening_hours":null,"amenity":null,"addr:postcode":null,"addr:country":null,"addr:city":null,"official_name":null,"name":"ТП-714н","type":null,"building:levels":"1","addr:place":"микрорайон Ольминского","addr:housenumber":null},"geometry":{"type":"MultiPolygon","coordinates":[[[[37.8762749,51.3113712],[37.8763486,51.3113076],[37.8762994,51.3112853],[37.8762805,51.3112767],[37.8762068,51.3113404],[37.8762749,51.3113712]]]]}},
{"type":"Feature","properties":{"full_id":"w43167400","osm_id":"43167400","osm_type":"way","building":"apartments","dispensing":null,"man_made":null,"start_date":null,"energy_class":null,"building:levels:underground":null,"building:flats":null,"outdoor_seating":null,"name:ru":null,"name:en":null,"healthcare":null,"contact:website":null,"contact:phone":null,"contact:email":null,"brand:wikidata":null,"brand":null,"operator":null,"smoking":null,"layer":null,"cuisine":null,"addr:street":null,"office":null,"government":null,"leisure":null,"roof:levels":null,"height":null,"substation":null,"shop":null,"power":null,"pipeline":null,"opening_hours":null,"amenity":null,"addr:postcode":"309516","addr:country":null,"addr:city":"Старый Оскол","official_name":null,"name":null,"type":null,"building:levels":"9","addr:place":"микрорайон Ольминского","addr:housenumber":"4"},"geometry":{"type":"MultiPolygon","coordinates":[[[[37.8780362,51.3109129],[37.8784457,51.3110877],[37.8783747,51.3111538],[37.8783247,51.3111983],[37.8781291,51.3111148],[37.8779153,51.3110235],[37.8780362,51.3109129]]]]}},
{"type":"Feature","properties":{"full_id":"w43167402","osm_id":"43167402","osm_type":"way","building":"office","dispensing":null,"man_made":null,"start_date":null,"energy_class":null,"building:levels:underground":null,"building:flats":null,"outdoor_seating":null,"name:ru":null,"name:en":null,"healthcare":null,"contact:website":null,"contact:phone":null,"contact:email":null,"brand:wikidata":null,"brand":null,"operator":null,"smoking":null,"layer":null,"cuisine":null,"addr:street":null,"office":null,"government":null,"leisure":null,"roof:levels":null,"height":null,"substation":null,"shop":null,"power":null,"pipeline":null,"opening_hours":null,"amenity":null,"addr:postcode":"309516","addr:country":null,"addr:city":"Старый Оскол","official_name":null,"name":null,"type":null,"building:levels":"4","addr:place":"микрорайон Ольминского","addr:housenumber":"12"},"geometry":{"type":"MultiPolygon","coordinates":[[[[37.8771808,51.3110449],[37.8772687,51.3110832],[37.8772938,51.3110607],[37.8773551,51.3110874],[37.8773045,51.3111327],[37.8774762,51.3112076],[37.877533,51.3111567],[37.8775841,51.311179],[37.8775542,51.3112058],[37.877648,51.3112467],[37.8773998,51.311469],[37.8773093,51.3114295],[37.8772816,51.3114543],[37.8769962,51.3113298],[37.8770182,51.3113101],[37.8769284,51.3112709],[37.8771808,51.3110449]]]]}},
{"type":"Feature","properties":{"full_id":"w43167403","osm_id":"43167403","osm_type":"way","building":"apartments","dispensing":null,"man_made":null,"start_date":null,"energy_class":null,"building:levels:underground":null,"building:flats":null,"outdoor_seating":null,"name:ru":null,"name:en":null,"healthcare":null,"contact:website":null,"contact:phone":null,"contact:email":null,"brand:wikidata":null,"brand":null,"operator":null,"smoking":null,"layer":null,"cuisine":null,"addr:street":null,"office":null,"government":null,"leisure":null,"roof:levels":null,"height":null,"substation":null,"shop":null,"power":null,"pipeline":null,"opening_hours":null,"amenity":null,"addr:postcode":"309516","addr:country":null,"addr:city":"Старый Оскол","official_name":null,"name":null,"type":null,"building:levels":"9","addr:place":"микрорайон Ольминского","addr:housenumber":"2"},"geometry":{"type":"MultiPolygon","coordinates":[[[[37.8779004,51.3117268],[37.8781792,51.3114746],[37.8779973,51.3113961],[37.8778401,51.3115384],[37.8777186,51.3116483],[37.8779004,51.3117268]]]]}},
{"type":"Feature","properties":{"full_id":"w43167405","osm_id":"43167405","osm_type":"way","building":"apartments","dispensing":null,"man_made":null,"start_date":null,"energy_class":null,"building:levels:underground":null,"building:flats":null,"outdoor_seating":null,"name:ru":null,"name:en":null,"healthcare":null,"contact:website":null,"contact:phone":null,"contact:email":null,"brand:wikidata":null,"brand":null,"operator":null,"smoking":null,"layer":null,"cuisine":null,"addr:street":null,"office":null,"government":null,"leisure":null,"roof:levels":null,"height":null,"substation":null,"shop":null,"power":null,"pipeline":null,"opening_hours":null,"amenity":null,"addr:postcode":"309516","addr:country":null,"addr:city":"Старый Оскол","official_name":null,"name":null,"type":null,"building:levels":"9","addr:place":"микрорайон Ольминского","addr:housenumber":"3"},"geometry":{"type":"MultiPolygon","coordinates":[[[[37.8783747,51.3111538],[37.8787836,51.3113328],[37.8786606,51.3114426],[37.8784556,51.3113528],[37.8782516,51.3112635],[37.8783247,51.3111983],[37.8783747,51.3111538]]]]}},
{"type":"Feature","properties":{"full_id":"w43167406","osm_id":"43167406","osm_type":"way","building":"apartments","dispensing":null,"man_made":null,"start_date":null,"energy_class":null,"building:levels:underground":null,"building:flats":null,"outdoor_seating":null,"name:ru":null,"name:en":null,"healthcare":null,"contact:website":null,"contact:phone":null,"contact:email":null,"brand:wikidata":null,"brand":null,"operator":null,"smoking":null,"layer":null,"cuisine":null,"addr:street":null,"office":null,"government":null,"leisure":null,"roof:levels":null,"height":null,"substation":null,"shop":null,"power":null,"pipeline":null,"opening_hours":null,"amenity":null,"addr:postcode":"309516","addr:country":"RU","addr:city":"Старый Оскол","official_name":null,"name":null,"type":null,"building:levels":"9","addr:place":"микрорайон Ольминского","addr:housenumber":"1А"},"geometry":{"type":"MultiPolygon","coordinates":[[[[37.8772542,51.3126558],[37.8767027,51.313153],[37.8765954,51.3131123],[37.8765226,51.3130805],[37.876653,51.3129551],[37.8769416,51.3126952],[37.8770723,51.3125776],[37.8772542,51.3126558]]]]}},
{"type":"Feature","properties":{"full_id":"w43167407","osm_id":"43167407","osm_type":"way","building":"apartments","dispensing":null,"man_made":null,"start_date":null,"energy_class":null,"building:levels:underground":null,"building:flats":null,"outdoor_seating":null,"name:ru":null,"name:en":null,"healthcare":null,"contact:website":null,"contact:phone":null,"contact:email":null,"brand:wikidata":null,"brand":null,"operator":null,"smoking":null,"layer":null,"cuisine":null,"addr:street":null,"office":null,"government":null,"leisure":null,"roof:levels":null,"height":null,"substation":null,"shop":null,"power":null,"pipeline":null,"opening_hours":null,"amenity":null,"addr:postcode":"309516","addr:country":"RU","addr:city":"Старый Оскол","official_name":null,"name":null,"type":null,"building:levels":"9","addr:place":"микрорайон Ольминского","addr:housenumber":"1Б"},"geometry":{"type":"MultiPolygon","coordinates":[[[[37.8773896,51.3125281],[37.8779492,51.3120234],[37.8777705,51.3119461],[37.8776048,51.3120958],[37.8773388,51.312336],[37.8772111,51.3124514],[37.8773896,51.3125281]]]]}},
{"type":"Feature","properties":{"full_id":"w43167408","osm_id":"43167408","osm_type":"way","building":"yes","dispensing":null,"man_made":null,"start_date":null,"energy_class":null,"building:levels:underground":null,"building:flats":null,"outdoor_seating":null,"name:ru":null,"name:en":null,"healthcare":null,"contact:website":null,"contact:phone":null,"contact:email":null,"brand:wikidata":null,"brand":null,"operator":null,"smoking":null,"layer":null,"cuisine":null,"addr:street":null,"office":null,"government":null,"leisure":null,"roof:levels":null,"height":null,"substation":null,"shop":null,"power":null,"pipeline":null,"opening_hours":null,"amenity":null,"addr:postcode":"309516","addr:country":null,"addr:city":"Старый Оскол","official_name":null,"name":null,"type":null,"building:levels":"2","addr:place":"микрорайон Ольминского","addr:housenumber":null},"geometry":{"type":"MultiPolygon","coordinates":[[[[37.8771954,51.3124656],[37.8772111,51.3124514],[37.8773896,51.3125281],[37.8773812,51.3125358],[37.8774618,51.3125704],[37.8773313,51.312689],[37.8772542,51.3126558],[37.8770723,51.3125776],[37.8771954,51.3124656]]]]}},
{"type":"Feature","properties":{"full_id":"w43167409","osm_id":"43167409","osm_type":"way","building":"apartments","dispensing":null,"man_made":null,"start_date":null,"energy_class":null,"building:levels:underground":null,"building:flats":null,"outdoor_seating":null,"name:ru":null,"name:en":null,"healthcare":null,"contact:website":null,"contact:phone":null,"contact:email":null,"brand:wikidata":null,"brand":null,"operator":null,"smoking":null,"layer":null,"cuisine":null,"addr:street":null,"office":null,"government":null,"leisure":null,"roof:levels":null,"height":null,"substation":null,"shop":null,"power":null,"pipeline":null,"opening_hours":null,"amenity":null,"addr:postcode":"309516","addr:country":null,"addr:city":"Старый Оскол","official_name":null,"name":null,"type":null,"building:levels":"9","addr:place":"микрорайон Ольминского","addr:housenumber":"1"},"geometry":{"type":"MultiPolygon","coordinates":[[[[37.8767817,51.3122871],[37.876986,51.3123752],[37.8771954,51.3124656],[37.8770723,51.3125776],[37.8766583,51.3123988],[37.8767817,51.3122871]]]]}},
{"type":"Feature","properties":{"full_id":"w43167411","osm_id":"43167411","osm_type":"way","building":"yes","dispensing":null,"man_made":null,"start_date":null,"energy_class":null,"building:levels:underground":null,"building:flats":null,"outdoor_seating":null,"name:ru":null,"name:en":null,"healthcare":null,"contact:website":null,"contact:phone":null,"contact:email":null,"brand:wikidata":null,"brand":null,"operator":null,"smoking":null,"layer":null,"cuisine":null,"addr:street":null,"office":null,"government":null,"leisure":null,"roof:levels":null,"height":null,"substation":null,"shop":null,"power":"substation","pipeline":null,"opening_hours":null,"amenity":null,"addr:postcode":null,"addr:country":null,"addr:city":null,"official_name":null,"name":"ТП-717н","type":null,"building:levels":"1","addr:place":"микрорайон Ольминского","addr:housenumber":null},"geometry":{"type":"MultiPolygon","coordinates":[[[[37.8771712,51.3119401],[37.8772919,51.3119914],[37.8772386,51.3120405],[37.8771178,51.3119892],[37.8771712,51.3119401]]]]}},
{"type":"Feature","properties":{"full_id":"w43167412","osm_id":"43167412","osm_type":"way","building":"apartments","dispensing":null,"man_made":null,"start_date":null,"energy_class":null,"building:levels:underground":null,"building:flats":null,"outdoor_seating":null,"name:ru":null,"name:en":null,"healthcare":null,"contact:website":null,"contact:phone":null,"contact:email":null,"brand:wikidata":null,"brand":null,"operator":null,"smoking":null,"layer":null,"cuisine":null,"addr:street":null,"office":null,"government":null,"leisure":null,"roof:levels":null,"height":null,"substation":null,"shop":null,"power":null,"pipeline":null,"opening_hours":null,"amenity":null,"addr:postcode":"309516","addr:country":null,"addr:city":"Старый Оскол","official_name":null,"name":null,"type":null,"building:levels":"9","addr:place":"микрорайон Ольминского","addr:housenumber":"5"},"geometry":{"type":"MultiPolygon","coordinates":[[[[37.8755513,51.3128364],[37.8756739,51.3127257],[37.8759428,51.312483],[37.8761024,51.312339],[37.8759232,51.3122614],[37.8753721,51.3127588],[37.8755513,51.3128364]]]]}},
{"type":"Feature","properties":{"full_id":"w43167413","osm_id":"43167413","osm_type":"way","building":"apartments","dispensing":null,"man_made":null,"start_date":null,"energy_class":null,"building:levels:underground":null,"building:flats":null,"outdoor_seating":null,"name:ru":null,"name:en":null,"healthcare":null,"contact:website":null,"contact:phone":null,"contact:email":null,"brand:wikidata":null,"brand":null,"operator":null,"smoking":null,"layer":null,"cuisine":null,"addr:street":null,"office":null,"government":null,"leisure":null,"roof:levels":null,"height":null,"substation":null,"shop":null,"power":null,"pipeline":null,"opening_hours":null,"amenity":null,"addr:postcode":"309516","addr:country":"RU","addr:city":"Старый Оскол","official_name":null,"name":null,"type":null,"building:levels":"9","addr:place":"микрорайон Ольминского","addr:housenumber":"6"},"geometry":{"type":"MultiPolygon","coordinates":[[[[37.8763835,51.3132051],[37.8761747,51.3131141],[37.8757669,51.3129364],[37.8755642,51.3128481],[37.87544,51.3129592],[37.8762597,51.3133161],[37.8763835,51.3132051]]]]}},
{"type":"Feature","properties":{"full_id":"w43167414","osm_id":"43167414","osm_type":"way","building":"hospital","dispensing":null,"man_made":null,"start_date":null,"energy_class":null,"building:levels:underground":null,"building:flats":null,"outdoor_seating":null,"name:ru":null,"name:en":null,"healthcare":null,"contact:website":null,"contact:phone":null,"contact:email":null,"brand:wikidata":null,"brand":null,"operator":null,"smoking":null,"layer":null,"cuisine":null,"addr:street":null,"office":null,"government":null,"leisure":null,"roof:levels":null,"height":null,"substation":null,"shop":null,"power":null,"pipeline":null,"opening_hours":null,"amenity":null,"addr:postcode":"309516","addr:country":"RU","addr:city":"Старый Оскол","official_name":null,"name":null,"type":null,"building:levels":"3","addr:place":"микрорайон Ольминского","addr:housenumber":"6А"},"geometry":{"type":"MultiPolygon","coordinates":[[[[37.8759031,51.3138149],[37.8759798,51.3138483],[37.87613,51.3137136],[37.876021,51.3136661],[37.8760866,51.3136073],[37.8761423,51.3136316],[37.8764947,51.3133157],[37.8765289,51.3133306],[37.8765707,51.3132932],[37.8764515,51.3132412],[37.8765954,51.3131123],[37.8765226,51.3130805],[37.8763835,51.3132051],[37.8762597,51.3133161],[37.8761484,51.3134158],[37.876098,51.3133938],[37.8760343,51.313451],[37.8760662,51.3134649],[37.8757908,51.3137119],[37.8757502,51.3137483],[37.8759031,51.3138149]]]]}},
{"type":"Feature","properties":{"full_id":"w43167415","osm_id":"43167415","osm_type":"way","building":"yes","dispensing":null,"man_made":null,"start_date":null,"energy_class":null,"building:levels:underground":null,"building:flats":null,"outdoor_seating":null,"name:ru":null,"name:en":null,"healthcare":null,"contact:website":null,"contact:phone":null,"contact:email":null,"brand:wikidata":null,"brand":null,"operator":null,"smoking":null,"layer":null,"cuisine":null,"addr:street":null,"office":null,"government":null,"leisure":null,"roof:levels":null,"height":null,"substation":null,"shop":null,"power":null,"pipeline":null,"opening_hours":null,"amenity":null,"addr:postcode":"309516","addr:country":null,"addr:city":"Старый Оскол","official_name":null,"name":null,"type":null,"building:levels":null,"addr:place":"микрорайон Ольминского","addr:housenumber":null},"geometry":{"type":"MultiPolygon","coordinates":[[[[37.8755824,51.3136247],[37.8757908,51.3137119],[37.8757502,51.3137483],[37.8759031,51.3138149],[37.8758222,51.3138905],[37.87546,51.3137392],[37.8755824,51.3136247]]]]}},
{"type":"Feature","properties":{"full_id":"w43167416","osm_id":"43167416","osm_type":"way","building":"house","dispensing":null,"man_made":null,"start_date":null,"energy_class":null,"building:levels:underground":null,"building:flats":null,"outdoor_seating":null,"name:ru":null,"name:en":null,"healthcare":null,"contact:website":null,"contact:phone":null,"contact:email":null,"brand:wikidata":null,"brand":null,"operator":null,"smoking":null,"layer":null,"cuisine":null,"addr:street":"улица Чапаева","office":null,"government":null,"leisure":null,"roof:levels":null,"height":null,"substation":null,"shop":null,"power":null,"pipeline":null,"opening_hours":null,"amenity":null,"addr:postcode":"309508","addr:country":null,"addr:city":"Старый Оскол","official_name":null,"name":null,"type":null,"building:levels":null,"addr:place":null,"addr:housenumber":"21"},"geometry":{"type":"MultiPolygon","coordinates":[[[[37.8745048,51.313429],[37.8746193,51.3134353],[37.8746,51.3135725],[37.8744855,51.3135662],[37.8745048,51.313429]]]]}},
{"type":"Feature","properties":{"full_id":"w43167418","osm_id":"43167418","osm_type":"way","building":"yes","dispensing":null,"man_made":null,"start_date":null,"energy_class":null,"building:levels:underground":null,"building:flats":null,"outdoor_seating":null,"name:ru":null,"name:en":null,"healthcare":null,"contact:website":null,"contact:phone":null,"contact:email":null,"brand:wikidata":null,"brand":null,"operator":null,"smoking":null,"layer":null,"cuisine":null,"addr:street":null,"office":null,"government":null,"leisure":null,"roof:levels":null,"height":null,"substation":null,"shop":null,"power":null,"pipeline":null,"opening_hours":null,"amenity":null,"addr:postcode":null,"addr:country":null,"addr:city":null,"official_name":null,"name":null,"type":null,"building:levels":null,"addr:place":null,"addr:housenumber":null},"geometry":{"type":"MultiPolygon","coordinates":[[[[37.8745112,51.3132858],[37.8746561,51.3132925],[37.8746431,51.3134024],[37.8744982,51.3133957],[37.8745112,51.3132858]]]]}},
{"type":"Feature","properties":{"full_id":"w43167420","osm_id":"43167420","osm_type":"way","building":"yes","dispensing":null,"man_made":null,"start_date":null,"energy_class":null,"building:levels:underground":null,"building:flats":null,"outdoor_seating":null,"name:ru":null,"name:en":null,"healthcare":null,"contact:website":null,"contact:phone":null,"contact:email":null,"brand:wikidata":null,"brand":null,"operator":null,"smoking":null,"layer":null,"cuisine":null,"addr:street":null,"office":null,"government":null,"leisure":null,"roof:levels":null,"height":null,"substation":null,"shop":"car_repair","power":null,"pipeline":null,"opening_hours":null,"amenity":null,"addr:postcode":"309516","addr:country":null,"addr:city":"Старый Оскол","official_name":null,"name":null,"type":null,"building:levels":null,"addr:place":"микрорайон Ольминского","addr:housenumber":"5/2"},"geometry":{"type":"MultiPolygon","coordinates":[[[[37.8751683,51.3131418],[37.8753888,51.3132302],[37.8753259,51.3132939],[37.8752121,51.3133985],[37.8749949,51.3133084],[37.8751683,51.3131418]]]]}},
{"type":"Feature","properties":{"full_id":"w43167431","osm_id":"43167431","osm_type":"way","building":"house","dispensing":null,"man_made":null,"start_date":null,"energy_class":null,"building:levels:underground":null,"building:flats":null,"outdoor_seating":null,"name:ru":null,"name:en":null,"healthcare":null,"contact:website":null,"contact:phone":null,"contact:email":null,"brand:wikidata":null,"brand":null,"operator":null,"smoking":null,"layer":null,"cuisine":null,"addr:street":"улица 8 Марта","office":null,"government":null,"leisure":null,"roof:levels":null,"height":null,"substation":null,"shop":null,"power":null,"pipeline":null,"opening_hours":null,"amenity":null,"addr:postcode":"309508","addr:country":null,"addr:city":"Старый Оскол","official_name":null,"name":null,"type":null,"building:levels":null,"addr:place":null,"addr:housenumber":"114"},"geometry":{"type":"MultiPolygon","coordinates":[[[[37.873925,51.3130732],[37.8740495,51.3130811],[37.874039,51.3131464],[37.8739145,51.3131385],[37.873925,51.3130732]]]]}},
{"type":"Feature","properties":{"full_id":"w43167433","osm_id":"43167433","osm_type":"way","building":"house","dispensing":null,"man_made":null,"start_date":null,"energy_class":null,"building:levels:underground":null,"building:flats":null,"outdoor_seating":null,"name:ru":null,"name:en":null,"healthcare":null,"contact:website":null,"contact:phone":null,"contact:email":null,"brand:wikidata":null,"brand":null,"operator":null,"smoking":null,"layer":null,"cuisine":null,"addr:street":"2-й Заводской переулок","office":null,"government":null,"leisure":null,"roof:levels":null,"height":null,"substation":null,"shop":null,"power":null,"pipeline":null,"opening_hours":null,"amenity":null,"addr:postcode":"309508","addr:country":null,"addr:city":"Старый Оскол","official_name":null,"name":null,"type":null,"building:levels":null,"addr:place":null,"addr:housenumber":"6"},"geometry":{"type":"MultiPolygon","coordinates":[[[[37.8738437,51.3134017],[37.8739835,51.3134128],[37.8739653,51.3135029],[37.8738255,51.3134918],[37.8738437,51.3134017]]]]}},
{"type":"Feature","properties":{"full_id":"w43167435","osm_id":"43167435","osm_type":"way","building":"house","dispensing":null,"man_made":null,"start_date":null,"energy_class":null,"building:levels:underground":null,"building:flats":null,"outdoor_seating":null,"name:ru":null,"name:en":null,"healthcare":null,"contact:website":null,"contact:phone":null,"contact:email":null,"brand:wikidata":null,"brand":null,"operator":null,"smoking":null,"layer":null,"cuisine":null,"addr:street":"улица 8 Марта","office":null,"government":null,"leisure":null,"roof:levels":null,"height":null,"substation":null,"shop":null,"power":null,"pipeline":null,"opening_hours":null,"amenity":null,"addr:postcode":"309508","addr:country":null,"addr:city":"Старый Оскол","official_name":null,"name":null,"type":null,"building:levels":null,"addr:place":null,"addr:housenumber":"116"},"geometry":{"type":"MultiPolygon","coordinates":[[[[37.874322,51.3131107],[37.8744318,51.3131138],[37.8744268,51.3131839],[37.874317,51.3131808],[37.874322,51.3131107]]]]}},
{"type":"Feature","properties":{"full_id":"w43167438","osm_id":"43167438","osm_type":"way","building":"yes","dispensing":null,"man_made":null,"start_date":null,"energy_class":null,"building:levels:underground":null,"building:flats":null,"outdoor_seating":null,"name:ru":null,"name:en":null,"healthcare":null,"contact:website":null,"contact:phone":null,"contact:email":null,"brand:wikidata":null,"brand":null,"operator":null,"smoking":null,"layer":null,"cuisine":null,"addr:street":null,"office":null,"government":null,"leisure":null,"roof:levels":null,"height":null,"substation":null,"shop":null,"power":null,"pipeline":null,"opening_hours":null,"amenity":null,"addr:postcode":null,"addr:country":null,"addr:city":null,"official_name":null,"name":null,"type":null,"building:levels":null,"addr:place":null,"addr:housenumber":null},"geometry":{"type":"MultiPolygon","coordinates":[[[[37.8741366,51.3132412],[37.8742566,51.3132435],[37.8742523,51.3133284],[37.8741323,51.3133261],[37.8741366,51.3132412]]]]}},
{"type":"Feature","properties":{"full_id":"w43167440","osm_id":"43167440","osm_type":"way","building":"house","dispensing":null,"man_made":null,"start_date":null,"energy_class":null,"building:levels:underground":null,"building:flats":null,"outdoor_seating":null,"name:ru":null,"name:en":null,"healthcare":null,"contact:website":null,"contact:phone":null,"contact:email":null,"brand:wikidata":null,"brand":null,"operator":null,"smoking":null,"layer":null,"cuisine":null,"addr:street":"2-й Заводской переулок","office":null,"government":null,"leisure":null,"roof:levels":null,"height":null,"substation":null,"shop":null,"power":null,"pipeline":null,"opening_hours":null,"amenity":null,"addr:postcode":"309508","addr:country":null,"addr:city":"Старый Оскол","official_name":null,"name":null,"type":null,"building:levels":null,"addr:place":null,"addr:housenumber":"10"},"geometry":{"type":"MultiPolygon","coordinates":[[[[37.8737957,51.3137033],[37.873896,51.3137116],[37.8738833,51.3137713],[37.873783,51.313763],[37.8737957,51.3137033]]]]}},
{"type":"Feature","properties":{"full_id":"w43167441","osm_id":"43167441","osm_type":"way","building":"house","dispensing":null,"man_made":null,"start_date":null,"energy_class":null,"building:levels:underground":null,"building:flats":null,"outdoor_seating":null,"name:ru":null,"name:en":null,"healthcare":null,"contact:website":null,"contact:phone":null,"contact:email":null,"brand:wikidata":null,"brand":null,"operator":null,"smoking":null,"layer":null,"cuisine":null,"addr:street":"2-й Заводской переулок","office":null,"government":null,"leisure":null,"roof:levels":null,"height":null,"substation":null,"shop":null,"power":null,"pipeline":null,"opening_hours":null,"amenity":null,"addr:postcode":"309508","addr:country":null,"addr:city":"Старый Оскол","official_name":null,"name":null,"type":null,"building:levels":null,"addr:place":null,"addr:housenumber":"12"},"geometry":{"type":"MultiPolygon","coordinates":[[[[37.8740985,51.3139309],[37.8741103,51.3138357],[37.8739655,51.3138287],[37.8739537,51.3139239],[37.8740985,51.3139309]]]]}},
{"type":"Feature","properties":{"full_id":"w43167445","osm_id":"43167445","osm_type":"way","building":"house","dispensing":null,"man_made":null,"start_date":null,"energy_class":null,"building:levels:underground":null,"building:flats":null,"outdoor_seating":null,"name:ru":null,"name:en":null,"healthcare":null,"contact:website":null,"contact:phone":null,"contact:email":null,"brand:wikidata":null,"brand":null,"operator":null,"smoking":null,"layer":null,"cuisine":null,"addr:street":"2-й Заводской переулок","office":null,"government":null,"leisure":null,"roof:levels":null,"height":null,"substation":null,"shop":null,"power":null,"pipeline":null,"opening_hours":null,"amenity":null,"addr:postcode":"309508","addr:country":null,"addr:city":"Старый Оскол","official_name":null,"name":null,"type":null,"building:levels":null,"addr:place":null,"addr:housenumber":"2"},"geometry":{"type":"MultiPolygon","coordinates":[[[[37.8738502,51.3132298],[37.8740952,51.3132448],[37.8741102,51.3131498],[37.874039,51.3131464],[37.8739145,51.3131385],[37.8738652,51.3131348],[37.8738502,51.3132298]]]]}},
{"type":"Feature","properties":{"full_id":"w43167447","osm_id":"43167447","osm_type":"way","building":"house","dispensing":null,"man_made":null,"start_date":null,"energy_class":null,"building:levels:underground":null,"building:flats":null,"outdoor_seating":null,"name:ru":null,"name:en":null,"healthcare":null,"contact:website":null,"contact:phone":null,"contact:email":null,"brand:wikidata":null,"brand":null,"operator":null,"smoking":null,"layer":null,"cuisine":null,"addr:street":"2-й Заводской переулок","office":null,"government":null,"leisure":null,"roof:levels":null,"height":null,"substation":null,"shop":null,"power":null,"pipeline":null,"opening_hours":null,"amenity":null,"addr:postcode":"309508","addr:country":null,"addr:city":"Старый Оскол","official_name":null,"name":null,"type":null,"building:levels":null,"addr:place":null,"addr:housenumber":"4"},"geometry":{"type":"MultiPolygon","coordinates":[[[[37.8738462,51.3133489],[37.8740406,51.3133615],[37.8740573,51.3132599],[37.873863,51.3132473],[37.8738462,51.3133489]]]]}},
{"type":"Feature","properties":{"full_id":"w43167449","osm_id":"43167449","osm_type":"way","building":"house","dispensing":null,"man_made":null,"start_date":null,"energy_class":null,"building:levels:underground":null,"building:flats":null,"outdoor_seating":null,"name:ru":null,"name:en":null,"healthcare":null,"contact:website":null,"contact:phone":null,"contact:email":null,"brand:wikidata":null,"brand":null,"operator":null,"smoking":null,"layer":null,"cuisine":null,"addr:street":"Стадионная улица","office":null,"government":null,"leisure":null,"roof:levels":null,"height":null,"substation":null,"shop":null,"power":null,"pipeline":null,"opening_hours":null,"amenity":null,"addr:postcode":"309508","addr:country":null,"addr:city":"Старый Оскол","official_name":null,"name":null,"type":null,"building:levels":null,"addr:place":null,"addr:housenumber":"41"},"geometry":{"type":"MultiPolygon","coordinates":[[[[37.8736289,51.314473],[37.873636,51.3143488],[37.873506,51.3143458],[37.8734989,51.31447],[37.8736289,51.314473]]]]}},
{"type":"Feature","properties":{"full_id":"w43167452","osm_id":"43167452","osm_type":"way","building":"house","dispensing":null,"man_made":null,"start_date":null,"energy_class":null,"building:levels:underground":null,"building:flats":null,"outdoor_seating":null,"name:ru":null,"name:en":null,"healthcare":null,"contact:website":null,"contact:phone":null,"contact:email":null,"brand:wikidata":null,"brand":null,"operator":null,"smoking":null,"layer":null,"cuisine":null,"addr:street":"Стадионная улица","office":null,"government":null,"leisure":null,"roof:levels":null,"height":null,"substation":null,"shop":null,"power":null,"pipeline":null,"opening_hours":null,"amenity":null,"addr:postcode":"309508","addr:country":null,"addr:city":"Старый Оскол","official_name":null,"name":null,"type":null,"building:levels":null,"addr:place":null,"addr:housenumber":"45"},"geometry":{"type":"MultiPolygon","coordinates":[[[[37.8738467,51.3143556],[37.8739723,51.3143594],[37.8739632,51.3144782],[37.8738375,51.3144744],[37.8738467,51.3143556]]]]}},
{"type":"Feature","properties":{"full_id":"w43167455","osm_id":"43167455","osm_type":"way","building":"house","dispensing":null,"man_made":null,"start_date":null,"energy_class":null,"building:levels:underground":null,"building:flats":null,"outdoor_seating":null,"name:ru":null,"name:en":null,"healthcare":null,"contact:website":null,"contact:phone":null,"contact:email":null,"brand:wikidata":null,"brand":null,"operator":null,"smoking":null,"layer":null,"cuisine":null,"addr:street":"Стадионная улица","office":null,"government":null,"leisure":null,"roof:levels":null,"height":null,"substation":null,"shop":null,"power":null,"pipeline":null,"opening_hours":null,"amenity":null,"addr:postcode":"309508","addr:country":null,"addr:city":"Старый Оскол","official_name":null,"name":null,"type":null,"building:levels":null,"addr:place":null,"addr:housenumber":"43"},"geometry":{"type":"MultiPolygon","coordinates":[[[[37.87378,51.3144693],[37.8737955,51.3143504],[37.8736799,51.3143445],[37.8736644,51.3144634],[37.87378,51.3144693]]]]}},
{"type":"Feature","properties":{"full_id":"w43167457","osm_id":"43167457","osm_type":"way","building":"house","dispensing":null,"man_made":null,"start_date":null,"energy_class":null,"building:levels:underground":null,"building:flats":null,"outdoor_seating":null,"name:ru":null,"name:en":null,"healthcare":null,"contact:website":null,"contact:phone":null,"contact:email":null,"brand:wikidata":null,"brand":null,"operator":null,"smoking":null,"layer":null,"cuisine":null,"addr:street":"2-й Заводской переулок","office":null,"government":null,"leisure":null,"roof:levels":null,"height":null,"substation":null,"shop":null,"power":null,"pipeline":null,"opening_hours":null,"amenity":null,"addr:postcode":"309508","addr:country":null,"addr:city":"Старый Оскол","official_name":null,"name":null,"type":null,"building:levels":null,"addr:place":null,"addr:housenumber":"14"},"geometry":{"type":"MultiPolygon","coordinates":[[[[37.8737226,51.3139728],[37.8738377,51.3139819],[37.8738214,51.3140618],[37.8737063,51.3140527],[37.8737226,51.3139728]]]]}},
{"type":"Feature","properties":{"full_id":"w43167458","osm_id":"43167458","osm_type":"way","building":"house","dispensing":null,"man_made":null,"start_date":null,"energy_class":null,"building:levels:underground":null,"building:flats":null,"outdoor_seating":null,"name:ru":null,"name:en":null,"healthcare":null,"contact:website":null,"contact:phone":null,"contact:email":null,"brand:wikidata":null,"brand":null,"operator":null,"smoking":null,"layer":null,"cuisine":null,"addr:street":"2-й Заводской переулок","office":null,"government":null,"leisure":null,"roof:levels":null,"height":null,"substation":null,"shop":null,"power":null,"pipeline":null,"opening_hours":null,"amenity":null,"addr:postcode":"309508","addr:country":null,"addr:city":"Старый Оскол","official_name":null,"name":null,"type":null,"building:levels":null,"addr:place":null,"addr:housenumber":"16"},"geometry":{"type":"MultiPolygon","coordinates":[[[[37.8734703,51.3139485],[37.8736349,51.3139559],[37.8736238,51.3140511],[37.8734592,51.3140437],[37.8734703,51.3139485]]]]}},
{"type":"Feature","properties":{"full_id":"w43167467","osm_id":"43167467","osm_type":"way","building":"yes","dispensing":null,"man_made":null,"start_date":null,"energy_class":null,"building:levels:underground":null,"building:flats":null,"outdoor_seating":null,"name:ru":null,"name:en":null,"healthcare":null,"contact:website":null,"contact:phone":null,"contact:email":null,"brand:wikidata":null,"brand":null,"operator":null,"smoking":null,"layer":null,"cuisine":null,"addr:street":null,"office":null,"government":null,"leisure":null,"roof:levels":null,"height":null,"substation":null,"shop":null,"power":null,"pipeline":null,"opening_hours":null,"amenity":null,"addr:postcode":null,"addr:country":null,"addr:city":null,"official_name":null,"name":null,"type":null,"building:levels":null,"addr:place":null,"addr:housenumber":null},"geometry":{"type":"MultiPolygon","coordinates":[[[[37.8737631,51.3140887],[37.8738528,51.3140956],[37.8738359,51.3141809],[37.8737462,51.314174],[37.8737631,51.3140887]]]]}},
{"type":"Feature","properties":{"full_id":"w43167472","osm_id":"43167472","osm_type":"way","building":"house","dispensing":null,"man_made":null,"start_date":null,"energy_class":null,"building:levels:underground":null,"building:flats":null,"outdoor_seating":null,"name:ru":null,"name:en":null,"healthcare":null,"contact:website":null,"contact:phone":null,"contact:email":null,"brand:wikidata":null,"brand":null,"operator":null,"smoking":null,"layer":null,"cuisine":null,"addr:street":"улица Чапаева","office":null,"government":null,"leisure":null,"roof:levels":null,"height":null,"substation":null,"shop":null,"power":null,"pipeline":null,"opening_hours":null,"amenity":null,"addr:postcode":"309508","addr:country":null,"addr:city":"Старый Оскол","official_name":null,"name":null,"type":null,"building:levels":null,"addr:place":null,"addr:housenumber":"3"},"geometry":{"type":"MultiPolygon","coordinates":[[[[37.8748773,51.3115846],[37.8750385,51.3115941],[37.8750354,51.311615],[37.8750898,51.3116182],[37.8750694,51.3117536],[37.8749309,51.3117454],[37.8749393,51.311689],[37.8748624,51.3116845],[37.8748773,51.3115846]]]]}},
{"type":"Feature","properties":{"full_id":"w43167473","osm_id":"43167473","osm_type":"way","building":"house","dispensing":null,"man_made":null,"start_date":null,"energy_class":null,"building:levels:underground":null,"building:flats":null,"outdoor_seating":null,"name:ru":null,"name:en":null,"healthcare":null,"contact:website":null,"contact:phone":null,"contact:email":null,"brand:wikidata":null,"brand":null,"operator":null,"smoking":null,"layer":null,"cuisine":null,"addr:street":"1-й Заводской переулок","office":null,"government":null,"leisure":null,"roof:levels":null,"height":null,"substation":null,"shop":null,"power":null,"pipeline":null,"opening_hours":null,"amenity":null,"addr:postcode":"309508","addr:country":null,"addr:city":"Старый Оскол","official_name":null,"name":null,"type":null,"building:levels":null,"addr:place":null,"addr:housenumber":"12"},"geometry":{"type":"MultiPolygon","coordinates":[[[[37.8742095,51.3115317],[37.8743695,51.3115372],[37.8743603,51.3116423],[37.8742003,51.3116368],[37.8742095,51.3115317]]]]}},
{"type":"Feature","properties":{"full_id":"w43167474","osm_id":"43167474","osm_type":"way","building":"house","dispensing":null,"man_made":null,"start_date":null,"energy_class":null,"building:levels:underground":null,"building:flats":null,"outdoor_seating":null,"name:ru":null,"name:en":null,"healthcare":null,"contact:website":null,"contact:phone":null,"contact:email":null,"brand:wikidata":null,"brand":null,"operator":null,"smoking":null,"layer":null,"cuisine":null,"addr:street":"переулок Чапаева","office":null,"government":null,"leisure":null,"roof:levels":null,"height":null,"substation":null,"shop":null,"power":null,"pipeline":null,"opening_hours":null,"amenity":null,"addr:postcode":"309508","addr:country":null,"addr:city":"Старый Оскол","official_name":null,"name":null,"type":null,"building:levels":null,"addr:place":null,"addr:housenumber":"13"},"geometry":{"type":"MultiPolygon","coordinates":[[[[37.8743033,51.3112652],[37.8744085,51.311274],[37.8743915,51.3113538],[37.8742863,51.311345],[37.8743033,51.3112652]]]]}},
{"type":"Feature","properties":{"full_id":"w43167475","osm_id":"43167475","osm_type":"way","building":"house","dispensing":null,"man_made":null,"start_date":null,"energy_class":null,"building:levels:underground":null,"building:flats":null,"outdoor_seating":null,"name:ru":null,"name:en":null,"healthcare":null,"contact:website":null,"contact:phone":null,"contact:email":null,"brand:wikidata":null,"brand":null,"operator":null,"smoking":null,"layer":null,"cuisine":null,"addr:street":"переулок Чапаева","office":null,"government":null,"leisure":null,"roof:levels":null,"height":null,"substation":null,"shop":null,"power":null,"pipeline":null,"opening_hours":null,"amenity":null,"addr:postcode":"309508","addr:country":null,"addr:city":"Старый Оскол","official_name":null,"name":null,"type":null,"building:levels":null,"addr:place":null,"addr:housenumber":"15"},"geometry":{"type":"MultiPolygon","coordinates":[[[[37.8745295,51.3112767],[37.8746794,51.3112823],[37.8746703,51.3113773],[37.8745204,51.3113717],[37.8745295,51.3112767]]]]}},
{"type":"Feature","properties":{"full_id":"w43167476","osm_id":"43167476","osm_type":"way","building":"house","dispensing":null,"man_made":null,"start_date":null,"energy_class":null,"building:levels:underground":null,"building:flats":null,"outdoor_seating":null,"name:ru":null,"name:en":null,"healthcare":null,"contact:website":null,"contact:phone":null,"contact:email":null,"brand:wikidata":null,"brand":null,"operator":null,"smoking":null,"layer":null,"cuisine":null,"addr:street":"улица 8 Марта","office":null,"government":null,"leisure":null,"roof:levels":null,"height":null,"substation":null,"shop":null,"power":null,"pipeline":null,"opening_hours":null,"amenity":null,"addr:postcode":"309508","addr:country":null,"addr:city":"Старый Оскол","official_name":null,"name":null,"type":null,"building:levels":null,"addr:place":null,"addr:housenumber":"104"},"geometry":{"type":"MultiPolygon","coordinates":[[[[37.8736124,51.3131922],[37.8736366,51.3130623],[37.8735003,51.3130524],[37.8734764,51.3131824],[37.8736124,51.3131922]]]]}},
{"type":"Feature","properties":{"full_id":"w43167478","osm_id":"43167478","osm_type":"way","building":"yes","dispensing":null,"man_made":null,"start_date":null,"energy_class":null,"building:levels:underground":null,"building:flats":null,"outdoor_seating":null,"name:ru":null,"name:en":null,"healthcare":null,"contact:website":null,"contact:phone":null,"contact:email":null,"brand:wikidata":null,"brand":null,"operator":null,"smoking":null,"layer":null,"cuisine":null,"addr:street":null,"office":null,"government":null,"leisure":null,"roof:levels":null,"height":null,"substation":null,"shop":null,"power":null,"pipeline":null,"opening_hours":null,"amenity":null,"addr:postcode":"309516","addr:country":null,"addr:city":"Старый Оскол","official_name":null,"name":null,"type":null,"building:levels":"1","addr:place":"микрорайон Ольминского","addr:housenumber":null},"geometry":{"type":"MultiPolygon","coordinates":[[[[37.8766744,51.311457],[37.8771114,51.3116417],[37.8770111,51.3117344],[37.8765741,51.3115498],[37.8766744,51.311457]]]]}},
{"type":"Feature","properties":{"full_id":"w43167483","osm_id":"43167483","osm_type":"way","building":"house","dispensing":null,"man_made":null,"start_date":null,"energy_class":null,"building:levels:underground":null,"building:flats":null,"outdoor_seating":null,"name:ru":null,"name:en":null,"healthcare":null,"contact:website":null,"contact:phone":null,"contact:email":null,"brand:wikidata":null,"brand":null,"operator":null,"smoking":null,"layer":null,"cuisine":null,"addr:street":"переулок Чапаева","office":null,"government":null,"leisure":null,"roof:levels":null,"height":null,"substation":null,"shop":null,"power":null,"pipeline":null,"opening_hours":null,"amenity":null,"addr:postcode":"309508","addr:country":null,"addr:city":"Старый Оскол","official_name":null,"name":null,"type":null,"building:levels":null,"addr:place":null,"addr:housenumber":"17"},"geometry":{"type":"MultiPolygon","coordinates":[[[[37.8747604,51.311295],[37.8748806,51.3113041],[37.8748592,51.311414],[37.8747391,51.3114049],[37.8747604,51.311295]]]]}},
{"type":"Feature","properties":{"full_id":"w43167484","osm_id":"43167484","osm_type":"way","building":"house","dispensing":null,"man_made":null,"start_date":null,"energy_class":null,"building:levels:underground":null,"building:flats":null,"outdoor_seating":null,"name:ru":null,"name:en":null,"healthcare":null,"contact:website":null,"contact:phone":null,"contact:email":null,"brand:wikidata":null,"brand":null,"operator":null,"smoking":null,"layer":null,"cuisine":null,"addr:street":"переулок Чапаева","office":null,"government":null,"leisure":null,"roof:levels":null,"height":null,"substation":null,"shop":null,"power":null,"pipeline":null,"opening_hours":null,"amenity":null,"addr:postcode":"309508","addr:country":null,"addr:city":"Старый Оскол","official_name":null,"name":null,"type":null,"building:levels":null,"addr:place":null,"addr:housenumber":"19/1"},"geometry":{"type":"MultiPolygon","coordinates":[[[[37.8749194,51.3113242],[37.8750893,51.3113348],[37.8750702,51.3114548],[37.8749003,51.3114442],[37.8749194,51.3113242]]]]}},
{"type":"Feature","properties":{"full_id":"w43167486","osm_id":"43167486","osm_type":"way","building":"house","dispensing":null,"man_made":null,"start_date":null,"energy_class":null,"building:levels:underground":null,"building:flats":null,"outdoor_seating":null,"name:ru":null,"name:en":null,"healthcare":null,"contact:website":null,"contact:phone":null,"contact:email":null,"brand:wikidata":null,"brand":null,"operator":null,"smoking":null,"layer":null,"cuisine":null,"addr:street":"улица Чапаева","office":null,"government":null,"leisure":null,"roof:levels":null,"height":null,"substation":null,"shop":null,"power":null,"pipeline":null,"opening_hours":null,"amenity":null,"addr:postcode":"309508","addr:country":null,"addr:city":"Старый Оскол","official_name":null,"name":null,"type":null,"building:levels":null,"addr:place":null,"addr:housenumber":"5"},"geometry":{"type":"MultiPolygon","coordinates":[[[[37.8748317,51.3118151],[37.8749132,51.3118217],[37.8750028,51.3118289],[37.8749866,51.311907],[37.8748155,51.3118931],[37.8748317,51.3118151]]]]}},
{"type":"Feature","properties":{"full_id":"w43167489","osm_id":"43167489","osm_type":"way","building":"apartments","dispensing":null,"man_made":null,"start_date":null,"energy_class":null,"building:levels:underground":null,"building:flats":null,"outdoor_seating":null,"name:ru":null,"name:en":null,"healthcare":null,"contact:website":null,"contact:phone":null,"contact:email":null,"brand:wikidata":null,"brand":null,"operator":null,"smoking":null,"layer":null,"cuisine":null,"addr:street":"Заводская улица","office":null,"government":null,"leisure":null,"roof:levels":null,"height":null,"substation":null,"shop":null,"power":null,"pipeline":null,"opening_hours":null,"amenity":null,"addr:postcode":"309516","addr:country":null,"addr:city":"Старый Оскол","official_name":null,"name":null,"type":null,"building:levels":"2","addr:place":null,"addr:housenumber":"2"},"geometry":{"type":"MultiPolygon","coordinates":[[[[37.8740744,51.3110655],[37.8740919,51.3109722],[37.874136,51.3107381],[37.8741566,51.3106286],[37.8739714,51.310615],[37.8738891,51.3110519],[37.8740744,51.3110655]]]]}},
{"type":"Feature","properties":{"full_id":"w43167502","osm_id":"43167502","osm_type":"way","building":"house","dispensing":null,"man_made":null,"start_date":null,"energy_class":null,"building:levels:underground":null,"building:flats":null,"outdoor_seating":null,"name:ru":null,"name:en":null,"healthcare":null,"contact:website":null,"contact:phone":null,"contact:email":null,"brand:wikidata":null,"brand":null,"operator":null,"smoking":null,"layer":null,"cuisine":null,"addr:street":"переулок Чапаева","office":null,"government":null,"leisure":null,"roof:levels":null,"height":null,"substation":null,"shop":null,"power":null,"pipeline":null,"opening_hours":null,"amenity":null,"addr:postcode":"309508","addr:country":null,"addr:city":"Старый Оскол","official_name":null,"name":null,"type":null,"building:levels":null,"addr:place":null,"addr:housenumber":"9"},"geometry":{"type":"MultiPolygon","coordinates":[[[[37.8739436,51.3113255],[37.8739659,51.3112252],[37.8738312,51.3112135],[37.8738089,51.3113138],[37.8739436,51.3113255]]]]}},
{"type":"Feature","properties":{"full_id":"w43167503","osm_id":"43167503","osm_type":"way","building":"house","dispensing":null,"man_made":null,"start_date":null,"energy_class":null,"building:levels:underground":null,"building:flats":null,"outdoor_seating":null,"name:ru":null,"name:en":null,"healthcare":null,"contact:website":null,"contact:phone":null,"contact:email":null,"brand:wikidata":null,"brand":null,"operator":null,"smoking":null,"layer":null,"cuisine":null,"addr:street":"переулок Чапаева","office":null,"government":null,"leisure":null,"roof:levels":null,"height":null,"substation":null,"shop":null,"power":null,"pipeline":null,"opening_hours":null,"amenity":null,"addr:postcode":"309508","addr:country":null,"addr:city":"Старый Оскол","official_name":null,"name":null,"type":null,"building:levels":null,"addr:place":null,"addr:housenumber":"7"},"geometry":{"type":"MultiPolygon","coordinates":[[[[37.8737299,51.3113045],[37.8737499,51.3111945],[37.8736099,51.3111845],[37.87359,51.3112945],[37.8737299,51.3113045]]]]}},
{"type":"Feature","properties":{"full_id":"w43167504","osm_id":"43167504","osm_type":"way","building":"house","dispensing":null,"man_made":null,"start_date":null,"energy_class":null,"building:levels:underground":null,"building:flats":null,"outdoor_seating":null,"name:ru":null,"name:en":null,"healthcare":null,"contact:website":null,"contact:phone":null,"contact:email":null,"brand:wikidata":null,"brand":null,"operator":null,"smoking":null,"layer":null,"cuisine":null,"addr:street":"переулок Чапаева","office":null,"government":null,"leisure":null,"roof:levels":null,"height":null,"substation":null,"shop":null,"power":null,"pipeline":null,"opening_hours":null,"amenity":null,"addr:postcode":"309508","addr:country":null,"addr:city":"Старый Оскол","official_name":null,"name":null,"type":null,"building:levels":null,"addr:place":null,"addr:housenumber":"11"},"geometry":{"type":"MultiPolygon","coordinates":[[[[37.8741304,51.3112749],[37.8742605,51.3112842],[37.8742494,51.3113441],[37.8741193,51.3113348],[37.8741304,51.3112749]]]]}},
{"type":"Feature","properties":{"full_id":"w43167510","osm_id":"43167510","osm_type":"way","building":"yes","dispensing":null,"man_made":null,"start_date":null,"energy_class":null,"building:levels:underground":null,"building:flats":null,"outdoor_seating":null,"name:ru":null,"name:en":null,"healthcare":null,"contact:website":null,"contact:phone":null,"contact:email":null,"brand:wikidata":null,"brand":null,"operator":null,"smoking":null,"layer":null,"cuisine":null,"addr:street":null,"office":null,"government":null,"leisure":null,"roof:levels":null,"height":null,"substation":null,"shop":null,"power":null,"pipeline":null,"opening_hours":null,"amenity":null,"addr:postcode":null,"addr:country":null,"addr:city":null,"official_name":null,"name":null,"type":null,"building:levels":null,"addr:place":"микрорайон Ольминского","addr:housenumber":null},"geometry":{"type":"MultiPolygon","coordinates":[[[[37.8733569,51.3101425],[37.8734336,51.3101461],[37.8734305,51.3101717],[37.8740358,51.3101999],[37.8740259,51.310283],[37.8737521,51.3102703],[37.8735597,51.3102613],[37.873387,51.3102533],[37.873344,51.3102513],[37.8733569,51.3101425]]]]}},
{"type":"Feature","properties":{"full_id":"w43167513","osm_id":"43167513","osm_type":"way","building":"yes","dispensing":null,"man_made":null,"start_date":null,"energy_class":null,"building:levels:underground":null,"building:flats":null,"outdoor_seating":null,"name:ru":null,"name:en":null,"healthcare":null,"contact:website":null,"contact:phone":null,"contact:email":null,"brand:wikidata":null,"brand":null,"operator":null,"smoking":null,"layer":null,"cuisine":null,"addr:street":null,"office":null,"government":null,"leisure":null,"roof:levels":null,"height":null,"substation":null,"shop":null,"power":null,"pipeline":null,"opening_hours":null,"amenity":null,"addr:postcode":null,"addr:country":null,"addr:city":null,"official_name":null,"name":null,"type":null,"building:levels":null,"addr:place":"микрорайон Ольминского","addr:housenumber":null},"geometry":{"type":"MultiPolygon","coordinates":[[[[37.873726,51.3104894],[37.8737521,51.3102703],[37.8735597,51.3102613],[37.8735336,51.3104804],[37.873726,51.3104894]]]]}},
{"type":"Feature","properties":{"full_id":"w43167678","osm_id":"43167678","osm_type":"way","building":"house","dispensing":null,"man_made":null,"start_date":null,"energy_class":null,"building:levels:underground":null,"building:flats":null,"outdoor_seating":null,"name:ru":null,"name:en":null,"healthcare":null,"contact:website":null,"contact:phone":null,"contact:email":null,"brand:wikidata":null,"brand":null,"operator":null,"smoking":null,"layer":null,"cuisine":null,"addr:street":"1-й Заводской переулок","office":null,"government":null,"leisure":null,"roof:levels":null,"height":null,"substation":null,"shop":null,"power":null,"pipeline":null,"opening_hours":null,"amenity":null,"addr:postcode":"309508","addr:country":null,"addr:city":"Старый Оскол","official_name":null,"name":null,"type":null,"building:levels":null,"addr:place":null,"addr:housenumber":"8"},"geometry":{"type":"MultiPolygon","coordinates":[[[[37.8735194,51.3115438],[37.8736991,51.3115649],[37.8736564,51.311707],[37.8734767,51.311686],[37.8735194,51.3115438]]]]}},
{"type":"Feature","properties":{"full_id":"w43167704","osm_id":"43167704","osm_type":"way","building":"house","dispensing":null,"man_made":null,"start_date":null,"energy_class":null,"building:levels:underground":null,"building:flats":null,"outdoor_seating":null,"name:ru":null,"name:en":null,"healthcare":null,"contact:website":null,"contact:phone":null,"contact:email":null,"brand:wikidata":null,"brand":null,"operator":null,"smoking":null,"layer":null,"cuisine":null,"addr:street":"улица Чапаева","office":null,"government":null,"leisure":null,"roof:levels":null,"height":null,"substation":null,"shop":null,"power":null,"pipeline":null,"opening_hours":null,"amenity":null,"addr:postcode":"309508","addr:country":null,"addr:city":"Старый Оскол","official_name":null,"name":null,"type":null,"building:levels":null,"addr:place":null,"addr:housenumber":"13"},"geometry":{"type":"MultiPolygon","coordinates":[[[[37.8746892,51.3123947],[37.8748372,51.3124105],[37.8748196,51.3124749],[37.8746716,51.3124591],[37.8746892,51.3123947]]]]}},
{"type":"Feature","properties":{"full_id":"w43167706","osm_id":"43167706","osm_type":"way","building":"house","dispensing":null,"man_made":null,"start_date":null,"energy_class":null,"building:levels:underground":null,"building:flats":null,"outdoor_seating":null,"name:ru":null,"name:en":null,"healthcare":null,"contact:website":null,"contact:phone":null,"contact:email":null,"brand:wikidata":null,"brand":null,"operator":null,"smoking":null,"layer":null,"cuisine":null,"addr:street":"улица Чапаева","office":null,"government":null,"leisure":null,"roof:levels":null,"height":null,"substation":null,"shop":null,"power":null,"pipeline":null,"opening_hours":null,"amenity":null,"addr:postcode":"309508","addr:country":null,"addr:city":"Старый Оскол","official_name":null,"name":null,"type":null,"building:levels":null,"addr:place":null,"addr:housenumber":"11"},"geometry":{"type":"MultiPolygon","coordinates":[[[[37.8747434,51.3122293],[37.8749011,51.3122487],[37.8748709,51.312344],[37.8747139,51.3123246],[37.8747424,51.3122327],[37.8747434,51.3122293]]]]}},
{"type":"Feature","properties":{"full_id":"w43167708","osm_id":"43167708","osm_type":"way","building":"house","dispensing":null,"man_made":null,"start_date":null,"energy_class":null,"building:levels:underground":null,"building:flats":null,"outdoor_seating":null,"name:ru":null,"name:en":null,"healthcare":null,"contact:website":null,"contact:phone":null,"contact:email":null,"brand:wikidata":null,"brand":null,"operator":null,"smoking":null,"layer":null,"cuisine":null,"addr:street":"улица Чапаева","office":null,"government":null,"leisure":null,"roof:levels":null,"height":null,"substation":null,"shop":null,"power":null,"pipeline":null,"opening_hours":null,"amenity":null,"addr:postcode":"309508","addr:country":null,"addr:city":"Старый Оскол","official_name":null,"name":null,"type":null,"building:levels":null,"addr:place":null,"addr:housenumber":"15"},"geometry":{"type":"MultiPolygon","coordinates":[[[[37.8746788,51.3125163],[37.8748343,51.3125286],[37.874815,51.3126233],[37.8746595,51.312611],[37.8746788,51.3125163]]]]}},
{"type":"Feature","properties":{"full_id":"w43167709","osm_id":"43167709","osm_type":"way","building":"house","dispensing":null,"man_made":null,"start_date":null,"energy_class":null,"building:levels:underground":null,"building:flats":null,"outdoor_seating":null,"name:ru":null,"name:en":null,"healthcare":null,"contact:website":null,"contact:phone":null,"contact:email":null,"brand:wikidata":null,"brand":null,"operator":null,"smoking":null,"layer":null,"cuisine":null,"addr:street":"1-й Заводской переулок","office":null,"government":null,"leisure":null,"roof:levels":null,"height":null,"substation":null,"shop":null,"power":null,"pipeline":null,"opening_hours":null,"amenity":null,"addr:postcode":"309508","addr:country":null,"addr:city":"Старый Оскол","official_name":null,"name":null,"type":null,"building:levels":null,"addr:place":null,"addr:housenumber":"24"},"geometry":{"type":"MultiPolygon","coordinates":[[[[37.8738941,51.3124595],[37.874044,51.3124651],[37.8740349,51.3125601],[37.873885,51.3125545],[37.8738941,51.3124595]]]]}},
{"type":"Feature","properties":{"full_id":"w43167710","osm_id":"43167710","osm_type":"way","building":"house","dispensing":null,"man_made":null,"start_date":null,"energy_class":null,"building:levels:underground":null,"building:flats":null,"outdoor_seating":null,"name:ru":null,"name:en":null,"healthcare":null,"contact:website":null,"contact:phone":null,"contact:email":null,"brand:wikidata":null,"brand":null,"operator":null,"smoking":null,"layer":null,"cuisine":null,"addr:street":"улица 8 Марта","office":null,"government":null,"leisure":null,"roof:levels":null,"height":null,"substation":null,"shop":null,"power":null,"pipeline":null,"opening_hours":null,"amenity":null,"addr:postcode":"309508","addr:country":null,"addr:city":"Старый Оскол","official_name":null,"name":null,"type":null,"building:levels":null,"addr:place":null,"addr:housenumber":"105"},"geometry":{"type":"MultiPolygon","coordinates":[[[[37.8736608,51.3128105],[37.8736704,51.3127255],[37.8735504,51.3127203],[37.8735408,51.3128053],[37.8736608,51.3128105]]]]}},
{"type":"Feature","properties":{"full_id":"w43167711","osm_id":"43167711","osm_type":"way","building":"house","dispensing":null,"man_made":null,"start_date":null,"energy_class":null,"building:levels:underground":null,"building:flats":null,"outdoor_seating":null,"name:ru":null,"name:en":null,"healthcare":null,"contact:website":null,"contact:phone":null,"contact:email":null,"brand:wikidata":null,"brand":null,"operator":null,"smoking":null,"layer":null,"cuisine":null,"addr:street":"улица 8 Марта","office":null,"government":null,"leisure":null,"roof:levels":null,"height":null,"substation":null,"shop":null,"power":null,"pipeline":null,"opening_hours":null,"amenity":null,"addr:postcode":"309508","addr:country":null,"addr:city":"Старый Оскол","official_name":null,"name":null,"type":null,"building:levels":null,"addr:place":null,"addr:housenumber":"111"},"geometry":{"type":"MultiPolygon","coordinates":[[[[37.8743263,51.3128713],[37.874342,51.312776],[37.8742225,51.3127683],[37.8742068,51.3128636],[37.8743263,51.3128713]]]]}},
{"type":"Feature","properties":{"full_id":"w43167712","osm_id":"43167712","osm_type":"way","building":"house","dispensing":null,"man_made":null,"start_date":null,"energy_class":null,"building:levels:underground":null,"building:flats":null,"outdoor_seating":null,"name:ru":null,"name:en":null,"healthcare":null,"contact:website":null,"contact:phone":null,"contact:email":null,"brand:wikidata":null,"brand":null,"operator":null,"smoking":null,"layer":null,"cuisine":null,"addr:street":"улица 8 Марта","office":null,"government":null,"leisure":null,"roof:levels":null,"height":null,"substation":null,"shop":null,"power":null,"pipeline":null,"opening_hours":null,"amenity":null,"addr:postcode":"309508","addr:country":null,"addr:city":"Старый Оскол","official_name":null,"name":null,"type":null,"building:levels":null,"addr:place":null,"addr:housenumber":"113"},"geometry":{"type":"MultiPolygon","coordinates":[[[[37.8745135,51.312886],[37.8745249,51.3128208],[37.8744928,51.3128186],[37.8744203,51.3128136],[37.8744089,51.3128788],[37.8745135,51.312886]]]]}},
{"type":"Feature","properties":{"full_id":"w43167713","osm_id":"43167713","osm_type":"way","building":"house","dispensing":null,"man_made":null,"start_date":null,"energy_class":null,"building:levels:underground":null,"building:flats":null,"outdoor_seating":null,"name:ru":null,"name:en":null,"healthcare":null,"contact:website":null,"contact:phone":null,"contact:email":null,"brand:wikidata":null,"brand":null,"operator":null,"smoking":null,"layer":null,"cuisine":null,"addr:street":"улица 8 Марта","office":null,"government":null,"leisure":null,"roof:levels":null,"height":null,"substation":null,"shop":null,"power":null,"pipeline":null,"opening_hours":null,"amenity":null,"addr:postcode":"309508","addr:country":null,"addr:city":"Старый Оскол","official_name":null,"name":null,"type":null,"building:levels":null,"addr:place":null,"addr:housenumber":"11/3"},"geometry":{"type":"MultiPolygon","coordinates":[[[[37.8747513,51.3129042],[37.8747778,51.3128194],[37.8746625,51.3128054],[37.874636,51.3128902],[37.8747513,51.3129042]]]]}},
{"type":"Feature","properties":{"full_id":"w43167717","osm_id":"43167717","osm_type":"way","building":"yes","dispensing":null,"man_made":null,"start_date":null,"energy_class":null,"building:levels:underground":null,"building:flats":null,"outdoor_seating":null,"name:ru":null,"name:en":null,"healthcare":null,"contact:website":null,"contact:phone":null,"contact:email":null,"brand:wikidata":null,"brand":null,"operator":null,"smoking":null,"layer":null,"cuisine":null,"addr:street":null,"office":null,"government":null,"leisure":null,"roof:levels":null,"height":null,"substation":null,"shop":null,"power":null,"pipeline":null,"opening_hours":null,"amenity":null,"addr:postcode":null,"addr:country":null,"addr:city":null,"official_name":null,"name":null,"type":null,"building:levels":null,"addr:place":null,"addr:housenumber":null},"geometry":{"type":"MultiPolygon","coordinates":[[[[37.8746379,51.31222],[37.8747424,51.3122327],[37.8747139,51.3123246],[37.8747098,51.3123375],[37.8746053,51.3123248],[37.8746379,51.31222]]]]}},
{"type":"Feature","properties":{"full_id":"w43167718","osm_id":"43167718","osm_type":"way","building":"yes","dispensing":null,"man_made":null,"start_date":null,"energy_class":null,"building:levels:underground":null,"building:flats":null,"outdoor_seating":null,"name:ru":null,"name:en":null,"healthcare":null,"contact:website":null,"contact:phone":null,"contact:email":null,"brand:wikidata":null,"brand":null,"operator":null,"smoking":null,"layer":null,"cuisine":null,"addr:street":null,"office":null,"government":null,"leisure":null,"roof:levels":null,"height":null,"substation":null,"shop":null,"power":null,"pipeline":null,"opening_hours":null,"amenity":null,"addr:postcode":null,"addr:country":null,"addr:city":null,"official_name":null,"name":null,"type":null,"building:levels":null,"addr:place":null,"addr:housenumber":null},"geometry":{"type":"MultiPolygon","coordinates":[[[[37.8740908,51.3126095],[37.87418,51.3126146],[37.8741682,51.3126951],[37.874079,51.31269],[37.8740908,51.3126095]]]]}},
{"type":"Feature","properties":{"full_id":"w43167719","osm_id":"43167719","osm_type":"way","building":"yes","dispensing":null,"man_made":null,"start_date":null,"energy_class":null,"building:levels:underground":null,"building:flats":null,"outdoor_seating":null,"name:ru":null,"name:en":null,"healthcare":null,"contact:website":null,"contact:phone":null,"contact:email":null,"brand:wikidata":null,"brand":null,"operator":null,"smoking":null,"layer":null,"cuisine":null,"addr:street":null,"office":null,"government":null,"leisure":null,"roof:levels":null,"height":null,"substation":null,"shop":null,"power":null,"pipeline":null,"opening_hours":null,"amenity":null,"addr:postcode":null,"addr:country":null,"addr:city":null,"official_name":null,"name":null,"type":null,"building:levels":null,"addr:place":null,"addr:housenumber":null},"geometry":{"type":"MultiPolygon","coordinates":[[[[37.8736531,51.312405],[37.8736689,51.3123213],[37.8735595,51.3123132],[37.8735437,51.3123969],[37.8736531,51.312405]]]]}},
{"type":"Feature","properties":{"full_id":"w43167724","osm_id":"43167724","osm_type":"way","building":"house","dispensing":null,"man_made":null,"start_date":null,"energy_class":null,"building:levels:underground":null,"building:flats":null,"outdoor_seating":null,"name:ru":null,"name:en":null,"healthcare":null,"contact:website":null,"contact:phone":null,"contact:email":null,"brand:wikidata":null,"brand":null,"operator":null,"smoking":null,"layer":null,"cuisine":null,"addr:street":"1-й Заводской переулок","office":null,"government":null,"leisure":null,"roof:levels":null,"height":null,"substation":null,"shop":null,"power":null,"pipeline":null,"opening_hours":null,"amenity":null,"addr:postcode":"309508","addr:country":null,"addr:city":"Старый Оскол","official_name":null,"name":null,"type":null,"building:levels":null,"addr:place":null,"addr:housenumber":"16"},"geometry":{"type":"MultiPolygon","coordinates":[[[[37.8741654,51.3118962],[37.8743653,51.3119066],[37.874356,51.3119766],[37.8741561,51.3119662],[37.8741654,51.3118962]]]]}},
{"type":"Feature","properties":{"full_id":"w43167725","osm_id":"43167725","osm_type":"way","building":"yes","dispensing":null,"man_made":null,"start_date":null,"energy_class":null,"building:levels:underground":null,"building:flats":null,"outdoor_seating":null,"name:ru":null,"name:en":null,"healthcare":null,"contact:website":null,"contact:phone":null,"contact:email":null,"brand:wikidata":null,"brand":null,"operator":null,"smoking":null,"layer":null,"cuisine":null,"addr:street":null,"office":null,"government":null,"leisure":null,"roof:levels":null,"height":null,"substation":null,"shop":null,"power":null,"pipeline":null,"opening_hours":null,"amenity":null,"addr:postcode":null,"addr:country":null,"addr:city":null,"official_name":null,"name":null,"type":null,"building:levels":null,"addr:place":null,"addr:housenumber":null},"geometry":{"type":"MultiPolygon","coordinates":[[[[37.8741117,51.3118491],[37.8742127,51.3118531],[37.8742097,51.3118837],[37.8741088,51.3118797],[37.8741117,51.3118491]]]]}},
{"type":"Feature","properties":{"full_id":"w43167726","osm_id":"43167726","osm_type":"way","building":"yes","dispensing":null,"man_made":null,"start_date":null,"energy_class":null,"building:levels:underground":null,"building:flats":null,"outdoor_seating":null,"name:ru":null,"name:en":null,"healthcare":null,"contact:website":null,"contact:phone":null,"contact:email":null,"brand:wikidata":null,"brand":null,"operator":null,"smoking":null,"layer":null,"cuisine":null,"addr:street":null,"office":null,"government":null,"leisure":null,"roof:levels":null,"height":null,"substation":null,"shop":null,"power":null,"pipeline":null,"opening_hours":null,"amenity":null,"addr:postcode":null,"addr:country":null,"addr:city":null,"official_name":null,"name":null,"type":null,"building:levels":null,"addr:place":null,"addr:housenumber":null},"geometry":{"type":"MultiPolygon","coordinates":[[[[37.8735127,51.3114041],[37.8736734,51.3114153],[37.8736673,51.3114499],[37.8735066,51.3114387],[37.8735127,51.3114041]]]]}},
{"type":"Feature","properties":{"full_id":"w43167727","osm_id":"43167727","osm_type":"way","building":"house","dispensing":null,"man_made":null,"start_date":null,"energy_class":null,"building:levels:underground":null,"building:flats":null,"outdoor_seating":null,"name:ru":null,"name:en":null,"healthcare":null,"contact:website":null,"contact:phone":null,"contact:email":null,"brand:wikidata":null,"brand":null,"operator":null,"smoking":null,"layer":null,"cuisine":null,"addr:street":"1-й Заводской переулок","office":null,"government":null,"leisure":null,"roof:levels":null,"height":null,"substation":null,"shop":null,"power":null,"pipeline":null,"opening_hours":null,"amenity":null,"addr:postcode":"309508","addr:country":null,"addr:city":"Старый Оскол","official_name":null,"name":null,"type":null,"building:levels":null,"addr:place":null,"addr:housenumber":"10"},"geometry":{"type":"MultiPolygon","coordinates":[[[[37.8738822,51.3116243],[37.8740271,51.3116346],[37.8740126,51.3117147],[37.8738677,51.3117044],[37.8738822,51.3116243]]]]}},
{"type":"Feature","properties":{"full_id":"w43167729","osm_id":"43167729","osm_type":"way","building":"yes","dispensing":null,"man_made":null,"start_date":null,"energy_class":null,"building:levels:underground":null,"building:flats":null,"outdoor_seating":null,"name:ru":null,"name:en":null,"healthcare":null,"contact:website":null,"contact:phone":null,"contact:email":null,"brand:wikidata":null,"brand":null,"operator":null,"smoking":null,"layer":null,"cuisine":null,"addr:street":null,"office":null,"government":null,"leisure":null,"roof:levels":null,"height":null,"substation":null,"shop":null,"power":null,"pipeline":null,"opening_hours":null,"amenity":null,"addr:postcode":null,"addr:country":null,"addr:city":null,"official_name":null,"name":null,"type":null,"building:levels":null,"addr:place":null,"addr:housenumber":null},"geometry":{"type":"MultiPolygon","coordinates":[[[[37.8737339,51.3116812],[37.8738571,51.3116967],[37.8738368,51.3117597],[37.8737136,51.3117442],[37.8737339,51.3116812]]]]}},
{"type":"Feature","properties":{"full_id":"w43167730","osm_id":"43167730","osm_type":"way","building":"house","dispensing":null,"man_made":null,"start_date":null,"energy_class":null,"building:levels:underground":null,"building:flats":null,"outdoor_seating":null,"name:ru":null,"name:en":null,"healthcare":null,"contact:website":null,"contact:phone":null,"contact:email":null,"brand:wikidata":null,"brand":null,"operator":null,"smoking":null,"layer":null,"cuisine":null,"addr:street":"1-й Заводской переулок","office":null,"government":null,"leisure":null,"roof:levels":null,"height":null,"substation":null,"shop":null,"power":null,"pipeline":null,"opening_hours":null,"amenity":null,"addr:postcode":"309508","addr:country":null,"addr:city":"Старый Оскол","official_name":null,"name":null,"type":null,"building:levels":null,"addr:place":null,"addr:housenumber":"18"},"geometry":{"type":"MultiPolygon","coordinates":[[[[37.8741356,51.3120363],[37.8742555,51.3120465],[37.8742359,51.3121365],[37.874116,51.3121263],[37.8741356,51.3120363]]]]}},
{"type":"Feature","properties":{"full_id":"w43167731","osm_id":"43167731","osm_type":"way","building":"house","dispensing":null,"man_made":null,"start_date":null,"energy_class":null,"building:levels:underground":null,"building:flats":null,"outdoor_seating":null,"name:ru":null,"name:en":null,"healthcare":null,"contact:website":null,"contact:phone":null,"contact:email":null,"brand:wikidata":null,"brand":null,"operator":null,"smoking":null,"layer":null,"cuisine":null,"addr:street":"1-й Заводской переулок","office":null,"government":null,"leisure":null,"roof:levels":null,"height":null,"substation":null,"shop":null,"power":null,"pipeline":null,"opening_hours":null,"amenity":null,"addr:postcode":"309508","addr:country":null,"addr:city":"Старый Оскол","official_name":null,"name":null,"type":null,"building:levels":null,"addr:place":null,"addr:housenumber":"14"},"geometry":{"type":"MultiPolygon","coordinates":[[[[37.8741926,51.3117191],[37.8743471,51.3117291],[37.8743345,51.3118047],[37.8741801,51.3117947],[37.8741926,51.3117191]]]]}},
{"type":"Feature","properties":{"full_id":"w43167732","osm_id":"43167732","osm_type":"way","building":"yes","dispensing":null,"man_made":null,"start_date":null,"energy_class":null,"building:levels:underground":null,"building:flats":null,"outdoor_seating":null,"name:ru":null,"name:en":null,"healthcare":null,"contact:website":null,"contact:phone":null,"contact:email":null,"brand:wikidata":null,"brand":null,"operator":null,"smoking":null,"layer":null,"cuisine":null,"addr:street":null,"office":null,"government":null,"leisure":null,"roof:levels":null,"height":null,"substation":null,"shop":null,"power":null,"pipeline":null,"opening_hours":null,"amenity":null,"addr:postcode":null,"addr:country":null,"addr:city":null,"official_name":null,"name":null,"type":null,"building:levels":null,"addr:place":null,"addr:housenumber":null},"geometry":{"type":"MultiPolygon","coordinates":[[[[37.8744395,51.3118661],[37.8745204,51.31187],[37.8745161,51.3119048],[37.8744352,51.3119009],[37.8744395,51.3118661]]]]}},
{"type":"Feature","properties":{"full_id":"w43167733","osm_id":"43167733","osm_type":"way","building":"yes","dispensing":null,"man_made":null,"start_date":null,"energy_class":null,"building:levels:underground":null,"building:flats":null,"outdoor_seating":null,"name:ru":null,"name:en":null,"healthcare":null,"contact:website":null,"contact:phone":null,"contact:email":null,"brand:wikidata":null,"brand":null,"operator":null,"smoking":null,"layer":null,"cuisine":null,"addr:street":null,"office":null,"government":null,"leisure":null,"roof:levels":null,"height":null,"substation":null,"shop":null,"power":null,"pipeline":null,"opening_hours":null,"amenity":null,"addr:postcode":null,"addr:country":null,"addr:city":null,"official_name":null,"name":null,"type":null,"building:levels":null,"addr:place":null,"addr:housenumber":null},"geometry":{"type":"MultiPolygon","coordinates":[[[[37.8740188,51.3121426],[37.8740978,51.3121505],[37.8740928,51.3121702],[37.8740138,51.3121623],[37.8740188,51.3121426]]]]}},
{"type":"Feature","properties":{"full_id":"w43167734","osm_id":"43167734","osm_type":"way","building":"yes","dispensing":null,"man_made":null,"start_date":null,"energy_class":null,"building:levels:underground":null,"building:flats":null,"outdoor_seating":null,"name:ru":null,"name:en":null,"healthcare":null,"contact:website":null,"contact:phone":null,"contact:email":null,"brand:wikidata":null,"brand":null,"operator":null,"smoking":null,"layer":null,"cuisine":null,"addr:street":null,"office":null,"government":null,"leisure":null,"roof:levels":null,"height":null,"substation":null,"shop":null,"power":null,"pipeline":null,"opening_hours":null,"amenity":null,"addr:postcode":null,"addr:country":null,"addr:city":null,"official_name":null,"name":null,"type":null,"building:levels":null,"addr:place":null,"addr:housenumber":null},"geometry":{"type":"MultiPolygon","coordinates":[[[[37.8742343,51.3122641],[37.8743395,51.3122731],[37.8743329,51.3123029],[37.8742277,51.3122939],[37.8742343,51.3122641]]]]}},
{"type":"Feature","properties":{"full_id":"w43167735","osm_id":"43167735","osm_type":"way","building":"yes","dispensing":null,"man_made":null,"start_date":null,"energy_class":null,"building:levels:underground":null,"building:flats":null,"outdoor_seating":null,"name:ru":null,"name:en":null,"healthcare":null,"contact:website":null,"contact:phone":null,"contact:email":null,"brand:wikidata":null,"brand":null,"operator":null,"smoking":null,"layer":null,"cuisine":null,"addr:street":null,"office":null,"government":null,"leisure":null,"roof:levels":null,"height":null,"substation":null,"shop":null,"power":null,"pipeline":null,"opening_hours":null,"amenity":null,"addr:postcode":null,"addr:country":null,"addr:city":null,"official_name":null,"name":null,"type":null,"building:levels":null,"addr:place":null,"addr:housenumber":null},"geometry":{"type":"MultiPolygon","coordinates":[[[[37.8742493,51.3121224],[37.8743484,51.3121306],[37.8743421,51.3121604],[37.874243,51.3121522],[37.8742493,51.3121224]]]]}},
{"type":"Feature","properties":{"full_id":"w43167737","osm_id":"43167737","osm_type":"way","building":"house","dispensing":null,"man_made":null,"start_date":null,"energy_class":null,"building:levels:underground":null,"building:flats":null,"outdoor_seating":null,"name:ru":null,"name:en":null,"healthcare":null,"contact:website":null,"contact:phone":null,"contact:email":null,"brand:wikidata":null,"brand":null,"operator":null,"smoking":null,"layer":null,"cuisine":null,"addr:street":"1-й Заводской переулок","office":null,"government":null,"leisure":null,"roof:levels":null,"height":null,"substation":null,"shop":null,"power":null,"pipeline":null,"opening_hours":null,"amenity":null,"addr:postcode":"309508","addr:country":null,"addr:city":"Старый Оскол","official_name":null,"name":null,"type":null,"building:levels":null,"addr:place":null,"addr:housenumber":"20"},"geometry":{"type":"MultiPolygon","coordinates":[[[[37.8742093,51.3122782],[37.8742309,51.3121817],[37.8741175,51.3121717],[37.8740959,51.3122682],[37.8742093,51.3122782]]]]}},
{"type":"Feature","properties":{"full_id":"w43167741","osm_id":"43167741","osm_type":"way","building":"house","dispensing":null,"man_made":null,"start_date":null,"energy_class":null,"building:levels:underground":null,"building:flats":null,"outdoor_seating":null,"name:ru":null,"name:en":null,"healthcare":null,"contact:website":null,"contact:phone":null,"contact:email":null,"brand:wikidata":null,"brand":null,"operator":null,"smoking":null,"layer":null,"cuisine":null,"addr:street":"улица Чапаева","office":null,"government":null,"leisure":null,"roof:levels":null,"height":null,"substation":null,"shop":null,"power":null,"pipeline":null,"opening_hours":null,"amenity":null,"addr:postcode":"309508","addr:country":null,"addr:city":"Старый Оскол","official_name":null,"name":null,"type":null,"building:levels":null,"addr:place":null,"addr:housenumber":"9"},"geometry":{"type":"MultiPolygon","coordinates":[[[[37.8749219,51.3120969],[37.8747548,51.3120771],[37.8747295,51.3121609],[37.8748966,51.3121807],[37.8749219,51.3120969]]]]}},
{"type":"Feature","properties":{"full_id":"w43167742","osm_id":"43167742","osm_type":"way","building":"house","dispensing":null,"man_made":null,"start_date":null,"energy_class":null,"building:levels:underground":null,"building:flats":null,"outdoor_seating":null,"name:ru":null,"name:en":null,"healthcare":null,"contact:website":null,"contact:phone":null,"contact:email":null,"brand:wikidata":null,"brand":null,"operator":null,"smoking":null,"layer":null,"cuisine":null,"addr:street":"1-й Заводской переулок","office":null,"government":null,"leisure":null,"roof:levels":null,"height":null,"substation":null,"shop":null,"power":null,"pipeline":null,"opening_hours":null,"amenity":null,"addr:postcode":"309508","addr:country":null,"addr:city":"Старый Оскол","official_name":null,"name":null,"type":null,"building:levels":null,"addr:place":null,"addr:housenumber":"26"},"geometry":{"type":"MultiPolygon","coordinates":[[[[37.8738415,51.31244],[37.873867,51.3123413],[37.8737142,51.3123258],[37.8736886,51.3124245],[37.8738415,51.31244]]]]}},
{"type":"Feature","properties":{"full_id":"w43167743","osm_id":"43167743","osm_type":"way","building":"house","dispensing":null,"man_made":null,"start_date":null,"energy_class":null,"building:levels:underground":null,"building:flats":null,"outdoor_seating":null,"name:ru":null,"name:en":null,"healthcare":null,"contact:website":null,"contact:phone":null,"contact:email":null,"brand:wikidata":null,"brand":null,"operator":null,"smoking":null,"layer":null,"cuisine":null,"addr:street":"1-й Заводской переулок","office":null,"government":null,"leisure":null,"roof:levels":null,"height":null,"substation":null,"shop":null,"power":null,"pipeline":null,"opening_hours":null,"amenity":null,"addr:postcode":"309508","addr:country":null,"addr:city":"Старый Оскол","official_name":null,"name":null,"type":null,"building:levels":null,"addr:place":null,"addr:housenumber":"22"},"geometry":{"type":"MultiPolygon","coordinates":[[[[37.8740938,51.3123216],[37.8742229,51.3123349],[37.8741967,51.3124342],[37.8740676,51.3124209],[37.8740938,51.3123216]]]]}},
{"type":"Feature","properties":{"full_id":"w43167746","osm_id":"43167746","osm_type":"way","building":"house","dispensing":null,"man_made":null,"start_date":null,"energy_class":null,"building:levels:underground":null,"building:flats":null,"outdoor_seating":null,"name:ru":null,"name:en":null,"healthcare":null,"contact:website":null,"contact:phone":null,"contact:email":null,"brand:wikidata":null,"brand":null,"operator":null,"smoking":null,"layer":null,"cuisine":null,"addr:street":"улица Чапаева","office":null,"government":null,"leisure":null,"roof:levels":null,"height":null,"substation":null,"shop":null,"power":null,"pipeline":null,"opening_hours":null,"amenity":null,"addr:postcode":"309508","addr:country":null,"addr:city":"Старый Оскол","official_name":null,"name":null,"type":null,"building:levels":null,"addr:place":null,"addr:housenumber":"7"},"geometry":{"type":"MultiPolygon","coordinates":[[[[37.8749481,51.3119664],[37.8748244,51.3119518],[37.8748025,51.3120245],[37.8749262,51.3120391],[37.8749481,51.3119664]]]]}},
{"type":"Feature","properties":{"full_id":"w43167748","osm_id":"43167748","osm_type":"way","building":"yes","dispensing":null,"man_made":null,"start_date":null,"energy_class":null,"building:levels:underground":null,"building:flats":null,"outdoor_seating":null,"name:ru":null,"name:en":null,"healthcare":null,"contact:website":null,"contact:phone":null,"contact:email":null,"brand:wikidata":null,"brand":null,"operator":null,"smoking":null,"layer":null,"cuisine":null,"addr:street":"1-й Заводской переулок","office":null,"government":null,"leisure":null,"roof:levels":null,"height":null,"substation":null,"shop":null,"power":null,"pipeline":null,"opening_hours":null,"amenity":null,"addr:postcode":null,"addr:country":null,"addr:city":null,"official_name":null,"name":null,"type":null,"building:levels":null,"addr:place":null,"addr:housenumber":null},"geometry":{"type":"MultiPolygon","coordinates":[[[[37.8736635,51.311974],[37.8737885,51.3119788],[37.8737831,51.3120338],[37.8736581,51.3120289],[37.8736635,51.311974]]]]}},
{"type":"Feature","properties":{"full_id":"w43167772","osm_id":"43167772","osm_type":"way","building":"house","dispensing":null,"man_made":null,"start_date":null,"energy_class":null,"building:levels:underground":null,"building:flats":null,"outdoor_seating":null,"name:ru":null,"name:en":null,"healthcare":null,"contact:website":null,"contact:phone":null,"contact:email":null,"brand:wikidata":null,"brand":null,"operator":null,"smoking":null,"layer":null,"cuisine":null,"addr:street":"1-й Заводской переулок","office":null,"government":null,"leisure":null,"roof:levels":null,"height":null,"substation":null,"shop":null,"power":null,"pipeline":null,"opening_hours":null,"amenity":null,"addr:postcode":"309508","addr:country":null,"addr:city":"Старый Оскол","official_name":null,"name":null,"type":null,"building:levels":null,"addr:place":null,"addr:housenumber":"7"},"geometry":{"type":"MultiPolygon","coordinates":[[[[37.8734749,51.3118056],[37.8736347,51.3118169],[37.8736167,51.311917],[37.8734569,51.3119058],[37.8734749,51.3118056]]]]}},
{"type":"Feature","properties":{"full_id":"w43167775","osm_id":"43167775","osm_type":"way","building":"yes","dispensing":null,"man_made":null,"start_date":null,"energy_class":null,"building:levels:underground":null,"building:flats":null,"outdoor_seating":null,"name:ru":null,"name:en":null,"healthcare":null,"contact:website":null,"contact:phone":null,"contact:email":null,"brand:wikidata":null,"brand":null,"operator":null,"smoking":null,"layer":null,"cuisine":null,"addr:street":null,"office":null,"government":null,"leisure":null,"roof:levels":null,"height":null,"substation":null,"shop":null,"power":null,"pipeline":null,"opening_hours":null,"amenity":null,"addr:postcode":null,"addr:country":null,"addr:city":null,"official_name":null,"name":null,"type":null,"building:levels":null,"addr:place":null,"addr:housenumber":null},"geometry":{"type":"MultiPolygon","coordinates":[[[[37.8747971,51.3117514],[37.8749259,51.3117622],[37.8749132,51.3118217],[37.8748317,51.3118151],[37.8747843,51.3118109],[37.8747971,51.3117514]]]]}},
{"type":"Feature","properties":{"full_id":"w43167776","osm_id":"43167776","osm_type":"way","building":"yes","dispensing":null,"man_made":null,"start_date":null,"energy_class":null,"building:levels:underground":null,"building:flats":null,"outdoor_seating":null,"name:ru":null,"name:en":null,"healthcare":null,"contact:website":null,"contact:phone":null,"contact:email":null,"brand:wikidata":null,"brand":null,"operator":null,"smoking":null,"layer":null,"cuisine":null,"addr:street":null,"office":null,"government":null,"leisure":null,"roof:levels":null,"height":null,"substation":null,"shop":null,"power":null,"pipeline":null,"opening_hours":null,"amenity":null,"addr:postcode":null,"addr:country":null,"addr:city":null,"official_name":null,"name":null,"type":null,"building:levels":null,"addr:place":null,"addr:housenumber":null},"geometry":{"type":"MultiPolygon","coordinates":[[[[37.8744068,51.3127318],[37.8745073,51.3127389],[37.8744928,51.3128186],[37.8744203,51.3128136],[37.8743923,51.3128115],[37.8744068,51.3127318]]]]}},
{"type":"Feature","properties":{"full_id":"w43686119","osm_id":"43686119","osm_type":"way","building":"yes","dispensing":null,"man_made":null,"start_date":null,"energy_class":null,"building:levels:underground":null,"building:flats":null,"outdoor_seating":null,"name:ru":null,"name:en":null,"healthcare":null,"contact:website":null,"contact:phone":null,"contact:email":null,"brand:wikidata":null,"brand":null,"operator":null,"smoking":null,"layer":null,"cuisine":null,"addr:street":null,"office":null,"government":null,"leisure":null,"roof:levels":null,"height":null,"substation":null,"shop":null,"power":null,"pipeline":null,"opening_hours":null,"amenity":null,"addr:postcode":null,"addr:country":null,"addr:city":null,"official_name":null,"name":null,"type":null,"building:levels":null,"addr:place":null,"addr:housenumber":null},"geometry":{"type":"MultiPolygon","coordinates":[[[[37.8744375,51.3148812],[37.8746222,51.3149017],[37.874608,51.3149518],[37.8744233,51.3149313],[37.8744375,51.3148812]]]]}},
{"type":"Feature","properties":{"full_id":"w43686125","osm_id":"43686125","osm_type":"way","building":"house","dispensing":null,"man_made":null,"start_date":null,"energy_class":null,"building:levels:underground":null,"building:flats":null,"outdoor_seating":null,"name:ru":null,"name:en":null,"healthcare":null,"contact:website":null,"contact:phone":null,"contact:email":null,"brand:wikidata":null,"brand":null,"operator":null,"smoking":null,"layer":null,"cuisine":null,"addr:street":"Стадионная улица","office":null,"government":null,"leisure":null,"roof:levels":null,"height":null,"substation":null,"shop":null,"power":null,"pipeline":null,"opening_hours":null,"amenity":null,"addr:postcode":"309508","addr:country":null,"addr:city":"Старый Оскол","official_name":null,"name":null,"type":null,"building:levels":null,"addr:place":null,"addr:housenumber":"72"},"geometry":{"type":"MultiPolygon","coordinates":[[[[37.87458,51.3147701],[37.8745704,51.3148433],[37.8745012,51.3148398],[37.8744994,51.3148535],[37.8744246,51.3148497],[37.874436,51.3147627],[37.87458,51.3147701]]]]}},
{"type":"Feature","properties":{"full_id":"w43686128","osm_id":"43686128","osm_type":"way","building":"yes","dispensing":null,"man_made":null,"start_date":null,"energy_class":null,"building:levels:underground":null,"building:flats":null,"outdoor_seating":null,"name:ru":null,"name:en":null,"healthcare":null,"contact:website":null,"contact:phone":null,"contact:email":null,"brand:wikidata":null,"brand":null,"operator":null,"smoking":null,"layer":null,"cuisine":null,"addr:street":null,"office":null,"government":null,"leisure":null,"roof:levels":null,"height":null,"substation":null,"shop":null,"power":null,"pipeline":null,"opening_hours":null,"amenity":null,"addr:postcode":null,"addr:country":null,"addr:city":null,"official_name":null,"name":null,"type":null,"building:levels":null,"addr:place":null,"addr:housenumber":null},"geometry":{"type":"MultiPolygon","coordinates":[[[[37.8740931,51.3148384],[37.8741621,51.314845],[37.8741475,51.3149046],[37.8740785,51.314898],[37.8740931,51.3148384]]]]}},
{"type":"Feature","properties":{"full_id":"w43686131","osm_id":"43686131","osm_type":"way","building":"yes","dispensing":null,"man_made":null,"start_date":null,"energy_class":null,"building:levels:underground":null,"building:flats":null,"outdoor_seating":null,"name:ru":null,"name:en":null,"healthcare":null,"contact:website":null,"contact:phone":null,"contact:email":null,"brand:wikidata":null,"brand":null,"operator":null,"smoking":null,"layer":null,"cuisine":null,"addr:street":null,"office":null,"government":null,"leisure":null,"roof:levels":null,"height":null,"substation":null,"shop":null,"power":null,"pipeline":null,"opening_hours":null,"amenity":null,"addr:postcode":null,"addr:country":null,"addr:city":null,"official_name":null,"name":null,"type":null,"building:levels":null,"addr:place":null,"addr:housenumber":null},"geometry":{"type":"MultiPolygon","coordinates":[[[[37.8742305,51.3147492],[37.87424,51.3147141],[37.8741901,51.3147088],[37.8741806,51.3147439],[37.8742305,51.3147492]]]]}},
{"type":"Feature","properties":{"full_id":"w43686142","osm_id":"43686142","osm_type":"way","building":"house","dispensing":null,"man_made":null,"start_date":null,"energy_class":null,"building:levels:underground":null,"building:flats":null,"outdoor_seating":null,"name:ru":null,"name:en":null,"healthcare":null,"contact:website":null,"contact:phone":null,"contact:email":null,"brand:wikidata":null,"brand":null,"operator":null,"smoking":null,"layer":null,"cuisine":null,"addr:street":"Стадионная улица","office":null,"government":null,"leisure":null,"roof:levels":null,"height":null,"substation":null,"shop":null,"power":null,"pipeline":null,"opening_hours":null,"amenity":null,"addr:postcode":"309508","addr:country":null,"addr:city":"Старый Оскол","official_name":null,"name":null,"type":null,"building:levels":null,"addr:place":null,"addr:housenumber":"64"},"geometry":{"type":"MultiPolygon","coordinates":[[[[37.8735494,51.3146807],[37.8736991,51.3146921],[37.8736816,51.314782],[37.8735317,51.3147709],[37.8735494,51.3146807]]]]}},
{"type":"Feature","properties":{"full_id":"w43686143","osm_id":"43686143","osm_type":"way","building":"house","dispensing":null,"man_made":null,"start_date":null,"energy_class":null,"building:levels:underground":null,"building:flats":null,"outdoor_seating":null,"name:ru":null,"name:en":null,"healthcare":null,"contact:website":null,"contact:phone":null,"contact:email":null,"brand:wikidata":null,"brand":null,"operator":null,"smoking":null,"layer":null,"cuisine":null,"addr:street":"Стадионная улица","office":null,"government":null,"leisure":null,"roof:levels":null,"height":null,"substation":null,"shop":null,"power":null,"pipeline":null,"opening_hours":null,"amenity":null,"addr:postcode":"309508","addr:country":null,"addr:city":"Старый Оскол","official_name":null,"name":null,"type":null,"building:levels":null,"addr:place":null,"addr:housenumber":"68"},"geometry":{"type":"MultiPolygon","coordinates":[[[[37.8740266,51.3147205],[37.8741613,51.3147322],[37.874139,51.3148325],[37.8740043,51.3148208],[37.8740266,51.3147205]]]]}},
{"type":"Feature","properties":{"full_id":"w43686145","osm_id":"43686145","osm_type":"way","building":"house","dispensing":null,"man_made":null,"start_date":null,"energy_class":null,"building:levels:underground":null,"building:flats":null,"outdoor_seating":null,"name:ru":null,"name:en":null,"healthcare":null,"contact:website":null,"contact:phone":null,"contact:email":null,"brand:wikidata":null,"brand":null,"operator":null,"smoking":null,"layer":null,"cuisine":null,"addr:street":"Стадионная улица","office":null,"government":null,"leisure":null,"roof:levels":null,"height":null,"substation":null,"shop":null,"power":null,"pipeline":null,"opening_hours":null,"amenity":null,"addr:postcode":"309508","addr:country":null,"addr:city":"Старый Оскол","official_name":null,"name":null,"type":null,"building:levels":null,"addr:place":null,"addr:housenumber":"66"},"geometry":{"type":"MultiPolygon","coordinates":[[[[37.8738131,51.3147803],[37.8739416,51.3147931],[37.8739277,51.3148477],[37.8737991,51.3148349],[37.8738131,51.3147803]]]]}},
{"type":"Feature","properties":{"full_id":"w43686146","osm_id":"43686146","osm_type":"way","building":"yes","dispensing":null,"man_made":null,"start_date":null,"energy_class":null,"building:levels:underground":null,"building:flats":null,"outdoor_seating":null,"name:ru":null,"name:en":null,"healthcare":null,"contact:website":null,"contact:phone":null,"contact:email":null,"brand:wikidata":null,"brand":null,"operator":null,"smoking":null,"layer":null,"cuisine":null,"addr:street":null,"office":null,"government":null,"leisure":null,"roof:levels":null,"height":null,"substation":null,"shop":null,"power":null,"pipeline":null,"opening_hours":null,"amenity":null,"addr:postcode":null,"addr:country":null,"addr:city":null,"official_name":null,"name":null,"type":null,"building:levels":null,"addr:place":null,"addr:housenumber":null},"geometry":{"type":"MultiPolygon","coordinates":[[[[37.8740092,51.3147633],[37.8740208,51.3147138],[37.8739764,51.3147097],[37.8739648,51.3147592],[37.8740092,51.3147633]]]]}},
{"type":"Feature","properties":{"full_id":"w43686150","osm_id":"43686150","osm_type":"way","building":"house","dispensing":null,"man_made":null,"start_date":null,"energy_class":null,"building:levels:underground":null,"building:flats":null,"outdoor_seating":null,"name:ru":null,"name:en":null,"healthcare":null,"contact:website":null,"contact:phone":null,"contact:email":null,"brand:wikidata":null,"brand":null,"operator":null,"smoking":null,"layer":null,"cuisine":null,"addr:street":"Стадионная улица","office":null,"government":null,"leisure":null,"roof:levels":null,"height":null,"substation":null,"shop":null,"power":null,"pipeline":null,"opening_hours":null,"amenity":null,"addr:postcode":"309508","addr:country":null,"addr:city":"Старый Оскол","official_name":null,"name":null,"type":null,"building:levels":null,"addr:place":null,"addr:housenumber":"70"},"geometry":{"type":"MultiPolygon","coordinates":[[[[37.874262,51.3147363],[37.8743653,51.3147474],[37.8743436,51.3148267],[37.8742403,51.3148156],[37.874262,51.3147363]]]]}},
{"type":"Feature","properties":{"full_id":"w43686283","osm_id":"43686283","osm_type":"way","building":"yes","dispensing":null,"man_made":null,"start_date":null,"energy_class":null,"building:levels:underground":null,"building:flats":null,"outdoor_seating":null,"name:ru":null,"name:en":null,"healthcare":null,"contact:website":null,"contact:phone":null,"contact:email":null,"brand:wikidata":null,"brand":null,"operator":null,"smoking":null,"layer":null,"cuisine":null,"addr:street":null,"office":null,"government":null,"leisure":null,"roof:levels":null,"height":null,"substation":null,"shop":null,"power":null,"pipeline":null,"opening_hours":null,"amenity":null,"addr:postcode":null,"addr:country":null,"addr:city":null,"official_name":null,"name":null,"type":null,"building:levels":null,"addr:place":null,"addr:housenumber":null},"geometry":{"type":"MultiPolygon","coordinates":[[[[37.8749189,51.3151925],[37.8749015,51.3151332],[37.874823,51.3151422],[37.8748404,51.3152015],[37.8749189,51.3151925]]]]}},
{"type":"Feature","properties":{"full_id":"w43686297","osm_id":"43686297","osm_type":"way","building":"yes","dispensing":null,"man_made":null,"start_date":null,"energy_class":null,"building:levels:underground":null,"building:flats":null,"outdoor_seating":null,"name:ru":null,"name:en":null,"healthcare":null,"contact:website":null,"contact:phone":null,"contact:email":null,"brand:wikidata":null,"brand":null,"operator":null,"smoking":null,"layer":null,"cuisine":null,"addr:street":null,"office":null,"government":null,"leisure":null,"roof:levels":null,"height":null,"substation":null,"shop":null,"power":null,"pipeline":null,"opening_hours":null,"amenity":null,"addr:postcode":null,"addr:country":null,"addr:city":null,"official_name":null,"name":null,"type":null,"building:levels":null,"addr:place":null,"addr:housenumber":null},"geometry":{"type":"MultiPolygon","coordinates":[[[[37.8740225,51.3149116],[37.8740382,51.314861],[37.8739581,51.3148514],[37.8739424,51.314902],[37.8740225,51.3149116]]]]}},
{"type":"Feature","properties":{"full_id":"w43686298","osm_id":"43686298","osm_type":"way","building":"yes","dispensing":null,"man_made":null,"start_date":null,"energy_class":null,"building:levels:underground":null,"building:flats":null,"outdoor_seating":null,"name:ru":null,"name:en":null,"healthcare":null,"contact:website":null,"contact:phone":null,"contact:email":null,"brand:wikidata":null,"brand":null,"operator":null,"smoking":null,"layer":null,"cuisine":null,"addr:street":null,"office":null,"government":null,"leisure":null,"roof:levels":null,"height":null,"substation":null,"shop":null,"power":null,"pipeline":null,"opening_hours":null,"amenity":null,"addr:postcode":null,"addr:country":null,"addr:city":null,"official_name":null,"name":null,"type":null,"building:levels":null,"addr:place":null,"addr:housenumber":null},"geometry":{"type":"MultiPolygon","coordinates":[[[[37.8737423,51.3148277],[37.8737508,51.3147877],[37.8736816,51.314782],[37.8736731,51.314822],[37.8737423,51.3148277]]]]}},
{"type":"Feature","properties":{"full_id":"w43838190","osm_id":"43838190","osm_type":"way","building":"apartments","dispensing":null,"man_made":null,"start_date":null,"energy_class":null,"building:levels:underground":null,"building:flats":null,"outdoor_seating":null,"name:ru":null,"name:en":null,"healthcare":null,"contact:website":null,"contact:phone":null,"contact:email":null,"brand:wikidata":null,"brand":null,"operator":null,"smoking":null,"layer":null,"cuisine":null,"addr:street":null,"office":null,"government":null,"leisure":null,"roof:levels":null,"height":null,"substation":null,"shop":null,"power":null,"pipeline":null,"opening_hours":null,"amenity":null,"addr:postcode":null,"addr:country":null,"addr:city":null,"official_name":null,"name":null,"type":null,"building:levels":"9","addr:place":"микрорайон Жукова","addr:housenumber":"29"},"geometry":{"type":"MultiPolygon","coordinates":[[[[37.8911799,51.3146983],[37.8912174,51.3147152],[37.8913184,51.3147607],[37.8913441,51.3147385],[37.8914872,51.3146144],[37.8915766,51.3145368],[37.8917221,51.3146024],[37.8914745,51.3148171],[37.891367,51.3149103],[37.8911627,51.3148182],[37.8912122,51.3147753],[37.8911709,51.3147567],[37.8911325,51.3147394],[37.8911799,51.3146983]]]]}},
{"type":"Feature","properties":{"full_id":"w43838356","osm_id":"43838356","osm_type":"way","building":"apartments","dispensing":null,"man_made":null,"start_date":null,"energy_class":null,"building:levels:underground":null,"building:flats":null,"outdoor_seating":null,"name:ru":null,"name:en":null,"healthcare":null,"contact:website":null,"contact:phone":null,"contact:email":null,"brand:wikidata":null,"brand":null,"operator":null,"smoking":null,"layer":null,"cuisine":null,"addr:street":null,"office":null,"government":null,"leisure":null,"roof:levels":null,"height":null,"substation":null,"shop":null,"power":null,"pipeline":null,"opening_hours":null,"amenity":null,"addr:postcode":"309511","addr:country":null,"addr:city":"Старый Оскол","official_name":null,"name":null,"type":null,"building:levels":"9","addr:place":"Олимпийский микрорайон","addr:housenumber":"20"},"geometry":{"type":"MultiPolygon","coordinates":[[[[37.9005756,51.306775],[37.8992623,51.3079493],[37.898782,51.3077394],[37.8988857,51.3076467],[37.8990272,51.3077085],[37.8992178,51.3077918],[37.8992377,51.307774],[37.8993824,51.3076446],[37.8995692,51.3074776],[37.8997619,51.3073053],[37.8999622,51.3071262],[37.900154,51.3069546],[37.9003448,51.3067841],[37.9004274,51.3067102],[37.9005038,51.3067436],[37.9005756,51.306775]]]]}},
{"type":"Feature","properties":{"full_id":"w48623400","osm_id":"48623400","osm_type":"way","building":"yes","dispensing":null,"man_made":null,"start_date":null,"energy_class":null,"building:levels:underground":null,"building:flats":null,"outdoor_seating":null,"name:ru":null,"name:en":null,"healthcare":null,"contact:website":null,"contact:phone":null,"contact:email":null,"brand:wikidata":null,"brand":null,"operator":null,"smoking":null,"layer":null,"cuisine":"regional","addr:street":null,"office":null,"government":null,"leisure":null,"roof:levels":null,"height":null,"substation":null,"shop":null,"power":null,"pipeline":null,"opening_hours":null,"amenity":null,"addr:postcode":"309511","addr:country":null,"addr:city":"Старый Оскол","official_name":null,"name":null,"type":null,"building:levels":null,"addr:place":"Олимпийский микрорайон","addr:housenumber":"14А"},"geometry":{"type":"MultiPolygon","coordinates":[[[[37.8970551,51.3098496],[37.8972151,51.3099147],[37.8971937,51.309941],[37.8971945,51.309949],[37.8972073,51.3099709],[37.8972406,51.3099904],[37.8973042,51.3099957],[37.8973474,51.3099773],[37.8973622,51.3099447],[37.8973543,51.3099363],[37.8973499,51.3098377],[37.8971445,51.3097518],[37.8970551,51.3098496]]]]}},
{"type":"Feature","properties":{"full_id":"w49436882","osm_id":"49436882","osm_type":"way","building":"yes","dispensing":null,"man_made":null,"start_date":null,"energy_class":null,"building:levels:underground":null,"building:flats":null,"outdoor_seating":null,"name:ru":null,"name:en":null,"healthcare":null,"contact:website":null,"contact:phone":null,"contact:email":null,"brand:wikidata":null,"brand":null,"operator":null,"smoking":null,"layer":null,"cuisine":null,"addr:street":null,"office":null,"government":null,"leisure":null,"roof:levels":null,"height":null,"substation":null,"shop":null,"power":null,"pipeline":null,"opening_hours":null,"amenity":null,"addr:postcode":null,"addr:country":"RU","addr:city":null,"official_name":null,"name":null,"type":null,"building:levels":"4","addr:place":"микрорайон Макаренко","addr:housenumber":"3А к4"},"geometry":{"type":"MultiPolygon","coordinates":[[[[37.8773587,51.3141942],[37.8774478,51.3142323],[37.8774136,51.3142632],[37.8780469,51.3145289],[37.877914,51.3146495],[37.8771362,51.3143323],[37.8772665,51.3142069],[37.8773194,51.3142297],[37.8773587,51.3141942]]]]}},
{"type":"Feature","properties":{"full_id":"w49436883","osm_id":"49436883","osm_type":"way","building":"yes","dispensing":null,"man_made":null,"start_date":null,"energy_class":null,"building:levels:underground":null,"building:flats":null,"outdoor_seating":null,"name:ru":null,"name:en":null,"healthcare":null,"contact:website":null,"contact:phone":null,"contact:email":null,"brand:wikidata":null,"brand":null,"operator":null,"smoking":null,"layer":null,"cuisine":null,"addr:street":null,"office":null,"government":null,"leisure":null,"roof:levels":null,"height":null,"substation":null,"shop":null,"power":null,"pipeline":null,"opening_hours":null,"amenity":null,"addr:postcode":"309502","addr:country":"RU","addr:city":"Старый Оскол","official_name":null,"name":null,"type":null,"building:levels":"2","addr:place":"Солнечный микрорайон","addr:housenumber":null},"geometry":{"type":"MultiPolygon","coordinates":[[[[37.896986,51.3148654],[37.8969363,51.3149106],[37.8970013,51.3149386],[37.8970503,51.314894],[37.8971187,51.3149234],[37.8972086,51.3148416],[37.8970291,51.3147645],[37.8971278,51.3146747],[37.897231,51.3147187],[37.8973541,51.3147722],[37.8974936,51.3148318],[37.8973964,51.3149202],[37.8975726,51.3149959],[37.8974724,51.3150871],[37.8973236,51.3150232],[37.8973733,51.314978],[37.8973102,51.3149509],[37.8972611,51.3149956],[37.8971909,51.3149654],[37.8971008,51.3150475],[37.8972758,51.3151226],[37.8971731,51.3152161],[37.8970214,51.315151],[37.8970723,51.3151047],[37.8970104,51.3150781],[37.8969607,51.3151234],[37.8968109,51.315059],[37.8969099,51.3149689],[37.8967344,51.3148935],[37.896836,51.314801],[37.896986,51.3148654]]]]}},
{"type":"Feature","properties":{"full_id":"w49436884","osm_id":"49436884","osm_type":"way","building":"yes","dispensing":null,"man_made":null,"start_date":null,"energy_class":null,"building:levels:underground":null,"building:flats":null,"outdoor_seating":null,"name:ru":null,"name:en":null,"healthcare":null,"contact:website":null,"contact:phone":null,"contact:email":null,"brand:wikidata":null,"brand":null,"operator":null,"smoking":null,"layer":null,"cuisine":null,"addr:street":null,"office":null,"government":null,"leisure":null,"roof:levels":null,"height":null,"substation":null,"shop":null,"power":null,"pipeline":null,"opening_hours":null,"amenity":null,"addr:postcode":"309502","addr:country":"RU","addr:city":"Старый Оскол","official_name":null,"name":null,"type":null,"building:levels":"2","addr:place":"Солнечный микрорайон","addr:housenumber":"68"},"geometry":{"type":"MultiPolygon","coordinates":[[[[37.8977087,51.3143005],[37.8977992,51.3142183],[37.897616,51.3141395],[37.8977216,51.3140435],[37.8978763,51.31411],[37.8978251,51.3141565],[37.8978902,51.3141845],[37.8979392,51.3141399],[37.8980841,51.3142022],[37.897984,51.3142932],[37.8981609,51.3143692],[37.898058,51.3144627],[37.8979126,51.3144002],[37.8979629,51.3143545],[37.8978997,51.3143273],[37.897849,51.3143734],[37.8977762,51.3143421],[37.8976849,51.3144251],[37.8978595,51.3145002],[37.8977601,51.3145906],[37.8976186,51.3145301],[37.8974991,51.314478],[37.8973992,51.3144354],[37.8974984,51.3143452],[37.8973229,51.3142698],[37.8974219,51.3141797],[37.8975683,51.3142427],[37.8975178,51.3142886],[37.8975861,51.314318],[37.8976385,51.3142704],[37.8977087,51.3143005]]]]}},
{"type":"Feature","properties":{"full_id":"w49436885","osm_id":"49436885","osm_type":"way","building":"yes","dispensing":null,"man_made":null,"start_date":null,"energy_class":null,"building:levels:underground":null,"building:flats":null,"outdoor_seating":null,"name:ru":null,"name:en":null,"healthcare":null,"contact:website":null,"contact:phone":null,"contact:email":null,"brand:wikidata":null,"brand":null,"operator":null,"smoking":null,"layer":null,"cuisine":null,"addr:street":null,"office":null,"government":null,"leisure":null,"roof:levels":null,"height":null,"substation":null,"shop":null,"power":null,"pipeline":null,"opening_hours":null,"amenity":null,"addr:postcode":"309502","addr:country":"RU","addr:city":"Старый Оскол","official_name":null,"name":null,"type":null,"building:levels":"2","addr:place":"Солнечный микрорайон","addr:housenumber":"20"},"geometry":{"type":"MultiPolygon","coordinates":[[[[37.9004925,51.3141219],[37.9005903,51.314033],[37.9004378,51.3139674],[37.9003164,51.3140776],[37.900183,51.3140202],[37.9002323,51.3139754],[37.9001561,51.3139426],[37.9001994,51.3139033],[37.9002769,51.3139366],[37.9003829,51.3138404],[37.9002304,51.3137748],[37.900107,51.3138868],[37.8999583,51.3138228],[37.8998535,51.313918],[37.8999364,51.3139536],[37.8998948,51.3139913],[37.8998182,51.3139584],[37.8997125,51.3140543],[37.8998686,51.3141214],[37.8999891,51.3140121],[37.9001133,51.3140655],[37.9000641,51.3141102],[37.9001365,51.3141413],[37.9000957,51.3141784],[37.9000185,51.3141452],[37.8999089,51.3142447],[37.9000698,51.3143139],[37.9001921,51.3142029],[37.9003354,51.3142645],[37.9004115,51.3141954],[37.9004925,51.3141219]]]]}},
{"type":"Feature","properties":{"full_id":"w49436886","osm_id":"49436886","osm_type":"way","building":"yes","dispensing":null,"man_made":null,"start_date":null,"energy_class":null,"building:levels:underground":null,"building:flats":null,"outdoor_seating":null,"name:ru":null,"name:en":null,"healthcare":null,"contact:website":null,"contact:phone":null,"contact:email":null,"brand:wikidata":null,"brand":null,"operator":null,"smoking":null,"layer":null,"cuisine":null,"addr:street":null,"office":null,"government":null,"leisure":null,"roof:levels":null,"height":null,"substation":null,"shop":null,"power":null,"pipeline":null,"opening_hours":null,"amenity":null,"addr:postcode":"309502","addr:country":"RU","addr:city":"Старый Оскол","official_name":null,"name":null,"type":null,"building:levels":null,"addr:place":"Солнечный микрорайон","addr:housenumber":null},"geometry":{"type":"MultiPolygon","coordinates":[[[[37.9004925,51.3141219],[37.9005837,51.3141613],[37.9007154,51.3140423],[37.9009056,51.3141245],[37.9007754,51.3142421],[37.9008684,51.3142823],[37.9007867,51.3143576],[37.9004115,51.3141954],[37.9004925,51.3141219]]]]}},
{"type":"Feature","properties":{"full_id":"w52828864","osm_id":"52828864","osm_type":"way","building":"yes","dispensing":null,"man_made":null,"start_date":null,"energy_class":null,"building:levels:underground":null,"building:flats":null,"outdoor_seating":null,"name:ru":null,"name:en":null,"healthcare":null,"contact:website":null,"contact:phone":null,"contact:email":null,"brand:wikidata":null,"brand":null,"operator":null,"smoking":null,"layer":null,"cuisine":null,"addr:street":null,"office":null,"government":null,"leisure":null,"roof:levels":null,"height":null,"substation":null,"shop":null,"power":null,"pipeline":null,"opening_hours":null,"amenity":null,"addr:postcode":null,"addr:country":null,"addr:city":null,"official_name":null,"name":null,"type":null,"building:levels":"1","addr:place":"микрорайон Жукова","addr:housenumber":"25"},"geometry":{"type":"MultiPolygon","coordinates":[[[[37.8949048,51.3104803],[37.8949692,51.3104222],[37.8950783,51.310324],[37.8939384,51.3098288],[37.8938292,51.309927],[37.8937648,51.3099857],[37.8935583,51.309891],[37.8936629,51.3097912],[37.8935878,51.3097577],[37.8936093,51.3097385],[37.8937106,51.3096482],[37.8937514,51.3096118],[37.8938439,51.3096554],[37.8938667,51.3096579],[37.8938815,51.3096621],[37.893903,51.3096747],[37.893915,51.3096831],[37.89397,51.3097057],[37.8939392,51.3097435],[37.8940062,51.3097686],[37.8940049,51.3097803],[37.8953632,51.3103665],[37.8951296,51.3105769],[37.8949048,51.3104803]]]]}},
{"type":"Feature","properties":{"full_id":"w61457348","osm_id":"61457348","osm_type":"way","building":"house","dispensing":null,"man_made":null,"start_date":null,"energy_class":null,"building:levels:underground":null,"building:flats":null,"outdoor_seating":null,"name:ru":null,"name:en":null,"healthcare":null,"contact:website":null,"contact:phone":null,"contact:email":null,"brand:wikidata":null,"brand":null,"operator":null,"smoking":null,"layer":null,"cuisine":null,"addr:street":null,"office":null,"government":null,"leisure":null,"roof:levels":null,"height":null,"substation":null,"shop":null,"power":null,"pipeline":null,"opening_hours":null,"amenity":null,"addr:postcode":null,"addr:country":null,"addr:city":null,"official_name":null,"name":null,"type":null,"building:levels":null,"addr:place":null,"addr:housenumber":"187/17"},"geometry":{"type":"MultiPolygon","coordinates":[[[[37.8766414,51.3063859],[37.8766471,51.3063156],[37.8765375,51.306312],[37.8765323,51.3063757],[37.8764623,51.3063734],[37.8764538,51.3064781],[37.876564,51.3064817],[37.8765721,51.3063836],[37.8766414,51.3063859]]]]}},
{"type":"Feature","properties":{"full_id":"w61457405","osm_id":"61457405","osm_type":"way","building":"house","dispensing":null,"man_made":null,"start_date":null,"energy_class":null,"building:levels:underground":null,"building:flats":null,"outdoor_seating":null,"name:ru":null,"name:en":null,"healthcare":null,"contact:website":null,"contact:phone":null,"contact:email":null,"brand:wikidata":null,"brand":null,"operator":null,"smoking":null,"layer":null,"cuisine":null,"addr:street":"Подлесная улица","office":null,"government":null,"leisure":null,"roof:levels":null,"height":null,"substation":null,"shop":null,"power":null,"pipeline":null,"opening_hours":null,"amenity":null,"addr:postcode":"309508","addr:country":"RU","addr:city":"Старый Оскол","official_name":null,"name":null,"type":null,"building:levels":null,"addr:place":null,"addr:housenumber":"5А"},"geometry":{"type":"MultiPolygon","coordinates":[[[[37.8816828,51.3062311],[37.8816828,51.3061411],[37.8815388,51.3061411],[37.8815388,51.3062311],[37.8816828,51.3062311]]]]}},
{"type":"Feature","properties":{"full_id":"w61457415","osm_id":"61457415","osm_type":"way","building":"yes","dispensing":null,"man_made":null,"start_date":null,"energy_class":null,"building:levels:underground":null,"building:flats":null,"outdoor_seating":null,"name:ru":null,"name:en":null,"healthcare":null,"contact:website":null,"contact:phone":null,"contact:email":null,"brand:wikidata":null,"brand":null,"operator":null,"smoking":null,"layer":null,"cuisine":null,"addr:street":null,"office":null,"government":null,"leisure":null,"roof:levels":null,"height":null,"substation":null,"shop":null,"power":null,"pipeline":null,"opening_hours":null,"amenity":null,"addr:postcode":null,"addr:country":null,"addr:city":null,"official_name":null,"name":null,"type":null,"building:levels":null,"addr:place":null,"addr:housenumber":null},"geometry":{"type":"MultiPolygon","coordinates":[[[[37.8764853,51.3062678],[37.8763693,51.3062658],[37.8763671,51.3063158],[37.8764831,51.3063178],[37.8764853,51.3062678]]]]}},
{"type":"Feature","properties":{"full_id":"w61457441","osm_id":"61457441","osm_type":"way","building":"house","dispensing":null,"man_made":null,"start_date":null,"energy_class":null,"building:levels:underground":null,"building:flats":null,"outdoor_seating":null,"name:ru":null,"name:en":null,"healthcare":null,"contact:website":null,"contact:phone":null,"contact:email":null,"brand:wikidata":null,"brand":null,"operator":null,"smoking":null,"layer":null,"cuisine":null,"addr:street":"Подлесная улица","office":null,"government":null,"leisure":null,"roof:levels":null,"height":null,"substation":null,"shop":null,"power":null,"pipeline":null,"opening_hours":null,"amenity":null,"addr:postcode":"309508","addr:country":null,"addr:city":"Старый Оскол","official_name":null,"name":null,"type":null,"building:levels":null,"addr:place":null,"addr:housenumber":"3"},"geometry":{"type":"MultiPolygon","coordinates":[[[[37.8815807,51.3059665],[37.8816646,51.3059675],[37.8816625,51.306038],[37.8815786,51.3060371],[37.8815807,51.3059665]]]]}},
{"type":"Feature","properties":{"full_id":"w61457445","osm_id":"61457445","osm_type":"way","building":"yes","dispensing":null,"man_made":null,"start_date":null,"energy_class":null,"building:levels:underground":null,"building:flats":null,"outdoor_seating":null,"name:ru":null,"name:en":null,"healthcare":null,"contact:website":null,"contact:phone":null,"contact:email":null,"brand:wikidata":null,"brand":null,"operator":null,"smoking":null,"layer":null,"cuisine":null,"addr:street":null,"office":null,"government":null,"leisure":null,"roof:levels":null,"height":null,"substation":null,"shop":null,"power":null,"pipeline":null,"opening_hours":null,"amenity":null,"addr:postcode":null,"addr:country":null,"addr:city":null,"official_name":null,"name":null,"type":null,"building:levels":null,"addr:place":null,"addr:housenumber":null},"geometry":{"type":"MultiPolygon","coordinates":[[[[37.8766087,51.3060618],[37.8764287,51.3060618],[37.8764287,51.3060918],[37.8766087,51.3060918],[37.8766087,51.3060618]]]]}},
{"type":"Feature","properties":{"full_id":"w61457492","osm_id":"61457492","osm_type":"way","building":"house","dispensing":null,"man_made":null,"start_date":null,"energy_class":null,"building:levels:underground":null,"building:flats":null,"outdoor_seating":null,"name:ru":null,"name:en":null,"healthcare":null,"contact:website":null,"contact:phone":null,"contact:email":null,"brand:wikidata":null,"brand":null,"operator":null,"smoking":null,"layer":null,"cuisine":null,"addr:street":"улица Прядченко","office":null,"government":null,"leisure":null,"roof:levels":null,"height":null,"substation":null,"shop":null,"power":null,"pipeline":null,"opening_hours":null,"amenity":null,"addr:postcode":"309501","addr:country":null,"addr:city":"Старый Оскол","official_name":null,"name":null,"type":null,"building:levels":null,"addr:place":null,"addr:housenumber":"205"},"geometry":{"type":"MultiPolygon","coordinates":[[[[37.8797093,51.3065365],[37.8797128,51.3064515],[37.8795427,51.3064487],[37.8795393,51.3065337],[37.8797093,51.3065365]]]]}},
{"type":"Feature","properties":{"full_id":"w61457523","osm_id":"61457523","osm_type":"way","building":"yes","dispensing":null,"man_made":null,"start_date":null,"energy_class":null,"building:levels:underground":null,"building:flats":null,"outdoor_seating":null,"name:ru":null,"name:en":null,"healthcare":null,"contact:website":null,"contact:phone":null,"contact:email":null,"brand:wikidata":null,"brand":null,"operator":null,"smoking":null,"layer":null,"cuisine":null,"addr:street":null,"office":null,"government":null,"leisure":null,"roof:levels":null,"height":null,"substation":null,"shop":null,"power":null,"pipeline":null,"opening_hours":null,"amenity":null,"addr:postcode":null,"addr:country":null,"addr:city":null,"official_name":null,"name":null,"type":null,"building:levels":null,"addr:place":null,"addr:housenumber":null},"geometry":{"type":"MultiPolygon","coordinates":[[[[37.8805432,51.3064118],[37.8806448,51.3064118],[37.8806448,51.3064485],[37.8805432,51.3064485],[37.8805432,51.3064118]]]]}},
{"type":"Feature","properties":{"full_id":"w61457546","osm_id":"61457546","osm_type":"way","building":"house","dispensing":null,"man_made":null,"start_date":null,"energy_class":null,"building:levels:underground":null,"building:flats":null,"outdoor_seating":null,"name:ru":null,"name:en":null,"healthcare":null,"contact:website":null,"contact:phone":null,"contact:email":null,"brand:wikidata":null,"brand":null,"operator":null,"smoking":null,"layer":null,"cuisine":null,"addr:street":"Молодёжная улица","office":null,"government":null,"leisure":null,"roof:levels":null,"height":null,"substation":null,"shop":null,"power":null,"pipeline":null,"opening_hours":null,"amenity":null,"addr:postcode":"309508","addr:country":null,"addr:city":"Старый Оскол","official_name":null,"name":null,"type":null,"building:levels":null,"addr:place":null,"addr:housenumber":"8"},"geometry":{"type":"MultiPolygon","coordinates":[[[[37.880311,51.3059751],[37.880201,51.3059751],[37.880201,51.3060651],[37.880311,51.3060651],[37.880311,51.3059751]]]]}},
{"type":"Feature","properties":{"full_id":"w61457575","osm_id":"61457575","osm_type":"way","building":"house","dispensing":null,"man_made":null,"start_date":null,"energy_class":null,"building:levels:underground":null,"building:flats":null,"outdoor_seating":null,"name:ru":null,"name:en":null,"healthcare":null,"contact:website":null,"contact:phone":null,"contact:email":null,"brand:wikidata":null,"brand":null,"operator":null,"smoking":null,"layer":null,"cuisine":null,"addr:street":"Молодёжная улица","office":null,"government":null,"leisure":null,"roof:levels":null,"height":null,"substation":null,"shop":null,"power":null,"pipeline":null,"opening_hours":null,"amenity":null,"addr:postcode":"309508","addr:country":null,"addr:city":"Старый Оскол","official_name":null,"name":null,"type":null,"building:levels":null,"addr:place":null,"addr:housenumber":"10"},"geometry":{"type":"MultiPolygon","coordinates":[[[[37.880171,51.3062051],[37.880331,51.3062051],[37.880331,51.3062751],[37.880171,51.3062751],[37.880171,51.3062051]]]]}},
{"type":"Feature","properties":{"full_id":"w61457585","osm_id":"61457585","osm_type":"way","building":"house","dispensing":null,"man_made":null,"start_date":null,"energy_class":null,"building:levels:underground":null,"building:flats":null,"outdoor_seating":null,"name:ru":null,"name:en":null,"healthcare":null,"contact:website":null,"contact:phone":null,"contact:email":null,"brand:wikidata":null,"brand":null,"operator":null,"smoking":null,"layer":null,"cuisine":null,"addr:street":"улица Правды","office":null,"government":null,"leisure":null,"roof:levels":null,"height":null,"substation":null,"shop":null,"power":null,"pipeline":null,"opening_hours":null,"amenity":null,"addr:postcode":"309508","addr:country":null,"addr:city":"Старый Оскол","official_name":null,"name":null,"type":null,"building:levels":null,"addr:place":null,"addr:housenumber":"13"},"geometry":{"type":"MultiPolygon","coordinates":[[[[37.8755266,51.3059425],[37.8756014,51.3059436],[37.8755976,51.3060447],[37.8755705,51.3060443],[37.8755701,51.3060556],[37.8753594,51.3060524],[37.8753612,51.306003],[37.8754899,51.306005],[37.8754909,51.3059784],[37.8753987,51.3059771],[37.8754019,51.3058931],[37.8755284,51.3058949],[37.8755266,51.3059425]]]]}},
{"type":"Feature","properties":{"full_id":"w61457604","osm_id":"61457604","osm_type":"way","building":"yes","dispensing":null,"man_made":null,"start_date":null,"energy_class":null,"building:levels:underground":null,"building:flats":null,"outdoor_seating":null,"name:ru":null,"name:en":null,"healthcare":null,"contact:website":null,"contact:phone":null,"contact:email":null,"brand:wikidata":null,"brand":null,"operator":null,"smoking":null,"layer":null,"cuisine":null,"addr:street":null,"office":null,"government":null,"leisure":null,"roof:levels":null,"height":null,"substation":null,"shop":null,"power":null,"pipeline":null,"opening_hours":null,"amenity":null,"addr:postcode":null,"addr:country":null,"addr:city":null,"official_name":null,"name":null,"type":null,"building:levels":null,"addr:place":null,"addr:housenumber":null},"geometry":{"type":"MultiPolygon","coordinates":[[[[37.8789579,51.3065221],[37.8789579,51.3064321],[37.8788479,51.3064321],[37.8788487,51.3064524],[37.8788479,51.3065221],[37.8789579,51.3065221]]]]}},
{"type":"Feature","properties":{"full_id":"w61457612","osm_id":"61457612","osm_type":"way","building":"house","dispensing":null,"man_made":null,"start_date":null,"energy_class":null,"building:levels:underground":null,"building:flats":null,"outdoor_seating":null,"name:ru":null,"name:en":null,"healthcare":null,"contact:website":null,"contact:phone":null,"contact:email":null,"brand:wikidata":null,"brand":null,"operator":null,"smoking":null,"layer":null,"cuisine":null,"addr:street":"улица Строителей","office":null,"government":null,"leisure":null,"roof:levels":null,"height":null,"substation":null,"shop":null,"power":null,"pipeline":null,"opening_hours":null,"amenity":null,"addr:postcode":"309508","addr:country":null,"addr:city":"Старый Оскол","official_name":null,"name":null,"type":null,"building:levels":null,"addr:place":null,"addr:housenumber":"12"},"geometry":{"type":"MultiPolygon","coordinates":[[[[37.8792877,51.306252],[37.8792945,51.306137],[37.8791295,51.3061332],[37.8791226,51.3062482],[37.8792877,51.306252]]]]}},
{"type":"Feature","properties":{"full_id":"w61457628","osm_id":"61457628","osm_type":"way","building":"house","dispensing":null,"man_made":null,"start_date":null,"energy_class":null,"building:levels:underground":null,"building:flats":null,"outdoor_seating":null,"name:ru":null,"name:en":null,"healthcare":null,"contact:website":null,"contact:phone":null,"contact:email":null,"brand:wikidata":null,"brand":null,"operator":null,"smoking":null,"layer":null,"cuisine":null,"addr:street":"улица Дружбы","office":null,"government":null,"leisure":null,"roof:levels":null,"height":null,"substation":null,"shop":null,"power":null,"pipeline":null,"opening_hours":null,"amenity":null,"addr:postcode":"309508","addr:country":null,"addr:city":"Старый Оскол","official_name":null,"name":null,"type":null,"building:levels":null,"addr:place":null,"addr:housenumber":"14"},"geometry":{"type":"MultiPolygon","coordinates":[[[[37.8758987,51.3059618],[37.8760887,51.3059618],[37.8760887,51.3058918],[37.8761787,51.3058918],[37.8761787,51.3059818],[37.8761087,51.3059818],[37.8761087,51.3060418],[37.8758987,51.3060418],[37.8758987,51.3059618]]]]}},
{"type":"Feature","properties":{"full_id":"w61457639","osm_id":"61457639","osm_type":"way","building":"yes","dispensing":null,"man_made":null,"start_date":null,"energy_class":null,"building:levels:underground":null,"building:flats":null,"outdoor_seating":null,"name:ru":null,"name:en":null,"healthcare":null,"contact:website":null,"contact:phone":null,"contact:email":null,"brand:wikidata":null,"brand":null,"operator":null,"smoking":null,"layer":null,"cuisine":null,"addr:street":null,"office":null,"government":null,"leisure":null,"roof:levels":null,"height":null,"substation":null,"shop":null,"power":null,"pipeline":null,"opening_hours":null,"amenity":null,"addr:postcode":null,"addr:country":null,"addr:city":null,"official_name":null,"name":null,"type":null,"building:levels":null,"addr:place":null,"addr:housenumber":null},"geometry":{"type":"MultiPolygon","coordinates":[[[[37.8798421,51.3064059],[37.8798498,51.3062858],[37.8797899,51.3062843],[37.8797822,51.3064044],[37.8798421,51.3064059]]]]}},
{"type":"Feature","properties":{"full_id":"w61457647","osm_id":"61457647","osm_type":"way","building":"yes","dispensing":null,"man_made":null,"start_date":null,"energy_class":null,"building:levels:underground":null,"building:flats":null,"outdoor_seating":null,"name:ru":null,"name:en":null,"healthcare":null,"contact:website":null,"contact:phone":null,"contact:email":null,"brand:wikidata":null,"brand":null,"operator":null,"smoking":null,"layer":null,"cuisine":null,"addr:street":null,"office":null,"government":null,"leisure":null,"roof:levels":null,"height":null,"substation":null,"shop":null,"power":null,"pipeline":null,"opening_hours":null,"amenity":null,"addr:postcode":null,"addr:country":null,"addr:city":null,"official_name":null,"name":null,"type":null,"building:levels":null,"addr:place":null,"addr:housenumber":null},"geometry":{"type":"MultiPolygon","coordinates":[[[[37.8753903,51.306304],[37.8755103,51.306304],[37.8755103,51.306334],[37.8753903,51.306334],[37.8753903,51.306304]]]]}},
{"type":"Feature","properties":{"full_id":"w61457662","osm_id":"61457662","osm_type":"way","building":"yes","dispensing":null,"man_made":null,"start_date":null,"energy_class":null,"building:levels:underground":null,"building:flats":null,"outdoor_seating":null,"name:ru":null,"name:en":null,"healthcare":null,"contact:website":null,"contact:phone":null,"contact:email":null,"brand:wikidata":null,"brand":null,"operator":null,"smoking":null,"layer":null,"cuisine":null,"addr:street":null,"office":null,"government":null,"leisure":null,"roof:levels":null,"height":null,"substation":null,"shop":null,"power":null,"pipeline":null,"opening_hours":null,"amenity":null,"addr:postcode":null,"addr:country":null,"addr:city":null,"official_name":null,"name":null,"type":null,"building:levels":null,"addr:place":null,"addr:housenumber":null},"geometry":{"type":"MultiPolygon","coordinates":[[[[37.880141,51.3063051],[37.880141,51.3062151],[37.880081,51.3062151],[37.880081,51.3063051],[37.880141,51.3063051]]]]}},
{"type":"Feature","properties":{"full_id":"w61457667","osm_id":"61457667","osm_type":"way","building":"house","dispensing":null,"man_made":null,"start_date":null,"energy_class":null,"building:levels:underground":null,"building:flats":null,"outdoor_seating":null,"name:ru":null,"name:en":null,"healthcare":null,"contact:website":null,"contact:phone":null,"contact:email":null,"brand:wikidata":null,"brand":null,"operator":null,"smoking":null,"layer":null,"cuisine":null,"addr:street":"улица Прядченко","office":null,"government":null,"leisure":null,"roof:levels":null,"height":null,"substation":null,"shop":null,"power":null,"pipeline":null,"opening_hours":null,"amenity":null,"addr:postcode":"309501","addr:country":null,"addr:city":"Старый Оскол","official_name":null,"name":null,"type":null,"building:levels":null,"addr:place":null,"addr:housenumber":"201"},"geometry":{"type":"MultiPolygon","coordinates":[[[[37.8788474,51.3065575],[37.8788479,51.3065221],[37.8788487,51.3064524],[37.8787034,51.3064517],[37.8787021,51.3065568],[37.8788474,51.3065575]]]]}},
{"type":"Feature","properties":{"full_id":"w61457695","osm_id":"61457695","osm_type":"way","building":"house","dispensing":null,"man_made":null,"start_date":null,"energy_class":null,"building:levels:underground":null,"building:flats":null,"outdoor_seating":null,"name:ru":null,"name:en":null,"healthcare":null,"contact:website":null,"contact:phone":null,"contact:email":null,"brand:wikidata":null,"brand":null,"operator":null,"smoking":null,"layer":null,"cuisine":null,"addr:street":"улица Строителей","office":null,"government":null,"leisure":null,"roof:levels":null,"height":null,"substation":null,"shop":null,"power":null,"pipeline":null,"opening_hours":null,"amenity":null,"addr:postcode":"309508","addr:country":null,"addr:city":"Старый Оскол","official_name":null,"name":null,"type":null,"building:levels":null,"addr:place":null,"addr:housenumber":"11"},"geometry":{"type":"MultiPolygon","coordinates":[[[[37.8795583,51.3061783],[37.8796885,51.3061816],[37.8796837,51.3062569],[37.8795535,51.3062536],[37.8795583,51.3061783]]]]}},
{"type":"Feature","properties":{"full_id":"w61457706","osm_id":"61457706","osm_type":"way","building":"house","dispensing":null,"man_made":null,"start_date":null,"energy_class":null,"building:levels:underground":null,"building:flats":null,"outdoor_seating":null,"name:ru":null,"name:en":null,"healthcare":null,"contact:website":null,"contact:phone":null,"contact:email":null,"brand:wikidata":null,"brand":null,"operator":null,"smoking":null,"layer":null,"cuisine":null,"addr:street":"улица Прядченко","office":null,"government":null,"leisure":null,"roof:levels":null,"height":null,"substation":null,"shop":null,"power":null,"pipeline":null,"opening_hours":null,"amenity":null,"addr:postcode":"309501","addr:country":null,"addr:city":"Старый Оскол","official_name":null,"name":null,"type":null,"building:levels":null,"addr:place":null,"addr:housenumber":"185/16"},"geometry":{"type":"MultiPolygon","coordinates":[[[[37.8760187,51.3063718],[37.8761587,51.3063718],[37.8761587,51.3064718],[37.8760187,51.3064718],[37.8760187,51.3063718]]]]}},
{"type":"Feature","properties":{"full_id":"w61457717","osm_id":"61457717","osm_type":"way","building":"house","dispensing":null,"man_made":null,"start_date":null,"energy_class":null,"building:levels:underground":null,"building:flats":null,"outdoor_seating":null,"name:ru":null,"name:en":null,"healthcare":null,"contact:website":null,"contact:phone":null,"contact:email":null,"brand:wikidata":null,"brand":null,"operator":null,"smoking":null,"layer":null,"cuisine":null,"addr:street":"Народная улица","office":null,"government":null,"leisure":null,"roof:levels":null,"height":null,"substation":null,"shop":null,"power":null,"pipeline":null,"opening_hours":null,"amenity":null,"addr:postcode":"309508","addr:country":null,"addr:city":"Старый Оскол","official_name":null,"name":null,"type":null,"building:levels":null,"addr:place":null,"addr:housenumber":"23"},"geometry":{"type":"MultiPolygon","coordinates":[[[[37.8786579,51.3062521],[37.8786579,51.3061421],[37.8785179,51.3061421],[37.8785179,51.3062521],[37.8786579,51.3062521]]]]}},
{"type":"Feature","properties":{"full_id":"w61457728","osm_id":"61457728","osm_type":"way","building":"yes","dispensing":null,"man_made":null,"start_date":null,"energy_class":null,"building:levels:underground":null,"building:flats":null,"outdoor_seating":null,"name:ru":null,"name:en":null,"healthcare":null,"contact:website":null,"contact:phone":null,"contact:email":null,"brand:wikidata":null,"brand":null,"operator":null,"smoking":null,"layer":null,"cuisine":null,"addr:street":null,"office":null,"government":null,"leisure":null,"roof:levels":null,"height":null,"substation":null,"shop":null,"power":null,"pipeline":null,"opening_hours":null,"amenity":null,"addr:postcode":null,"addr:country":null,"addr:city":null,"official_name":null,"name":null,"type":null,"building:levels":null,"addr:place":null,"addr:housenumber":null},"geometry":{"type":"MultiPolygon","coordinates":[[[[37.8778779,51.3063121],[37.8777879,51.3063121],[37.8777879,51.3063421],[37.8778779,51.3063421],[37.8778779,51.3063121]]]]}},
{"type":"Feature","properties":{"full_id":"w61457732","osm_id":"61457732","osm_type":"way","building":"house","dispensing":null,"man_made":null,"start_date":null,"energy_class":null,"building:levels:underground":null,"building:flats":null,"outdoor_seating":null,"name:ru":null,"name:en":null,"healthcare":null,"contact:website":null,"contact:phone":null,"contact:email":null,"brand:wikidata":null,"brand":null,"operator":null,"smoking":null,"layer":null,"cuisine":null,"addr:street":"улица Прядченко","office":null,"government":null,"leisure":null,"roof:levels":null,"height":null,"substation":null,"shop":null,"power":null,"pipeline":null,"opening_hours":null,"amenity":null,"addr:postcode":"309501","addr:country":null,"addr:city":"Старый Оскол","official_name":null,"name":null,"type":null,"building:levels":null,"addr:place":null,"addr:housenumber":"209"},"geometry":{"type":"MultiPolygon","coordinates":[[[[37.8803048,51.3065708],[37.8803074,51.3064456],[37.8801572,51.3064444],[37.8801546,51.3065696],[37.8803048,51.3065708]]]]}},
{"type":"Feature","properties":{"full_id":"w61457735","osm_id":"61457735","osm_type":"way","building":"house","dispensing":null,"man_made":null,"start_date":null,"energy_class":null,"building:levels:underground":null,"building:flats":null,"outdoor_seating":null,"name:ru":null,"name:en":null,"healthcare":null,"contact:website":null,"contact:phone":null,"contact:email":null,"brand:wikidata":null,"brand":null,"operator":null,"smoking":null,"layer":null,"cuisine":null,"addr:street":"Трудовая улица","office":null,"government":null,"leisure":null,"roof:levels":null,"height":null,"substation":null,"shop":null,"power":null,"pipeline":null,"opening_hours":null,"amenity":null,"addr:postcode":"309508","addr:country":null,"addr:city":"Старый Оскол","official_name":null,"name":null,"type":null,"building:levels":null,"addr:place":null,"addr:housenumber":"12"},"geometry":{"type":"MultiPolygon","coordinates":[[[[37.8772394,51.3060095],[37.8772451,51.3058994],[37.8770866,51.3059004],[37.8770809,51.3060105],[37.8772394,51.3060095]]]]}},
{"type":"Feature","properties":{"full_id":"w61457756","osm_id":"61457756","osm_type":"way","building":"yes","dispensing":null,"man_made":null,"start_date":null,"energy_class":null,"building:levels:underground":null,"building:flats":null,"outdoor_seating":null,"name:ru":null,"name:en":null,"healthcare":null,"contact:website":null,"contact:phone":null,"contact:email":null,"brand:wikidata":null,"brand":null,"operator":null,"smoking":null,"layer":null,"cuisine":null,"addr:street":null,"office":null,"government":null,"leisure":null,"roof:levels":null,"height":null,"substation":null,"shop":null,"power":null,"pipeline":null,"opening_hours":null,"amenity":null,"addr:postcode":null,"addr:country":null,"addr:city":null,"official_name":null,"name":null,"type":null,"building:levels":null,"addr:place":null,"addr:housenumber":null},"geometry":{"type":"MultiPolygon","coordinates":[[[[37.8821689,51.3063393],[37.8821689,51.3062726],[37.8820689,51.3062726],[37.8820689,51.3063393],[37.8821689,51.3063393]]]]}},
{"type":"Feature","properties":{"full_id":"w61457758","osm_id":"61457758","osm_type":"way","building":"yes","dispensing":null,"man_made":null,"start_date":null,"energy_class":null,"building:levels:underground":null,"building:flats":null,"outdoor_seating":null,"name:ru":null,"name:en":null,"healthcare":null,"contact:website":null,"contact:phone":null,"contact:email":null,"brand:wikidata":null,"brand":null,"operator":null,"smoking":null,"layer":null,"cuisine":null,"addr:street":null,"office":null,"government":null,"leisure":null,"roof:levels":null,"height":null,"substation":null,"shop":null,"power":null,"pipeline":null,"opening_hours":null,"amenity":null,"addr:postcode":null,"addr:country":null,"addr:city":null,"official_name":null,"name":null,"type":null,"building:levels":null,"addr:place":null,"addr:housenumber":null},"geometry":{"type":"MultiPolygon","coordinates":[[[[37.8746033,51.3059773],[37.8746982,51.3059863],[37.8746899,51.3060208],[37.874595,51.3060118],[37.8746033,51.3059773]]]]}},
{"type":"Feature","properties":{"full_id":"w61457766","osm_id":"61457766","osm_type":"way","building":"yes","dispensing":null,"man_made":null,"start_date":null,"energy_class":null,"building:levels:underground":null,"building:flats":null,"outdoor_seating":null,"name:ru":null,"name:en":null,"healthcare":null,"contact:website":null,"contact:phone":null,"contact:email":null,"brand:wikidata":null,"brand":null,"operator":null,"smoking":null,"layer":null,"cuisine":null,"addr:street":null,"office":null,"government":null,"leisure":null,"roof:levels":null,"height":null,"substation":null,"shop":null,"power":null,"pipeline":null,"opening_hours":null,"amenity":null,"addr:postcode":null,"addr:country":null,"addr:city":null,"official_name":null,"name":null,"type":null,"building:levels":null,"addr:place":null,"addr:housenumber":null},"geometry":{"type":"MultiPolygon","coordinates":[[[[37.8775473,51.3060781],[37.8774573,51.3060781],[37.8774573,51.3061281],[37.8775473,51.3061281],[37.8775473,51.3060781]]]]}},
{"type":"Feature","properties":{"full_id":"w61457794","osm_id":"61457794","osm_type":"way","building":"house","dispensing":null,"man_made":null,"start_date":null,"energy_class":null,"building:levels:underground":null,"building:flats":null,"outdoor_seating":null,"name:ru":null,"name:en":null,"healthcare":null,"contact:website":null,"contact:phone":null,"contact:email":null,"brand:wikidata":null,"brand":null,"operator":null,"smoking":null,"layer":null,"cuisine":null,"addr:street":"Подлесная улица","office":null,"government":null,"leisure":null,"roof:levels":null,"height":null,"substation":null,"shop":null,"power":null,"pipeline":null,"opening_hours":null,"amenity":null,"addr:postcode":"309508","addr:country":null,"addr:city":"Старый Оскол","official_name":null,"name":null,"type":null,"building:levels":null,"addr:place":null,"addr:housenumber":"5"},"geometry":{"type":"MultiPolygon","coordinates":[[[[37.8815465,51.3062734],[37.8816868,51.3062723],[37.8816872,51.3062954],[37.8817355,51.306295],[37.881735,51.3062719],[37.8818071,51.3062714],[37.8818087,51.3063509],[37.8815481,51.306353],[37.8815465,51.3062734]]]]}},
{"type":"Feature","properties":{"full_id":"w61457796","osm_id":"61457796","osm_type":"way","building":"yes","dispensing":null,"man_made":null,"start_date":null,"energy_class":null,"building:levels:underground":null,"building:flats":null,"outdoor_seating":null,"name:ru":null,"name:en":null,"healthcare":null,"contact:website":null,"contact:phone":null,"contact:email":null,"brand:wikidata":null,"brand":null,"operator":null,"smoking":null,"layer":null,"cuisine":null,"addr:street":null,"office":null,"government":null,"leisure":null,"roof:levels":null,"height":null,"substation":null,"shop":null,"power":null,"pipeline":null,"opening_hours":null,"amenity":null,"addr:postcode":null,"addr:country":null,"addr:city":null,"official_name":null,"name":null,"type":null,"building:levels":null,"addr:place":null,"addr:housenumber":null},"geometry":{"type":"MultiPolygon","coordinates":[[[[37.8772695,51.3063418],[37.877275,51.3062619],[37.8771416,51.3062581],[37.8771361,51.306338],[37.8772695,51.3063418]]]]}},
{"type":"Feature","properties":{"full_id":"w61457843","osm_id":"61457843","osm_type":"way","building":"yes","dispensing":null,"man_made":null,"start_date":null,"energy_class":null,"building:levels:underground":null,"building:flats":null,"outdoor_seating":null,"name:ru":null,"name:en":null,"healthcare":null,"contact:website":null,"contact:phone":null,"contact:email":null,"brand:wikidata":null,"brand":null,"operator":null,"smoking":null,"layer":null,"cuisine":null,"addr:street":null,"office":null,"government":null,"leisure":null,"roof:levels":null,"height":null,"substation":null,"shop":null,"power":null,"pipeline":null,"opening_hours":null,"amenity":null,"addr:postcode":null,"addr:country":null,"addr:city":null,"official_name":null,"name":null,"type":null,"building:levels":null,"addr:place":null,"addr:housenumber":null},"geometry":{"type":"MultiPolygon","coordinates":[[[[37.8756303,51.306304],[37.8757387,51.3063018],[37.8757387,51.3063418],[37.8756303,51.306344],[37.8756303,51.306304]]]]}},
{"type":"Feature","properties":{"full_id":"w61457858","osm_id":"61457858","osm_type":"way","building":"house","dispensing":null,"man_made":null,"start_date":null,"energy_class":null,"building:levels:underground":null,"building:flats":null,"outdoor_seating":null,"name:ru":null,"name:en":null,"healthcare":null,"contact:website":null,"contact:phone":null,"contact:email":null,"brand:wikidata":null,"brand":null,"operator":null,"smoking":null,"layer":null,"cuisine":null,"addr:street":"Молодёжная улица","office":null,"government":null,"leisure":null,"roof:levels":null,"height":null,"substation":null,"shop":null,"power":null,"pipeline":null,"opening_hours":null,"amenity":null,"addr:postcode":"309508","addr:country":null,"addr:city":"Старый Оскол","official_name":null,"name":null,"type":null,"building:levels":null,"addr:place":null,"addr:housenumber":"9"},"geometry":{"type":"MultiPolygon","coordinates":[[[[37.8805335,51.3059715],[37.8806295,51.3059721],[37.8806279,51.3060621],[37.8805319,51.3060614],[37.8805335,51.3059715]]]]}},
{"type":"Feature","properties":{"full_id":"w61457862","osm_id":"61457862","osm_type":"way","building":"house","dispensing":null,"man_made":null,"start_date":null,"energy_class":null,"building:levels:underground":null,"building:flats":null,"outdoor_seating":null,"name:ru":null,"name:en":null,"healthcare":null,"contact:website":null,"contact:phone":null,"contact:email":null,"brand:wikidata":null,"brand":null,"operator":null,"smoking":null,"layer":null,"cuisine":null,"addr:street":"улица Прядченко","office":null,"government":null,"leisure":null,"roof:levels":null,"height":null,"substation":null,"shop":null,"power":null,"pipeline":null,"opening_hours":null,"amenity":null,"addr:postcode":"309501","addr:country":null,"addr:city":"Старый Оскол","official_name":null,"name":null,"type":null,"building:levels":null,"addr:place":null,"addr:housenumber":"191/16"},"geometry":{"type":"MultiPolygon","coordinates":[[[[37.8771864,51.3064884],[37.8771913,51.3064034],[37.8770462,51.3064002],[37.8770413,51.3064852],[37.8771864,51.3064884]]]]}},
{"type":"Feature","properties":{"full_id":"w61457880","osm_id":"61457880","osm_type":"way","building":"house","dispensing":null,"man_made":null,"start_date":null,"energy_class":null,"building:levels:underground":null,"building:flats":null,"outdoor_seating":null,"name:ru":null,"name:en":null,"healthcare":null,"contact:website":null,"contact:phone":null,"contact:email":null,"brand:wikidata":null,"brand":null,"operator":null,"smoking":null,"layer":null,"cuisine":null,"addr:street":"улица Прядченко","office":null,"government":null,"leisure":null,"roof:levels":null,"height":null,"substation":null,"shop":null,"power":null,"pipeline":null,"opening_hours":null,"amenity":null,"addr:postcode":"309501","addr:country":null,"addr:city":"Старый Оскол","official_name":null,"name":null,"type":null,"building:levels":null,"addr:place":null,"addr:housenumber":"203/16"},"geometry":{"type":"MultiPolygon","coordinates":[[[[37.8792547,51.3064648],[37.8793311,51.3064648],[37.8793311,51.3064102],[37.8792401,51.3064101],[37.87924,51.3064347],[37.8791072,51.3064346],[37.8791072,51.3064983],[37.8790529,51.3064983],[37.8790529,51.3065486],[37.8791305,51.3065486],[37.8791305,51.3065207],[37.8792547,51.3065207],[37.8792547,51.3064648]]]]}},
{"type":"Feature","properties":{"full_id":"w61457884","osm_id":"61457884","osm_type":"way","building":"house","dispensing":null,"man_made":null,"start_date":null,"energy_class":null,"building:levels:underground":null,"building:flats":null,"outdoor_seating":null,"name:ru":null,"name:en":null,"healthcare":null,"contact:website":null,"contact:phone":null,"contact:email":null,"brand:wikidata":null,"brand":null,"operator":null,"smoking":null,"layer":null,"cuisine":null,"addr:street":"улица Прядченко","office":null,"government":null,"leisure":null,"roof:levels":null,"height":null,"substation":null,"shop":null,"power":null,"pipeline":null,"opening_hours":null,"amenity":null,"addr:postcode":"309501","addr:country":null,"addr:city":"Старый Оскол","official_name":null,"name":null,"type":null,"building:levels":null,"addr:place":null,"addr:housenumber":"219"},"geometry":{"type":"MultiPolygon","coordinates":[[[[37.882195,51.3062717],[37.8823244,51.3062641],[37.8823354,51.3063365],[37.8822059,51.3063442],[37.882195,51.3062717]]]]}},
{"type":"Feature","properties":{"full_id":"w61457915","osm_id":"61457915","osm_type":"way","building":"house","dispensing":null,"man_made":null,"start_date":null,"energy_class":null,"building:levels:underground":null,"building:flats":null,"outdoor_seating":null,"name:ru":null,"name:en":null,"healthcare":null,"contact:website":null,"contact:phone":null,"contact:email":null,"brand:wikidata":null,"brand":null,"operator":null,"smoking":null,"layer":null,"cuisine":null,"addr:street":"улица Правды","office":null,"government":null,"leisure":null,"roof:levels":null,"height":null,"substation":null,"shop":null,"power":null,"pipeline":null,"opening_hours":null,"amenity":null,"addr:postcode":"309508","addr:country":null,"addr:city":"Старый Оскол","official_name":null,"name":null,"type":null,"building:levels":null,"addr:place":null,"addr:housenumber":"15"},"geometry":{"type":"MultiPolygon","coordinates":[[[[37.8753803,51.306114],[37.8755703,51.306114],[37.8755703,51.306194],[37.8753803,51.306194],[37.8753803,51.306114]]]]}},
{"type":"Feature","properties":{"full_id":"w61457923","osm_id":"61457923","osm_type":"way","building":"yes","dispensing":null,"man_made":null,"start_date":null,"energy_class":null,"building:levels:underground":null,"building:flats":null,"outdoor_seating":null,"name:ru":null,"name:en":null,"healthcare":null,"contact:website":null,"contact:phone":null,"contact:email":null,"brand:wikidata":null,"brand":null,"operator":null,"smoking":null,"layer":null,"cuisine":null,"addr:street":null,"office":null,"government":null,"leisure":null,"roof:levels":null,"height":null,"substation":null,"shop":null,"power":null,"pipeline":null,"opening_hours":null,"amenity":null,"addr:postcode":null,"addr:country":null,"addr:city":null,"official_name":null,"name":null,"type":null,"building:levels":null,"addr:place":null,"addr:housenumber":null},"geometry":{"type":"MultiPolygon","coordinates":[[[[37.8737908,51.3062652],[37.8739206,51.3062696],[37.8739162,51.3063196],[37.8737864,51.3063152],[37.8737908,51.3062652]]]]}},
{"type":"Feature","properties":{"full_id":"w61457924","osm_id":"61457924","osm_type":"way","building":"yes","dispensing":null,"man_made":null,"start_date":null,"energy_class":null,"building:levels:underground":null,"building:flats":null,"outdoor_seating":null,"name:ru":null,"name:en":null,"healthcare":null,"contact:website":null,"contact:phone":null,"contact:email":null,"brand:wikidata":null,"brand":null,"operator":null,"smoking":null,"layer":null,"cuisine":null,"addr:street":null,"office":null,"government":null,"leisure":null,"roof:levels":null,"height":null,"substation":null,"shop":null,"power":null,"pipeline":null,"opening_hours":null,"amenity":null,"addr:postcode":null,"addr:country":null,"addr:city":null,"official_name":null,"name":null,"type":null,"building:levels":null,"addr:place":null,"addr:housenumber":null},"geometry":{"type":"MultiPolygon","coordinates":[[[[37.8742605,51.3059856],[37.8743553,51.3059893],[37.8743513,51.3060294],[37.8742565,51.3060257],[37.8742605,51.3059856]]]]}},
{"type":"Feature","properties":{"full_id":"w61457968","osm_id":"61457968","osm_type":"way","building":"house","dispensing":null,"man_made":null,"start_date":null,"energy_class":null,"building:levels:underground":null,"building:flats":null,"outdoor_seating":null,"name:ru":null,"name:en":null,"healthcare":null,"contact:website":null,"contact:phone":null,"contact:email":null,"brand:wikidata":null,"brand":null,"operator":null,"smoking":null,"layer":null,"cuisine":null,"addr:street":"Подлесная улица","office":null,"government":null,"leisure":null,"roof:levels":null,"height":null,"substation":null,"shop":null,"power":null,"pipeline":null,"opening_hours":null,"amenity":null,"addr:postcode":"309508","addr:country":null,"addr:city":"Старый Оскол","official_name":null,"name":null,"type":null,"building:levels":null,"addr:place":null,"addr:housenumber":"8"},"geometry":{"type":"MultiPolygon","coordinates":[[[[37.881153,51.3061762],[37.8811509,51.3062529],[37.8812705,51.3062542],[37.8812727,51.3061775],[37.881153,51.3061762]]]]}},
{"type":"Feature","properties":{"full_id":"w61457970","osm_id":"61457970","osm_type":"way","building":"yes","dispensing":null,"man_made":null,"start_date":null,"energy_class":null,"building:levels:underground":null,"building:flats":null,"outdoor_seating":null,"name:ru":null,"name:en":null,"healthcare":null,"contact:website":null,"contact:phone":null,"contact:email":null,"brand:wikidata":null,"brand":null,"operator":null,"smoking":null,"layer":null,"cuisine":null,"addr:street":null,"office":null,"government":null,"leisure":null,"roof:levels":null,"height":null,"substation":null,"shop":null,"power":null,"pipeline":null,"opening_hours":null,"amenity":null,"addr:postcode":null,"addr:country":null,"addr:city":null,"official_name":null,"name":null,"type":null,"building:levels":null,"addr:place":null,"addr:housenumber":null},"geometry":{"type":"MultiPolygon","coordinates":[[[[37.880975,51.3065244],[37.881105,51.3065244],[37.881105,51.3065944],[37.880975,51.3065944],[37.880975,51.3065244]]]]}},
{"type":"Feature","properties":{"full_id":"w61458002","osm_id":"61458002","osm_type":"way","building":"house","dispensing":null,"man_made":null,"start_date":null,"energy_class":null,"building:levels:underground":null,"building:flats":null,"outdoor_seating":null,"name:ru":null,"name:en":null,"healthcare":null,"contact:website":null,"contact:phone":null,"contact:email":null,"brand:wikidata":null,"brand":null,"operator":null,"smoking":null,"layer":null,"cuisine":null,"addr:street":"улица Прядченко","office":null,"government":null,"leisure":null,"roof:levels":null,"height":null,"substation":null,"shop":null,"power":null,"pipeline":null,"opening_hours":null,"amenity":null,"addr:postcode":null,"addr:country":null,"addr:city":"Старый Оскол","official_name":null,"name":null,"type":null,"building:levels":null,"addr:place":null,"addr:housenumber":"225"},"geometry":{"type":"MultiPolygon","coordinates":[[[[37.8829838,51.3059296],[37.8830526,51.3059901],[37.8829834,51.3060208],[37.8829146,51.3059603],[37.8829838,51.3059296]]]]}},
{"type":"Feature","properties":{"full_id":"w61458022","osm_id":"61458022","osm_type":"way","building":"yes","dispensing":null,"man_made":null,"start_date":null,"energy_class":null,"building:levels:underground":null,"building:flats":null,"outdoor_seating":null,"name:ru":null,"name:en":null,"healthcare":null,"contact:website":null,"contact:phone":null,"contact:email":null,"brand:wikidata":null,"brand":null,"operator":null,"smoking":null,"layer":null,"cuisine":null,"addr:street":null,"office":null,"government":null,"leisure":null,"roof:levels":null,"height":null,"substation":null,"shop":null,"power":null,"pipeline":null,"opening_hours":null,"amenity":null,"addr:postcode":null,"addr:country":null,"addr:city":null,"official_name":null,"name":null,"type":null,"building:levels":null,"addr:place":null,"addr:housenumber":null},"geometry":{"type":"MultiPolygon","coordinates":[[[[37.880161,51.3064151],[37.880161,51.3063351],[37.880081,51.3063351],[37.880081,51.3064151],[37.880161,51.3064151]]]]}},
{"type":"Feature","properties":{"full_id":"w61458032","osm_id":"61458032","osm_type":"way","building":"yes","dispensing":null,"man_made":null,"start_date":null,"energy_class":null,"building:levels:underground":null,"building:flats":null,"outdoor_seating":null,"name:ru":null,"name:en":null,"healthcare":null,"contact:website":null,"contact:phone":null,"contact:email":null,"brand:wikidata":null,"brand":null,"operator":null,"smoking":null,"layer":null,"cuisine":null,"addr:street":null,"office":null,"government":null,"leisure":null,"roof:levels":null,"height":null,"substation":null,"shop":null,"power":null,"pipeline":null,"opening_hours":null,"amenity":null,"addr:postcode":null,"addr:country":null,"addr:city":null,"official_name":null,"name":null,"type":null,"building:levels":null,"addr:place":null,"addr:housenumber":null},"geometry":{"type":"MultiPolygon","coordinates":[[[[37.8809758,51.3063249],[37.880905,51.3063223],[37.880899,51.3063854],[37.8808834,51.3063849],[37.8808785,51.3064359],[37.8810137,51.3064409],[37.8810183,51.3063928],[37.8809695,51.306391],[37.8809758,51.3063249]]]]}},
{"type":"Feature","properties":{"full_id":"w61458049","osm_id":"61458049","osm_type":"way","building":"yes","dispensing":null,"man_made":null,"start_date":null,"energy_class":null,"building:levels:underground":null,"building:flats":null,"outdoor_seating":null,"name:ru":null,"name:en":null,"healthcare":null,"contact:website":null,"contact:phone":null,"contact:email":null,"brand:wikidata":null,"brand":null,"operator":null,"smoking":null,"layer":null,"cuisine":null,"addr:street":null,"office":null,"government":null,"leisure":null,"roof:levels":null,"height":null,"substation":null,"shop":null,"power":null,"pipeline":null,"opening_hours":null,"amenity":null,"addr:postcode":null,"addr:country":null,"addr:city":null,"official_name":null,"name":null,"type":null,"building:levels":null,"addr:place":null,"addr:housenumber":null},"geometry":{"type":"MultiPolygon","coordinates":[[[[37.873768,51.3061932],[37.8737701,51.3061127],[37.873664,51.3061116],[37.8736619,51.3061921],[37.873768,51.3061932]]]]}},
{"type":"Feature","properties":{"full_id":"w61458064","osm_id":"61458064","osm_type":"way","building":"yes","dispensing":null,"man_made":null,"start_date":null,"energy_class":null,"building:levels:underground":null,"building:flats":null,"outdoor_seating":null,"name:ru":null,"name:en":null,"healthcare":null,"contact:website":null,"contact:phone":null,"contact:email":null,"brand:wikidata":null,"brand":null,"operator":null,"smoking":null,"layer":null,"cuisine":null,"addr:street":"улица Прядченко","office":null,"government":null,"leisure":null,"roof:levels":null,"height":null,"substation":null,"shop":null,"power":null,"pipeline":null,"opening_hours":null,"amenity":null,"addr:postcode":"309501","addr:country":null,"addr:city":"Старый Оскол","official_name":null,"name":null,"type":null,"building:levels":null,"addr:place":null,"addr:housenumber":"179"},"geometry":{"type":"MultiPolygon","coordinates":[[[[37.8749394,51.3063248],[37.8749411,51.3062678],[37.8751427,51.3062702],[37.8751369,51.3064649],[37.8749783,51.306463],[37.8749824,51.3063253],[37.8749394,51.3063248]]]]}},
{"type":"Feature","properties":{"full_id":"w61458090","osm_id":"61458090","osm_type":"way","building":"yes","dispensing":null,"man_made":null,"start_date":null,"energy_class":null,"building:levels:underground":null,"building:flats":null,"outdoor_seating":null,"name:ru":null,"name:en":null,"healthcare":null,"contact:website":null,"contact:phone":null,"contact:email":null,"brand:wikidata":null,"brand":null,"operator":null,"smoking":null,"layer":null,"cuisine":null,"addr:street":null,"office":null,"government":null,"leisure":null,"roof:levels":null,"height":null,"substation":null,"shop":null,"power":null,"pipeline":null,"opening_hours":null,"amenity":null,"addr:postcode":null,"addr:country":null,"addr:city":null,"official_name":null,"name":null,"type":null,"building:levels":null,"addr:place":null,"addr:housenumber":null},"geometry":{"type":"MultiPolygon","coordinates":[[[[37.8791313,51.3063545],[37.8792765,51.3063555],[37.8792759,51.3063907],[37.8791307,51.3063897],[37.8791313,51.3063545]]]]}},
{"type":"Feature","properties":{"full_id":"w61458130","osm_id":"61458130","osm_type":"way","building":"house","dispensing":null,"man_made":null,"start_date":null,"energy_class":null,"building:levels:underground":null,"building:flats":null,"outdoor_seating":null,"name:ru":null,"name:en":null,"healthcare":null,"contact:website":null,"contact:phone":null,"contact:email":null,"brand:wikidata":null,"brand":null,"operator":null,"smoking":null,"layer":null,"cuisine":null,"addr:street":"Народная улица","office":null,"government":null,"leisure":null,"roof:levels":null,"height":null,"substation":null,"shop":null,"power":null,"pipeline":null,"opening_hours":null,"amenity":null,"addr:postcode":"309508","addr:country":null,"addr:city":"Старый Оскол","official_name":null,"name":null,"type":null,"building:levels":null,"addr:place":null,"addr:housenumber":"18"},"geometry":{"type":"MultiPolygon","coordinates":[[[[37.8780967,51.3062554],[37.8781021,51.3061449],[37.8783122,51.3061488],[37.8783068,51.3062594],[37.8782199,51.3062579],[37.8781234,51.3062567],[37.8780967,51.3062554]]]]}},
{"type":"Feature","properties":{"full_id":"w61458140","osm_id":"61458140","osm_type":"way","building":"house","dispensing":null,"man_made":null,"start_date":null,"energy_class":null,"building:levels:underground":null,"building:flats":null,"outdoor_seating":null,"name:ru":null,"name:en":null,"healthcare":null,"contact:website":null,"contact:phone":null,"contact:email":null,"brand:wikidata":null,"brand":null,"operator":null,"smoking":null,"layer":null,"cuisine":null,"addr:street":"Народная улица","office":null,"government":null,"leisure":null,"roof:levels":null,"height":null,"substation":null,"shop":null,"power":null,"pipeline":null,"opening_hours":null,"amenity":null,"addr:postcode":"309508","addr:country":null,"addr:city":"Старый Оскол","official_name":null,"name":null,"type":null,"building:levels":null,"addr:place":null,"addr:housenumber":"21"},"geometry":{"type":"MultiPolygon","coordinates":[[[[37.8785464,51.3059303],[37.8786715,51.305934],[37.8786644,51.3060289],[37.8785393,51.3060252],[37.8785464,51.3059303]]]]}},
{"type":"Feature","properties":{"full_id":"w61458155","osm_id":"61458155","osm_type":"way","building":"house","dispensing":null,"man_made":null,"start_date":null,"energy_class":null,"building:levels:underground":null,"building:flats":null,"outdoor_seating":null,"name:ru":null,"name:en":null,"healthcare":null,"contact:website":null,"contact:phone":null,"contact:email":null,"brand:wikidata":null,"brand":null,"operator":null,"smoking":null,"layer":null,"cuisine":null,"addr:street":"улица Прядченко","office":null,"government":null,"leisure":null,"roof:levels":null,"height":null,"substation":null,"shop":null,"power":null,"pipeline":null,"opening_hours":null,"amenity":null,"addr:postcode":"309501","addr:country":null,"addr:city":"Старый Оскол","official_name":null,"name":null,"type":null,"building:levels":null,"addr:place":null,"addr:housenumber":"177"},"geometry":{"type":"MultiPolygon","coordinates":[[[[37.8743393,51.3064277],[37.8743534,51.3063055],[37.8742131,51.3062991],[37.8741989,51.3064213],[37.8743393,51.3064277]]]]}},
{"type":"Feature","properties":{"full_id":"w61458204","osm_id":"61458204","osm_type":"way","building":"house","dispensing":null,"man_made":null,"start_date":null,"energy_class":null,"building:levels:underground":null,"building:flats":null,"outdoor_seating":null,"name:ru":null,"name:en":null,"healthcare":null,"contact:website":null,"contact:phone":null,"contact:email":null,"brand:wikidata":null,"brand":null,"operator":null,"smoking":null,"layer":null,"cuisine":null,"addr:street":"Трудовая улица","office":null,"government":null,"leisure":null,"roof:levels":null,"height":null,"substation":null,"shop":null,"power":null,"pipeline":null,"opening_hours":null,"amenity":null,"addr:postcode":"309508","addr:country":null,"addr:city":"Старый Оскол","official_name":null,"name":null,"type":null,"building:levels":null,"addr:place":null,"addr:housenumber":"14"},"geometry":{"type":"MultiPolygon","coordinates":[[[[37.8772511,51.3061438],[37.8770528,51.3061362],[37.8770449,51.3062161],[37.8772432,51.3062237],[37.8772511,51.3061438]]]]}},
{"type":"Feature","properties":{"full_id":"w61458226","osm_id":"61458226","osm_type":"way","building":"house","dispensing":null,"man_made":null,"start_date":null,"energy_class":null,"building:levels:underground":null,"building:flats":null,"outdoor_seating":null,"name:ru":null,"name:en":null,"healthcare":null,"contact:website":null,"contact:phone":null,"contact:email":null,"brand:wikidata":null,"brand":null,"operator":null,"smoking":null,"layer":null,"cuisine":null,"addr:street":"улица Прядченко","office":null,"government":null,"leisure":null,"roof:levels":null,"height":null,"substation":null,"shop":null,"power":null,"pipeline":null,"opening_hours":null,"amenity":null,"addr:postcode":"309501","addr:country":null,"addr:city":"Старый Оскол","official_name":null,"name":null,"type":null,"building:levels":null,"addr:place":null,"addr:housenumber":"199"},"geometry":{"type":"MultiPolygon","coordinates":[[[[37.8786528,51.3065222],[37.878653,51.3064221],[37.878523,51.306422],[37.8785228,51.3065221],[37.8786528,51.3065222]]]]}},
{"type":"Feature","properties":{"full_id":"w61458227","osm_id":"61458227","osm_type":"way","building":"house","dispensing":null,"man_made":null,"start_date":null,"energy_class":null,"building:levels:underground":null,"building:flats":null,"outdoor_seating":null,"name:ru":null,"name:en":null,"healthcare":null,"contact:website":null,"contact:phone":null,"contact:email":null,"brand:wikidata":null,"brand":null,"operator":null,"smoking":null,"layer":null,"cuisine":null,"addr:street":"Молодёжная улица","office":null,"government":null,"leisure":null,"roof:levels":null,"height":null,"substation":null,"shop":null,"power":null,"pipeline":null,"opening_hours":null,"amenity":null,"addr:postcode":"309508","addr:country":null,"addr:city":"Старый Оскол","official_name":null,"name":null,"type":null,"building:levels":null,"addr:place":null,"addr:housenumber":"11"},"geometry":{"type":"MultiPolygon","coordinates":[[[[37.8805306,51.3062099],[37.8807429,51.3062105],[37.8807424,51.3063007],[37.8806153,51.3063003],[37.8806154,51.3062811],[37.8805301,51.3062808],[37.8805306,51.3062099]]]]}},
{"type":"Feature","properties":{"full_id":"w61458252","osm_id":"61458252","osm_type":"way","building":"yes","dispensing":null,"man_made":null,"start_date":null,"energy_class":null,"building:levels:underground":null,"building:flats":null,"outdoor_seating":null,"name:ru":null,"name:en":null,"healthcare":null,"contact:website":null,"contact:phone":null,"contact:email":null,"brand:wikidata":null,"brand":null,"operator":null,"smoking":null,"layer":null,"cuisine":null,"addr:street":null,"office":null,"government":null,"leisure":null,"roof:levels":null,"height":null,"substation":null,"shop":null,"power":null,"pipeline":null,"opening_hours":null,"amenity":null,"addr:postcode":null,"addr:country":null,"addr:city":null,"official_name":null,"name":null,"type":null,"building:levels":null,"addr:place":null,"addr:housenumber":null},"geometry":{"type":"MultiPolygon","coordinates":[[[[37.8823576,51.3061353],[37.8823576,51.3060653],[37.8822776,51.3060653],[37.8822776,51.3061353],[37.8823576,51.3061353]]]]}},
{"type":"Feature","properties":{"full_id":"w61458253","osm_id":"61458253","osm_type":"way","building":"house","dispensing":null,"man_made":null,"start_date":null,"energy_class":null,"building:levels:underground":null,"building:flats":null,"outdoor_seating":null,"name:ru":null,"name:en":null,"healthcare":null,"contact:website":null,"contact:phone":null,"contact:email":null,"brand:wikidata":null,"brand":null,"operator":null,"smoking":null,"layer":null,"cuisine":null,"addr:street":"улица Прядченко","office":null,"government":null,"leisure":null,"roof:levels":null,"height":null,"substation":null,"shop":null,"power":null,"pipeline":null,"opening_hours":null,"amenity":null,"addr:postcode":null,"addr:country":null,"addr:city":"Старый Оскол","official_name":null,"name":null,"type":null,"building:levels":null,"addr:place":null,"addr:housenumber":"211/13"},"geometry":{"type":"MultiPolygon","coordinates":[[[[37.8806471,51.3064729],[37.880642,51.3065615],[37.8805037,51.3065584],[37.8805088,51.3064697],[37.8806471,51.3064729]]]]}},
{"type":"Feature","properties":{"full_id":"w61458265","osm_id":"61458265","osm_type":"way","building":"house","dispensing":null,"man_made":null,"start_date":null,"energy_class":null,"building:levels:underground":null,"building:flats":null,"outdoor_seating":null,"name:ru":null,"name:en":null,"healthcare":null,"contact:website":null,"contact:phone":null,"contact:email":null,"brand:wikidata":null,"brand":null,"operator":null,"smoking":null,"layer":null,"cuisine":null,"addr:street":"улица Прядченко","office":null,"government":null,"leisure":null,"roof:levels":null,"height":null,"substation":null,"shop":null,"power":null,"pipeline":null,"opening_hours":null,"amenity":null,"addr:postcode":"309501","addr:country":null,"addr:city":"Старый Оскол","official_name":null,"name":null,"type":null,"building:levels":null,"addr:place":null,"addr:housenumber":"181/17"},"geometry":{"type":"MultiPolygon","coordinates":[[[[37.8753603,51.306354],[37.8755603,51.306354],[37.8755603,51.306464],[37.8753603,51.306464],[37.8753603,51.306354]]]]}},
{"type":"Feature","properties":{"full_id":"w61458290","osm_id":"61458290","osm_type":"way","building":"house","dispensing":null,"man_made":null,"start_date":null,"energy_class":null,"building:levels:underground":null,"building:flats":null,"outdoor_seating":null,"name:ru":null,"name:en":null,"healthcare":null,"contact:website":null,"contact:phone":null,"contact:email":null,"brand:wikidata":null,"brand":null,"operator":null,"smoking":null,"layer":null,"cuisine":null,"addr:street":"улица Прядченко","office":null,"government":null,"leisure":null,"roof:levels":null,"height":null,"substation":null,"shop":null,"power":null,"pipeline":null,"opening_hours":null,"amenity":null,"addr:postcode":"309501","addr:country":null,"addr:city":"Старый Оскол","official_name":null,"name":null,"type":null,"building:levels":null,"addr:place":null,"addr:housenumber":"217"},"geometry":{"type":"MultiPolygon","coordinates":[[[[37.8816653,51.3064145],[37.8816634,51.3064592],[37.8817052,51.3064599],[37.881704,51.3064881],[37.881759,51.3064891],[37.8817621,51.3064162],[37.8816653,51.3064145]]]]}},
{"type":"Feature","properties":{"full_id":"w61458316","osm_id":"61458316","osm_type":"way","building":"yes","dispensing":null,"man_made":null,"start_date":null,"energy_class":null,"building:levels:underground":null,"building:flats":null,"outdoor_seating":null,"name:ru":null,"name:en":null,"healthcare":null,"contact:website":null,"contact:phone":null,"contact:email":null,"brand:wikidata":null,"brand":null,"operator":null,"smoking":null,"layer":null,"cuisine":null,"addr:street":null,"office":null,"government":null,"leisure":null,"roof:levels":null,"height":null,"substation":null,"shop":null,"power":null,"pipeline":null,"opening_hours":null,"amenity":null,"addr:postcode":null,"addr:country":null,"addr:city":null,"official_name":null,"name":null,"type":null,"building:levels":null,"addr:place":null,"addr:housenumber":null},"geometry":{"type":"MultiPolygon","coordinates":[[[[37.8744615,51.3062239],[37.8743361,51.3062192],[37.8743292,51.3062912],[37.8744221,51.3062947],[37.8744217,51.3062989],[37.8745116,51.3063022],[37.8745176,51.3062404],[37.8744601,51.3062383],[37.8744615,51.3062239]]]]}},
{"type":"Feature","properties":{"full_id":"w61458322","osm_id":"61458322","osm_type":"way","building":"yes","dispensing":null,"man_made":null,"start_date":null,"energy_class":null,"building:levels:underground":null,"building:flats":null,"outdoor_seating":null,"name:ru":null,"name:en":null,"healthcare":null,"contact:website":null,"contact:phone":null,"contact:email":null,"brand:wikidata":null,"brand":null,"operator":null,"smoking":null,"layer":null,"cuisine":null,"addr:street":null,"office":null,"government":null,"leisure":null,"roof:levels":null,"height":null,"substation":null,"shop":null,"power":null,"pipeline":null,"opening_hours":null,"amenity":null,"addr:postcode":null,"addr:country":null,"addr:city":null,"official_name":null,"name":null,"type":null,"building:levels":null,"addr:place":null,"addr:housenumber":null},"geometry":{"type":"MultiPolygon","coordinates":[[[[37.8821792,51.3061778],[37.8823289,51.3061742],[37.8823333,51.3062443],[37.8821837,51.306248],[37.8821792,51.3061778]]]]}},
{"type":"Feature","properties":{"full_id":"w61458327","osm_id":"61458327","osm_type":"way","building":"yes","dispensing":null,"man_made":null,"start_date":null,"energy_class":null,"building:levels:underground":null,"building:flats":null,"outdoor_seating":null,"name:ru":null,"name:en":null,"healthcare":null,"contact:website":null,"contact:phone":null,"contact:email":null,"brand:wikidata":null,"brand":null,"operator":null,"smoking":null,"layer":null,"cuisine":null,"addr:street":null,"office":null,"government":null,"leisure":null,"roof:levels":null,"height":null,"substation":null,"shop":null,"power":null,"pipeline":null,"opening_hours":null,"amenity":null,"addr:postcode":null,"addr:country":null,"addr:city":null,"official_name":null,"name":null,"type":null,"building:levels":null,"addr:place":null,"addr:housenumber":null},"geometry":{"type":"MultiPolygon","coordinates":[[[[37.8775079,51.3063421],[37.8776679,51.3063421],[37.8776679,51.3063821],[37.8775079,51.3063821],[37.8775079,51.3063421]]]]}},
{"type":"Feature","properties":{"full_id":"w61458355","osm_id":"61458355","osm_type":"way","building":"house","dispensing":null,"man_made":null,"start_date":null,"energy_class":null,"building:levels:underground":null,"building:flats":null,"outdoor_seating":null,"name:ru":null,"name:en":null,"healthcare":null,"contact:website":null,"contact:phone":null,"contact:email":null,"brand:wikidata":null,"brand":null,"operator":null,"smoking":null,"layer":null,"cuisine":null,"addr:street":"улица Прядченко","office":null,"government":null,"leisure":null,"roof:levels":null,"height":null,"substation":null,"shop":null,"power":null,"pipeline":null,"opening_hours":null,"amenity":null,"addr:postcode":"309501","addr:country":null,"addr:city":"Старый Оскол","official_name":null,"name":null,"type":null,"building:levels":null,"addr:place":null,"addr:housenumber":"215"},"geometry":{"type":"MultiPolygon","coordinates":[[[[37.8812474,51.3065667],[37.8812514,51.3064631],[37.8811422,51.3064615],[37.8811382,51.3065651],[37.8812474,51.3065667]]]]}},
{"type":"Feature","properties":{"full_id":"w61458356","osm_id":"61458356","osm_type":"way","building":"yes","dispensing":null,"man_made":null,"start_date":null,"energy_class":null,"building:levels:underground":null,"building:flats":null,"outdoor_seating":null,"name:ru":null,"name:en":null,"healthcare":null,"contact:website":null,"contact:phone":null,"contact:email":null,"brand:wikidata":null,"brand":null,"operator":null,"smoking":null,"layer":null,"cuisine":null,"addr:street":null,"office":null,"government":null,"leisure":null,"roof:levels":null,"height":null,"substation":null,"shop":null,"power":null,"pipeline":null,"opening_hours":null,"amenity":null,"addr:postcode":null,"addr:country":null,"addr:city":null,"official_name":null,"name":null,"type":null,"building:levels":null,"addr:place":null,"addr:housenumber":null},"geometry":{"type":"MultiPolygon","coordinates":[[[[37.8748297,51.306161],[37.8749095,51.3061669],[37.8749009,51.306212],[37.8748211,51.3062061],[37.8748297,51.306161]]]]}},
{"type":"Feature","properties":{"full_id":"w61458367","osm_id":"61458367","osm_type":"way","building":"yes","dispensing":null,"man_made":null,"start_date":null,"energy_class":null,"building:levels:underground":null,"building:flats":null,"outdoor_seating":null,"name:ru":null,"name:en":null,"healthcare":null,"contact:website":null,"contact:phone":null,"contact:email":null,"brand:wikidata":null,"brand":null,"operator":null,"smoking":null,"layer":null,"cuisine":null,"addr:street":null,"office":null,"government":null,"leisure":null,"roof:levels":null,"height":null,"substation":null,"shop":null,"power":null,"pipeline":null,"opening_hours":null,"amenity":null,"addr:postcode":null,"addr:country":null,"addr:city":null,"official_name":null,"name":null,"type":null,"building:levels":null,"addr:place":null,"addr:housenumber":null},"geometry":{"type":"MultiPolygon","coordinates":[[[[37.8736942,51.3060367],[37.873784,51.3060378],[37.8737828,51.3060781],[37.873693,51.306077],[37.8736942,51.3060367]]]]}},
{"type":"Feature","properties":{"full_id":"w61458369","osm_id":"61458369","osm_type":"way","building":"house","dispensing":null,"man_made":null,"start_date":null,"energy_class":null,"building:levels:underground":null,"building:flats":null,"outdoor_seating":null,"name:ru":null,"name:en":null,"healthcare":null,"contact:website":null,"contact:phone":null,"contact:email":null,"brand:wikidata":null,"brand":null,"operator":null,"smoking":null,"layer":null,"cuisine":null,"addr:street":"улица Правды","office":null,"government":null,"leisure":null,"roof:levels":null,"height":null,"substation":null,"shop":null,"power":null,"pipeline":null,"opening_hours":null,"amenity":null,"addr:postcode":"309508","addr:country":null,"addr:city":"Старый Оскол","official_name":null,"name":null,"type":null,"building:levels":null,"addr:place":null,"addr:housenumber":"16"},"geometry":{"type":"MultiPolygon","coordinates":[[[[37.8751303,51.306184],[37.8751303,51.306104],[37.8749803,51.306104],[37.8749803,51.306184],[37.8751303,51.306184]]]]}},
{"type":"Feature","properties":{"full_id":"w61458413","osm_id":"61458413","osm_type":"way","building":"yes","dispensing":null,"man_made":null,"start_date":null,"energy_class":null,"building:levels:underground":null,"building:flats":null,"outdoor_seating":null,"name:ru":null,"name:en":null,"healthcare":null,"contact:website":null,"contact:phone":null,"contact:email":null,"brand:wikidata":null,"brand":null,"operator":null,"smoking":null,"layer":null,"cuisine":null,"addr:street":null,"office":null,"government":null,"leisure":null,"roof:levels":null,"height":null,"substation":null,"shop":null,"power":null,"pipeline":null,"opening_hours":null,"amenity":null,"addr:postcode":null,"addr:country":null,"addr:city":null,"official_name":null,"name":null,"type":null,"building:levels":null,"addr:place":null,"addr:housenumber":null},"geometry":{"type":"MultiPolygon","coordinates":[[[[37.8807586,51.3060709],[37.8807617,51.306009],[37.8806968,51.3060077],[37.8806937,51.3060695],[37.8807586,51.3060709]]]]}},
{"type":"Feature","properties":{"full_id":"w61458419","osm_id":"61458419","osm_type":"way","building":"house","dispensing":null,"man_made":null,"start_date":null,"energy_class":null,"building:levels:underground":null,"building:flats":null,"outdoor_seating":null,"name:ru":null,"name:en":null,"healthcare":null,"contact:website":null,"contact:phone":null,"contact:email":null,"brand:wikidata":null,"brand":null,"operator":null,"smoking":null,"layer":null,"cuisine":null,"addr:street":"улица Дружбы","office":null,"government":null,"leisure":null,"roof:levels":null,"height":null,"substation":null,"shop":null,"power":null,"pipeline":null,"opening_hours":null,"amenity":null,"addr:postcode":"309508","addr:country":null,"addr:city":"Старый Оскол","official_name":null,"name":null,"type":null,"building:levels":null,"addr:place":null,"addr:housenumber":"15"},"geometry":{"type":"MultiPolygon","coordinates":[[[[37.8764487,51.3061318],[37.8765987,51.3061318],[37.8765987,51.3062218],[37.8764487,51.3062218],[37.8764487,51.3061318]]]]}},
{"type":"Feature","properties":{"full_id":"w61458443","osm_id":"61458443","osm_type":"way","building":"yes","dispensing":null,"man_made":null,"start_date":null,"energy_class":null,"building:levels:underground":null,"building:flats":null,"outdoor_seating":null,"name:ru":null,"name:en":null,"healthcare":null,"contact:website":null,"contact:phone":null,"contact:email":null,"brand:wikidata":null,"brand":null,"operator":null,"smoking":null,"layer":null,"cuisine":null,"addr:street":null,"office":null,"government":null,"leisure":null,"roof:levels":null,"height":null,"substation":null,"shop":null,"power":null,"pipeline":null,"opening_hours":null,"amenity":null,"addr:postcode":null,"addr:country":null,"addr:city":null,"official_name":null,"name":null,"type":null,"building:levels":null,"addr:place":null,"addr:housenumber":null},"geometry":{"type":"MultiPolygon","coordinates":[[[[37.8824879,51.306068],[37.8824805,51.3059329],[37.88242,51.3059343],[37.8824275,51.3060693],[37.8824879,51.306068]]]]}},
{"type":"Feature","properties":{"full_id":"w61458455","osm_id":"61458455","osm_type":"way","building":"yes","dispensing":null,"man_made":null,"start_date":null,"energy_class":null,"building:levels:underground":null,"building:flats":null,"outdoor_seating":null,"name:ru":null,"name:en":null,"healthcare":null,"contact:website":null,"contact:phone":null,"contact:email":null,"brand:wikidata":null,"brand":null,"operator":null,"smoking":null,"layer":null,"cuisine":null,"addr:street":null,"office":null,"government":null,"leisure":null,"roof:levels":null,"height":null,"substation":null,"shop":null,"power":null,"pipeline":null,"opening_hours":null,"amenity":null,"addr:postcode":null,"addr:country":null,"addr:city":null,"official_name":null,"name":null,"type":null,"building:levels":null,"addr:place":null,"addr:housenumber":null},"geometry":{"type":"MultiPolygon","coordinates":[[[[37.8740502,51.3059757],[37.8741603,51.3059794],[37.8741566,51.3060242],[37.8740465,51.3060205],[37.8740502,51.3059757]]]]}},
{"type":"Feature","properties":{"full_id":"w61458521","osm_id":"61458521","osm_type":"way","building":"house","dispensing":null,"man_made":null,"start_date":null,"energy_class":null,"building:levels:underground":null,"building:flats":null,"outdoor_seating":null,"name:ru":null,"name:en":null,"healthcare":null,"contact:website":null,"contact:phone":null,"contact:email":null,"brand:wikidata":null,"brand":null,"operator":null,"smoking":null,"layer":null,"cuisine":null,"addr:street":"улица Дружбы","office":null,"government":null,"leisure":null,"roof:levels":null,"height":null,"substation":null,"shop":null,"power":null,"pipeline":null,"opening_hours":null,"amenity":null,"addr:postcode":"309508","addr:country":null,"addr:city":"Старый Оскол","official_name":null,"name":null,"type":null,"building:levels":null,"addr:place":null,"addr:housenumber":"16"},"geometry":{"type":"MultiPolygon","coordinates":[[[[37.8760906,51.3060956],[37.8760929,51.3062407],[37.8759724,51.3062411],[37.8759712,51.306096],[37.8760906,51.3060956]]]]}},
{"type":"Feature","properties":{"full_id":"w61458538","osm_id":"61458538","osm_type":"way","building":"house","dispensing":null,"man_made":null,"start_date":null,"energy_class":null,"building:levels:underground":null,"building:flats":null,"outdoor_seating":null,"name:ru":null,"name:en":null,"healthcare":null,"contact:website":null,"contact:phone":null,"contact:email":null,"brand:wikidata":null,"brand":null,"operator":null,"smoking":null,"layer":null,"cuisine":null,"addr:street":"улица Прядченко","office":null,"government":null,"leisure":null,"roof:levels":null,"height":null,"substation":null,"shop":null,"power":null,"pipeline":null,"opening_hours":null,"amenity":null,"addr:postcode":"309501","addr:country":null,"addr:city":"Старый Оскол","official_name":null,"name":null,"type":null,"building:levels":null,"addr:place":null,"addr:housenumber":"193"},"geometry":{"type":"MultiPolygon","coordinates":[[[[37.8776179,51.3065121],[37.8776179,51.3064121],[37.8774879,51.3064121],[37.8774879,51.3065121],[37.8776179,51.3065121]]]]}},
{"type":"Feature","properties":{"full_id":"w61458563","osm_id":"61458563","osm_type":"way","building":"yes","dispensing":null,"man_made":null,"start_date":null,"energy_class":null,"building:levels:underground":null,"building:flats":null,"outdoor_seating":null,"name:ru":null,"name:en":null,"healthcare":null,"contact:website":null,"contact:phone":null,"contact:email":null,"brand:wikidata":null,"brand":null,"operator":null,"smoking":null,"layer":null,"cuisine":null,"addr:street":null,"office":null,"government":null,"leisure":null,"roof:levels":null,"height":null,"substation":null,"shop":null,"power":null,"pipeline":null,"opening_hours":null,"amenity":null,"addr:postcode":null,"addr:country":null,"addr:city":null,"official_name":null,"name":null,"type":null,"building:levels":null,"addr:place":null,"addr:housenumber":null},"geometry":{"type":"MultiPolygon","coordinates":[[[[37.8783179,51.3060421],[37.8781379,51.3060421],[37.8781379,51.3060821],[37.8783179,51.3060821],[37.8783179,51.3060421]]]]}},
{"type":"Feature","properties":{"full_id":"w61458597","osm_id":"61458597","osm_type":"way","building":"house","dispensing":null,"man_made":null,"start_date":null,"energy_class":null,"building:levels:underground":null,"building:flats":null,"outdoor_seating":null,"name:ru":null,"name:en":null,"healthcare":null,"contact:website":null,"contact:phone":null,"contact:email":null,"brand:wikidata":null,"brand":null,"operator":null,"smoking":null,"layer":null,"cuisine":null,"addr:street":"улица Прядченко","office":null,"government":null,"leisure":null,"roof:levels":null,"height":null,"substation":null,"shop":null,"power":null,"pipeline":null,"opening_hours":null,"amenity":null,"addr:postcode":"309501","addr:country":null,"addr:city":"Старый Оскол","official_name":null,"name":null,"type":null,"building:levels":null,"addr:place":null,"addr:housenumber":"175"},"geometry":{"type":"MultiPolygon","coordinates":[[[[37.8740703,51.306407],[37.8740795,51.3063113],[37.8739475,51.3063063],[37.8739384,51.3064019],[37.8740703,51.306407]]]]}},
{"type":"Feature","properties":{"full_id":"w61458618","osm_id":"61458618","osm_type":"way","building":"yes","dispensing":null,"man_made":null,"start_date":null,"energy_class":null,"building:levels:underground":null,"building:flats":null,"outdoor_seating":null,"name:ru":null,"name:en":null,"healthcare":null,"contact:website":null,"contact:phone":null,"contact:email":null,"brand:wikidata":null,"brand":null,"operator":null,"smoking":null,"layer":null,"cuisine":null,"addr:street":null,"office":null,"government":null,"leisure":null,"roof:levels":null,"height":null,"substation":null,"shop":null,"power":null,"pipeline":null,"opening_hours":null,"amenity":null,"addr:postcode":null,"addr:country":null,"addr:city":null,"official_name":null,"name":null,"type":null,"building:levels":null,"addr:place":null,"addr:housenumber":null},"geometry":{"type":"MultiPolygon","coordinates":[[[[37.8788164,51.3064418],[37.8788152,51.306352],[37.8787676,51.3063522],[37.8787682,51.3064023],[37.8786977,51.3064026],[37.8786982,51.3064424],[37.8788164,51.3064418]]]]}},
{"type":"Feature","properties":{"full_id":"w61458644","osm_id":"61458644","osm_type":"way","building":"house","dispensing":null,"man_made":null,"start_date":null,"energy_class":null,"building:levels:underground":null,"building:flats":null,"outdoor_seating":null,"name:ru":null,"name:en":null,"healthcare":null,"contact:website":null,"contact:phone":null,"contact:email":null,"brand:wikidata":null,"brand":null,"operator":null,"smoking":null,"layer":null,"cuisine":null,"addr:street":"улица Строителей","office":null,"government":null,"leisure":null,"roof:levels":null,"height":null,"substation":null,"shop":null,"power":null,"pipeline":null,"opening_hours":null,"amenity":null,"addr:postcode":"309508","addr:country":null,"addr:city":"Старый Оскол","official_name":null,"name":null,"type":null,"building:levels":null,"addr:place":null,"addr:housenumber":"13"},"geometry":{"type":"MultiPolygon","coordinates":[[[[37.879671,51.3063951],[37.879671,51.3063051],[37.879491,51.3063051],[37.879491,51.3063951],[37.879671,51.3063951]]]]}},
{"type":"Feature","properties":{"full_id":"w61458652","osm_id":"61458652","osm_type":"way","building":"yes","dispensing":null,"man_made":null,"start_date":null,"energy_class":null,"building:levels:underground":null,"building:flats":null,"outdoor_seating":null,"name:ru":null,"name:en":null,"healthcare":null,"contact:website":null,"contact:phone":null,"contact:email":null,"brand:wikidata":null,"brand":null,"operator":null,"smoking":null,"layer":null,"cuisine":null,"addr:street":null,"office":null,"government":null,"leisure":null,"roof:levels":null,"height":null,"substation":null,"shop":null,"power":null,"pipeline":null,"opening_hours":null,"amenity":null,"addr:postcode":null,"addr:country":null,"addr:city":null,"official_name":null,"name":null,"type":null,"building:levels":null,"addr:place":null,"addr:housenumber":null},"geometry":{"type":"MultiPolygon","coordinates":[[[[37.8759487,51.3063118],[37.8760487,51.3063118],[37.8760487,51.3063518],[37.8759487,51.3063518],[37.8759487,51.3063118]]]]}},
{"type":"Feature","properties":{"full_id":"w61458672","osm_id":"61458672","osm_type":"way","building":"house","dispensing":null,"man_made":null,"start_date":null,"energy_class":null,"building:levels:underground":null,"building:flats":null,"outdoor_seating":null,"name:ru":null,"name:en":null,"healthcare":null,"contact:website":null,"contact:phone":null,"contact:email":null,"brand:wikidata":null,"brand":null,"operator":null,"smoking":null,"layer":null,"cuisine":null,"addr:street":"улица Прядченко","office":null,"government":null,"leisure":null,"roof:levels":null,"height":null,"substation":null,"shop":null,"power":null,"pipeline":null,"opening_hours":null,"amenity":null,"addr:postcode":"309501","addr:country":null,"addr:city":"Старый Оскол","official_name":null,"name":null,"type":null,"building:levels":null,"addr:place":null,"addr:housenumber":"195"},"geometry":{"type":"MultiPolygon","coordinates":[[[[37.8779157,51.3065004],[37.8779306,51.3063907],[37.8778001,51.3063838],[37.8777852,51.3064935],[37.8779157,51.3065004]]]]}},
{"type":"Feature","properties":{"full_id":"w61458697","osm_id":"61458697","osm_type":"way","building":"house","dispensing":null,"man_made":null,"start_date":null,"energy_class":null,"building:levels:underground":null,"building:flats":null,"outdoor_seating":null,"name:ru":null,"name:en":null,"healthcare":null,"contact:website":null,"contact:phone":null,"contact:email":null,"brand:wikidata":null,"brand":null,"operator":null,"smoking":null,"layer":null,"cuisine":null,"addr:street":"улица Строителей","office":null,"government":null,"leisure":null,"roof:levels":null,"height":null,"substation":null,"shop":null,"power":null,"pipeline":null,"opening_hours":null,"amenity":null,"addr:postcode":"309508","addr:country":null,"addr:city":"Старый Оскол","official_name":null,"name":null,"type":null,"building:levels":null,"addr:place":null,"addr:housenumber":"9"},"geometry":{"type":"MultiPolygon","coordinates":[[[[37.8796752,51.306021],[37.8796778,51.3059508],[37.8795668,51.3059492],[37.8795642,51.3060194],[37.8796752,51.306021]]]]}},
{"type":"Feature","properties":{"full_id":"w61458698","osm_id":"61458698","osm_type":"way","building":"house","dispensing":null,"man_made":null,"start_date":null,"energy_class":null,"building:levels:underground":null,"building:flats":null,"outdoor_seating":null,"name:ru":null,"name:en":null,"healthcare":null,"contact:website":null,"contact:phone":null,"contact:email":null,"brand:wikidata":null,"brand":null,"operator":null,"smoking":null,"layer":null,"cuisine":null,"addr:street":"улица Прядченко","office":null,"government":null,"leisure":null,"roof:levels":null,"height":null,"substation":null,"shop":null,"power":null,"pipeline":null,"opening_hours":null,"amenity":null,"addr:postcode":"309501","addr:country":null,"addr:city":"Старый Оскол","official_name":null,"name":null,"type":null,"building:levels":null,"addr:place":null,"addr:housenumber":"213"},"geometry":{"type":"MultiPolygon","coordinates":[[[[37.8809445,51.3065692],[37.8809475,51.3064694],[37.8808284,51.306468],[37.8808255,51.3065678],[37.8809445,51.3065692]]]]}},
{"type":"Feature","properties":{"full_id":"w61458708","osm_id":"61458708","osm_type":"way","building":"yes","dispensing":null,"man_made":null,"start_date":null,"energy_class":null,"building:levels:underground":null,"building:flats":null,"outdoor_seating":null,"name:ru":null,"name:en":null,"healthcare":null,"contact:website":null,"contact:phone":null,"contact:email":null,"brand:wikidata":null,"brand":null,"operator":null,"smoking":null,"layer":null,"cuisine":null,"addr:street":null,"office":null,"government":null,"leisure":null,"roof:levels":null,"height":null,"substation":null,"shop":null,"power":null,"pipeline":null,"opening_hours":null,"amenity":null,"addr:postcode":null,"addr:country":null,"addr:city":null,"official_name":null,"name":null,"type":null,"building:levels":null,"addr:place":null,"addr:housenumber":null},"geometry":{"type":"MultiPolygon","coordinates":[[[[37.879791,51.3062551],[37.879791,51.3062051],[37.879721,51.3062051],[37.879721,51.3062551],[37.879791,51.3062551]]]]}},
{"type":"Feature","properties":{"full_id":"w61458709","osm_id":"61458709","osm_type":"way","building":"house","dispensing":null,"man_made":null,"start_date":null,"energy_class":null,"building:levels:underground":null,"building:flats":null,"outdoor_seating":null,"name:ru":null,"name:en":null,"healthcare":null,"contact:website":null,"contact:phone":null,"contact:email":null,"brand:wikidata":null,"brand":null,"operator":null,"smoking":null,"layer":null,"cuisine":null,"addr:street":"улица Прядченко","office":null,"government":null,"leisure":null,"roof:levels":null,"height":null,"substation":null,"shop":null,"power":null,"pipeline":null,"opening_hours":null,"amenity":null,"addr:postcode":"309501","addr:country":null,"addr:city":"Старый Оскол","official_name":null,"name":null,"type":null,"building:levels":null,"addr:place":null,"addr:housenumber":"183"},"geometry":{"type":"MultiPolygon","coordinates":[[[[37.8756686,51.306374],[37.875817,51.3063718],[37.8758204,51.3064618],[37.875672,51.306464],[37.8756686,51.306374]]]]}},
{"type":"Feature","properties":{"full_id":"w61458722","osm_id":"61458722","osm_type":"way","building":"house","dispensing":null,"man_made":null,"start_date":null,"energy_class":null,"building:levels:underground":null,"building:flats":null,"outdoor_seating":null,"name:ru":null,"name:en":null,"healthcare":null,"contact:website":null,"contact:phone":null,"contact:email":null,"brand:wikidata":null,"brand":null,"operator":null,"smoking":null,"layer":null,"cuisine":null,"addr:street":"улица Прядченко","office":null,"government":null,"leisure":null,"roof:levels":null,"height":null,"substation":null,"shop":null,"power":null,"pipeline":null,"opening_hours":null,"amenity":null,"addr:postcode":"309501","addr:country":null,"addr:city":"Старый Оскол","official_name":null,"name":null,"type":null,"building:levels":null,"addr:place":null,"addr:housenumber":"207"},"geometry":{"type":"MultiPolygon","coordinates":[[[[37.8800128,51.3065419],[37.8800198,51.306442],[37.8798842,51.3064383],[37.8798772,51.3065382],[37.8800128,51.3065419]]]]}},
{"type":"Feature","properties":{"full_id":"w61458731","osm_id":"61458731","osm_type":"way","building":"yes","dispensing":null,"man_made":null,"start_date":null,"energy_class":null,"building:levels:underground":null,"building:flats":null,"outdoor_seating":null,"name:ru":null,"name:en":null,"healthcare":null,"contact:website":null,"contact:phone":null,"contact:email":null,"brand:wikidata":null,"brand":null,"operator":null,"smoking":null,"layer":null,"cuisine":null,"addr:street":null,"office":null,"government":null,"leisure":null,"roof:levels":null,"height":null,"substation":null,"shop":null,"power":null,"pipeline":null,"opening_hours":null,"amenity":null,"addr:postcode":null,"addr:country":null,"addr:city":null,"official_name":null,"name":null,"type":null,"building:levels":null,"addr:place":null,"addr:housenumber":null},"geometry":{"type":"MultiPolygon","coordinates":[[[[37.8815297,51.306414],[37.8815997,51.306414],[37.8815997,51.306454],[37.8815297,51.306454],[37.8815297,51.306414]]]]}},
{"type":"Feature","properties":{"full_id":"w61458741","osm_id":"61458741","osm_type":"way","building":"house","dispensing":null,"man_made":null,"start_date":null,"energy_class":null,"building:levels:underground":null,"building:flats":null,"outdoor_seating":null,"name:ru":null,"name:en":null,"healthcare":null,"contact:website":null,"contact:phone":null,"contact:email":null,"brand:wikidata":null,"brand":null,"operator":null,"smoking":null,"layer":null,"cuisine":null,"addr:street":"улица Прядченко","office":null,"government":null,"leisure":null,"roof:levels":null,"height":null,"substation":null,"shop":null,"power":null,"pipeline":null,"opening_hours":null,"amenity":null,"addr:postcode":"309501","addr:country":null,"addr:city":"Старый Оскол","official_name":null,"name":null,"type":null,"building:levels":null,"addr:place":null,"addr:housenumber":"189"},"geometry":{"type":"MultiPolygon","coordinates":[[[[37.8769072,51.3063989],[37.8767671,51.3063945],[37.8767602,51.3064797],[37.8769003,51.3064841],[37.8769072,51.3063989]]]]}},
{"type":"Feature","properties":{"full_id":"w61458752","osm_id":"61458752","osm_type":"way","building":"yes","dispensing":null,"man_made":null,"start_date":null,"energy_class":null,"building:levels:underground":null,"building:flats":null,"outdoor_seating":null,"name:ru":null,"name:en":null,"healthcare":null,"contact:website":null,"contact:phone":null,"contact:email":null,"brand:wikidata":null,"brand":null,"operator":null,"smoking":null,"layer":null,"cuisine":null,"addr:street":null,"office":null,"government":null,"leisure":null,"roof:levels":null,"height":null,"substation":null,"shop":null,"power":null,"pipeline":null,"opening_hours":null,"amenity":null,"addr:postcode":null,"addr:country":null,"addr:city":null,"official_name":null,"name":null,"type":null,"building:levels":null,"addr:place":null,"addr:housenumber":null},"geometry":{"type":"MultiPolygon","coordinates":[[[[37.875871,51.306046],[37.875868,51.3059961],[37.8758014,51.3059976],[37.8758044,51.3060475],[37.875871,51.306046]]]]}},
{"type":"Feature","properties":{"full_id":"w61458770","osm_id":"61458770","osm_type":"way","building":"house","dispensing":null,"man_made":null,"start_date":null,"energy_class":null,"building:levels:underground":null,"building:flats":null,"outdoor_seating":null,"name:ru":null,"name:en":null,"healthcare":null,"contact:website":null,"contact:phone":null,"contact:email":null,"brand:wikidata":null,"brand":null,"operator":null,"smoking":null,"layer":null,"cuisine":null,"addr:street":"Трудовая улица","office":null,"government":null,"leisure":null,"roof:levels":null,"height":null,"substation":null,"shop":null,"power":null,"pipeline":null,"opening_hours":null,"amenity":null,"addr:postcode":"309508","addr:country":null,"addr:city":"Старый Оскол","official_name":null,"name":null,"type":null,"building:levels":null,"addr:place":null,"addr:housenumber":"17"},"geometry":{"type":"MultiPolygon","coordinates":[[[[37.877514,51.3062582],[37.8776342,51.306262],[37.8776409,51.30618],[37.8775207,51.3061762],[37.877514,51.3062582]]]]}},
{"type":"Feature","properties":{"full_id":"w61458795","osm_id":"61458795","osm_type":"way","building":"house","dispensing":null,"man_made":null,"start_date":null,"energy_class":null,"building:levels:underground":null,"building:flats":null,"outdoor_seating":null,"name:ru":null,"name:en":null,"healthcare":null,"contact:website":null,"contact:phone":null,"contact:email":null,"brand:wikidata":null,"brand":null,"operator":null,"smoking":null,"layer":null,"cuisine":null,"addr:street":"улица Прядченко","office":null,"government":null,"leisure":null,"roof:levels":null,"height":null,"substation":null,"shop":null,"power":null,"pipeline":null,"opening_hours":null,"amenity":null,"addr:postcode":null,"addr:country":null,"addr:city":"Старый Оскол","official_name":null,"name":null,"type":null,"building:levels":null,"addr:place":null,"addr:housenumber":"223"},"geometry":{"type":"MultiPolygon","coordinates":[[[[37.8824776,51.3061248],[37.8826181,51.3060657],[37.8827144,51.3061551],[37.8825739,51.3062143],[37.8824776,51.3061248]]]]}},
{"type":"Feature","properties":{"full_id":"w72239148","osm_id":"72239148","osm_type":"way","building":"yes","dispensing":null,"man_made":null,"start_date":null,"energy_class":null,"building:levels:underground":null,"building:flats":null,"outdoor_seating":null,"name:ru":null,"name:en":null,"healthcare":null,"contact:website":null,"contact:phone":null,"contact:email":null,"brand:wikidata":null,"brand":null,"operator":null,"smoking":null,"layer":null,"cuisine":null,"addr:street":null,"office":null,"government":null,"leisure":null,"roof:levels":null,"height":null,"substation":null,"shop":null,"power":null,"pipeline":null,"opening_hours":null,"amenity":null,"addr:postcode":null,"addr:country":null,"addr:city":null,"official_name":null,"name":null,"type":null,"building:levels":null,"addr:place":"микрорайон Жукова","addr:housenumber":null},"geometry":{"type":"MultiPolygon","coordinates":[[[[37.8860778,51.3132848],[37.8861548,51.3133161],[37.8861262,51.3133437],[37.8860492,51.3133124],[37.8860778,51.3132848]]]]}},
{"type":"Feature","properties":{"full_id":"w77249260","osm_id":"77249260","osm_type":"way","building":"yes","dispensing":null,"man_made":null,"start_date":null,"energy_class":null,"building:levels:underground":null,"building:flats":null,"outdoor_seating":null,"name:ru":null,"name:en":null,"healthcare":null,"contact:website":null,"contact:phone":null,"contact:email":null,"brand:wikidata":null,"brand":null,"operator":null,"smoking":null,"layer":null,"cuisine":null,"addr:street":null,"office":null,"government":null,"leisure":null,"roof:levels":null,"height":null,"substation":null,"shop":"beverages","power":null,"pipeline":null,"opening_hours":null,"amenity":null,"addr:postcode":"309502","addr:country":"RU","addr:city":"Старый Оскол","official_name":null,"name":"Хрусталь Белогорья","type":null,"building:levels":null,"addr:place":"Солнечный микрорайон","addr:housenumber":null},"geometry":{"type":"MultiPolygon","coordinates":[[[[37.9016822,51.3129017],[37.9017294,51.3128614],[37.901778,51.3128836],[37.9017308,51.3129239],[37.9016822,51.3129017]]]]}},
{"type":"Feature","properties":{"full_id":"w77356556","osm_id":"77356556","osm_type":"way","building":"yes","dispensing":null,"man_made":null,"start_date":null,"energy_class":null,"building:levels:underground":null,"building:flats":null,"outdoor_seating":null,"name:ru":null,"name:en":null,"healthcare":null,"contact:website":null,"contact:phone":null,"contact:email":null,"brand:wikidata":null,"brand":null,"operator":null,"smoking":null,"layer":"1","cuisine":null,"addr:street":null,"office":null,"government":null,"leisure":null,"roof:levels":null,"height":null,"substation":null,"shop":null,"power":null,"pipeline":null,"opening_hours":null,"amenity":null,"addr:postcode":null,"addr:country":null,"addr:city":null,"official_name":null,"name":null,"type":null,"building:levels":null,"addr:place":null,"addr:housenumber":null},"geometry":{"type":"MultiPolygon","coordinates":[[[[37.8929786,51.308356],[37.8929129,51.3084141],[37.8941156,51.308946],[37.8942111,51.3088615],[37.8941751,51.3088456],[37.8944703,51.3085848],[37.8944183,51.3085618],[37.8945282,51.3084646],[37.8944479,51.3084291],[37.894397,51.3084764],[37.8940394,51.3087877],[37.8930627,51.3083493],[37.8930305,51.3083791],[37.8929786,51.308356]]]]}},
{"type":"Feature","properties":{"full_id":"w77356557","osm_id":"77356557","osm_type":"way","building":"yes","dispensing":null,"man_made":null,"start_date":null,"energy_class":null,"building:levels:underground":null,"building:flats":null,"outdoor_seating":null,"name:ru":null,"name:en":null,"healthcare":null,"contact:website":null,"contact:phone":null,"contact:email":null,"brand:wikidata":null,"brand":null,"operator":null,"smoking":null,"layer":null,"cuisine":null,"addr:street":null,"office":null,"government":null,"leisure":null,"roof:levels":null,"height":null,"substation":null,"shop":null,"power":"substation","pipeline":null,"opening_hours":null,"amenity":null,"addr:postcode":null,"addr:country":null,"addr:city":null,"official_name":null,"name":"ТП-105н","type":null,"building:levels":"1","addr:place":null,"addr:housenumber":null},"geometry":{"type":"MultiPolygon","coordinates":[[[[37.8953374,51.3069051],[37.8953956,51.306856],[37.8955031,51.3069057],[37.8954449,51.3069549],[37.8953374,51.3069051]]]]}},
{"type":"Feature","properties":{"full_id":"w77614345","osm_id":"77614345","osm_type":"way","building":"yes","dispensing":null,"man_made":null,"start_date":null,"energy_class":null,"building:levels:underground":null,"building:flats":null,"outdoor_seating":null,"name:ru":null,"name:en":null,"healthcare":null,"contact:website":null,"contact:phone":null,"contact:email":null,"brand:wikidata":null,"brand":null,"operator":null,"smoking":null,"layer":null,"cuisine":null,"addr:street":null,"office":null,"government":null,"leisure":null,"roof:levels":null,"height":null,"substation":null,"shop":null,"power":null,"pipeline":null,"opening_hours":null,"amenity":null,"addr:postcode":null,"addr:country":null,"addr:city":null,"official_name":null,"name":"Цветофор","type":null,"building:levels":"2","addr:place":"микрорайон Жукова","addr:housenumber":"27А"},"geometry":{"type":"MultiPolygon","coordinates":[[[[37.89195,51.3144967],[37.8921934,51.3142725],[37.892501,51.314403],[37.8922577,51.3146272],[37.89195,51.3144967]]]]}},
{"type":"Feature","properties":{"full_id":"w77614350","osm_id":"77614350","osm_type":"way","building":"yes","dispensing":null,"man_made":null,"start_date":null,"energy_class":null,"building:levels:underground":null,"building:flats":null,"outdoor_seating":null,"name:ru":null,"name:en":null,"healthcare":null,"contact:website":null,"contact:phone":null,"contact:email":null,"brand:wikidata":null,"brand":null,"operator":null,"smoking":null,"layer":null,"cuisine":null,"addr:street":null,"office":null,"government":null,"leisure":null,"roof:levels":null,"height":null,"substation":null,"shop":null,"power":null,"pipeline":null,"opening_hours":null,"amenity":null,"addr:postcode":null,"addr:country":null,"addr:city":null,"official_name":null,"name":null,"type":null,"building:levels":null,"addr:place":"микрорайон Жукова","addr:housenumber":null},"geometry":{"type":"MultiPolygon","coordinates":[[[[37.8873214,51.3139198],[37.8872773,51.3139035],[37.8872455,51.313937],[37.8872896,51.3139533],[37.8873214,51.3139198]]]]}},
{"type":"Feature","properties":{"full_id":"w78360434","osm_id":"78360434","osm_type":"way","building":"yes","dispensing":null,"man_made":null,"start_date":null,"energy_class":null,"building:levels:underground":null,"building:flats":null,"outdoor_seating":null,"name:ru":null,"name:en":null,"healthcare":null,"contact:website":null,"contact:phone":null,"contact:email":null,"brand:wikidata":null,"brand":null,"operator":null,"smoking":null,"layer":null,"cuisine":null,"addr:street":null,"office":null,"government":null,"leisure":null,"roof:levels":null,"height":null,"substation":null,"shop":"greengrocer","power":null,"pipeline":null,"opening_hours":null,"amenity":null,"addr:postcode":null,"addr:country":null,"addr:city":null,"official_name":null,"name":"Агрофирма Металлург","type":null,"building:levels":null,"addr:place":null,"addr:housenumber":null},"geometry":{"type":"MultiPolygon","coordinates":[[[[37.9025728,51.3064687],[37.902537,51.3064708],[37.9025418,51.306502],[37.9025775,51.3064999],[37.9025728,51.3064687]]]]}},
{"type":"Feature","properties":{"full_id":"w78760496","osm_id":"78760496","osm_type":"way","building":"yes","dispensing":null,"man_made":null,"start_date":null,"energy_class":null,"building:levels:underground":null,"building:flats":null,"outdoor_seating":null,"name:ru":null,"name:en":null,"healthcare":null,"contact:website":null,"contact:phone":null,"contact:email":null,"brand:wikidata":null,"brand":null,"operator":null,"smoking":null,"layer":null,"cuisine":null,"addr:street":null,"office":null,"government":null,"leisure":null,"roof:levels":null,"height":null,"substation":null,"shop":null,"power":null,"pipeline":null,"opening_hours":null,"amenity":null,"addr:postcode":null,"addr:country":null,"addr:city":null,"official_name":null,"name":null,"type":null,"building:levels":null,"addr:place":null,"addr:housenumber":null},"geometry":{"type":"MultiPolygon","coordinates":[[[[37.8925152,51.3081979],[37.8925938,51.3082329],[37.8925454,51.3082755],[37.8924667,51.3082405],[37.8925152,51.3081979]]]]}},
{"type":"Feature","properties":{"full_id":"w78799820","osm_id":"78799820","osm_type":"way","building":"yes","dispensing":null,"man_made":null,"start_date":null,"energy_class":null,"building:levels:underground":null,"building:flats":null,"outdoor_seating":null,"name:ru":null,"name:en":null,"healthcare":null,"contact:website":null,"contact:phone":null,"contact:email":null,"brand:wikidata":null,"brand":null,"operator":null,"smoking":"yes","layer":null,"cuisine":null,"addr:street":null,"office":null,"government":null,"leisure":null,"roof:levels":null,"height":null,"substation":null,"shop":null,"power":null,"pipeline":null,"opening_hours":null,"amenity":"food_court","addr:postcode":null,"addr:country":null,"addr:city":null,"official_name":null,"name":null,"type":null,"building:levels":null,"addr:place":null,"addr:housenumber":null},"geometry":{"type":"MultiPolygon","coordinates":[[[[37.89737,51.3099844],[37.8974391,51.3100301],[37.8976393,51.3098353],[37.8974618,51.3097637],[37.897352,51.3098661],[37.89737,51.3099844]]]]}},
{"type":"Feature","properties":{"full_id":"w79469180","osm_id":"79469180","osm_type":"way","building":"yes","dispensing":null,"man_made":null,"start_date":null,"energy_class":null,"building:levels:underground":null,"building:flats":null,"outdoor_seating":null,"name:ru":null,"name:en":null,"healthcare":null,"contact:website":null,"contact:phone":null,"contact:email":null,"brand:wikidata":null,"brand":null,"operator":null,"smoking":null,"layer":null,"cuisine":null,"addr:street":null,"office":null,"government":null,"leisure":null,"roof:levels":null,"height":null,"substation":null,"shop":"kiosk","power":null,"pipeline":null,"opening_hours":null,"amenity":null,"addr:postcode":"309502","addr:country":null,"addr:city":"Старый Оскол","official_name":null,"name":null,"type":null,"building:levels":null,"addr:place":"микрорайон Королёва","addr:housenumber":null},"geometry":{"type":"MultiPolygon","coordinates":[[[[37.8996953,51.311316],[37.8997255,51.3113286],[37.8997009,51.3113517],[37.8996707,51.3113391],[37.8996953,51.311316]]]]}},
{"type":"Feature","properties":{"full_id":"w79469183","osm_id":"79469183","osm_type":"way","building":"yes","dispensing":null,"man_made":null,"start_date":null,"energy_class":null,"building:levels:underground":null,"building:flats":null,"outdoor_seating":null,"name:ru":null,"name:en":null,"healthcare":null,"contact:website":null,"contact:phone":null,"contact:email":null,"brand:wikidata":null,"brand":null,"operator":null,"smoking":null,"layer":null,"cuisine":null,"addr:street":null,"office":null,"government":null,"leisure":null,"roof:levels":null,"height":null,"substation":null,"shop":"kiosk","power":null,"pipeline":null,"opening_hours":null,"amenity":null,"addr:postcode":"309502","addr:country":null,"addr:city":"Старый Оскол","official_name":null,"name":null,"type":null,"building:levels":null,"addr:place":"Солнечный микрорайон","addr:housenumber":null},"geometry":{"type":"MultiPolygon","coordinates":[[[[37.8989115,51.3114716],[37.8990445,51.311527],[37.8990221,51.311548],[37.8988892,51.3114925],[37.8989115,51.3114716]]]]}},
{"type":"Feature","properties":{"full_id":"w80183432","osm_id":"80183432","osm_type":"way","building":"yes","dispensing":null,"man_made":null,"start_date":null,"energy_class":null,"building:levels:underground":null,"building:flats":null,"outdoor_seating":null,"name:ru":null,"name:en":null,"healthcare":null,"contact:website":null,"contact:phone":null,"contact:email":null,"brand:wikidata":null,"brand":null,"operator":null,"smoking":null,"layer":null,"cuisine":null,"addr:street":null,"office":null,"government":null,"leisure":null,"roof:levels":null,"height":null,"substation":null,"shop":"bakery","power":null,"pipeline":null,"opening_hours":null,"amenity":null,"addr:postcode":null,"addr:country":null,"addr:city":null,"official_name":null,"name":"Горхлеб","type":null,"building:levels":null,"addr:place":null,"addr:housenumber":null},"geometry":{"type":"MultiPolygon","coordinates":[[[[37.9007182,51.3086986],[37.9006723,51.3086799],[37.9007091,51.3086447],[37.9007549,51.3086634],[37.9007182,51.3086986]]]]}},
{"type":"Feature","properties":{"full_id":"w82755203","osm_id":"82755203","osm_type":"way","building":"house","dispensing":null,"man_made":null,"start_date":null,"energy_class":null,"building:levels:underground":null,"building:flats":null,"outdoor_seating":null,"name:ru":null,"name:en":null,"healthcare":null,"contact:website":null,"contact:phone":null,"contact:email":null,"brand:wikidata":null,"brand":null,"operator":null,"smoking":null,"layer":null,"cuisine":null,"addr:street":"улица 8 Марта","office":null,"government":null,"leisure":null,"roof:levels":null,"height":null,"substation":null,"shop":null,"power":null,"pipeline":null,"opening_hours":null,"amenity":null,"addr:postcode":"309508","addr:country":null,"addr:city":"Старый Оскол","official_name":null,"name":null,"type":null,"building:levels":null,"addr:place":null,"addr:housenumber":"107"},"geometry":{"type":"MultiPolygon","coordinates":[[[[37.8738666,51.312826],[37.8738762,51.312741],[37.8737562,51.3127358],[37.8737466,51.3128208],[37.8738666,51.312826]]]]}},
{"type":"Feature","properties":{"full_id":"w82755204","osm_id":"82755204","osm_type":"way","building":"house","dispensing":null,"man_made":null,"start_date":null,"energy_class":null,"building:levels:underground":null,"building:flats":null,"outdoor_seating":null,"name:ru":null,"name:en":null,"healthcare":null,"contact:website":null,"contact:phone":null,"contact:email":null,"brand:wikidata":null,"brand":null,"operator":null,"smoking":null,"layer":null,"cuisine":null,"addr:street":"2-й Заводской переулок","office":null,"government":null,"leisure":null,"roof:levels":null,"height":null,"substation":null,"shop":null,"power":null,"pipeline":null,"opening_hours":null,"amenity":null,"addr:postcode":"309508","addr:country":null,"addr:city":"Старый Оскол","official_name":null,"name":null,"type":null,"building:levels":null,"addr:place":null,"addr:housenumber":"8"},"geometry":{"type":"MultiPolygon","coordinates":[[[[37.8738181,51.3136012],[37.8739184,51.3136095],[37.8739057,51.3136692],[37.8738054,51.3136609],[37.8738181,51.3136012]]]]}},
{"type":"Feature","properties":{"full_id":"w83866220","osm_id":"83866220","osm_type":"way","building":"house","dispensing":null,"man_made":null,"start_date":null,"energy_class":null,"building:levels:underground":null,"building:flats":null,"outdoor_seating":null,"name:ru":null,"name:en":null,"healthcare":null,"contact:website":null,"contact:phone":null,"contact:email":null,"brand:wikidata":null,"brand":null,"operator":null,"smoking":null,"layer":null,"cuisine":null,"addr:street":"улица Прядченко","office":null,"government":null,"leisure":null,"roof:levels":null,"height":null,"substation":null,"shop":null,"power":null,"pipeline":null,"opening_hours":null,"amenity":null,"addr:postcode":"309501","addr:country":null,"addr:city":"Старый Оскол","official_name":null,"name":null,"type":null,"building:levels":null,"addr:place":null,"addr:housenumber":"197/20"},"geometry":{"type":"MultiPolygon","coordinates":[[[[37.8781234,51.3062567],[37.8782199,51.3062579],[37.8782177,51.3063231],[37.8783103,51.3063243],[37.8783089,51.3063644],[37.8782461,51.3063636],[37.8782411,51.3065125],[37.8781206,51.306511],[37.8781243,51.3064002],[37.8781783,51.3064009],[37.8781796,51.3063617],[37.8781199,51.3063609],[37.8781234,51.3062567]]]]}},
{"type":"Feature","properties":{"full_id":"w83866221","osm_id":"83866221","osm_type":"way","building":"yes","dispensing":null,"man_made":null,"start_date":null,"energy_class":null,"building:levels:underground":null,"building:flats":null,"outdoor_seating":null,"name:ru":null,"name:en":null,"healthcare":null,"contact:website":null,"contact:phone":null,"contact:email":null,"brand:wikidata":null,"brand":null,"operator":null,"smoking":null,"layer":null,"cuisine":null,"addr:street":null,"office":null,"government":null,"leisure":null,"roof:levels":null,"height":null,"substation":null,"shop":null,"power":null,"pipeline":null,"opening_hours":null,"amenity":null,"addr:postcode":null,"addr:country":null,"addr:city":null,"official_name":null,"name":null,"type":null,"building:levels":null,"addr:place":null,"addr:housenumber":null},"geometry":{"type":"MultiPolygon","coordinates":[[[[37.8760919,51.306113],[37.8760902,51.306053],[37.8762202,51.3060526],[37.8762207,51.3061125],[37.8760919,51.306113]]]]}},
{"type":"Feature","properties":{"full_id":"w83866224","osm_id":"83866224","osm_type":"way","building":"house","dispensing":null,"man_made":null,"start_date":null,"energy_class":null,"building:levels:underground":null,"building:flats":null,"outdoor_seating":null,"name:ru":null,"name:en":null,"healthcare":null,"contact:website":null,"contact:phone":null,"contact:email":null,"brand:wikidata":null,"brand":null,"operator":null,"smoking":null,"layer":null,"cuisine":null,"addr:street":"Подлесная улица","office":null,"government":null,"leisure":null,"roof:levels":null,"height":null,"substation":null,"shop":null,"power":null,"pipeline":null,"opening_hours":null,"amenity":null,"addr:postcode":"309508","addr:country":null,"addr:city":"Старый Оскол","official_name":null,"name":null,"type":null,"building:levels":null,"addr:place":null,"addr:housenumber":"6"},"geometry":{"type":"MultiPolygon","coordinates":[[[[37.8811147,51.3060789],[37.8812857,51.3060786],[37.8812827,51.3059867],[37.8811245,51.3059887],[37.8811241,51.3059771],[37.8810338,51.3059783],[37.8810348,51.3060082],[37.8811118,51.3060072],[37.8811147,51.3060789]]]]}},
{"type":"Feature","properties":{"full_id":"w111785309","osm_id":"111785309","osm_type":"way","building":"apartments","dispensing":null,"man_made":null,"start_date":null,"energy_class":null,"building:levels:underground":null,"building:flats":null,"outdoor_seating":null,"name:ru":null,"name:en":null,"healthcare":null,"contact:website":null,"contact:phone":null,"contact:email":null,"brand:wikidata":null,"brand":null,"operator":null,"smoking":null,"layer":null,"cuisine":null,"addr:street":null,"office":null,"government":null,"leisure":null,"roof:levels":null,"height":null,"substation":null,"shop":null,"power":null,"pipeline":null,"opening_hours":null,"amenity":null,"addr:postcode":null,"addr:country":null,"addr:city":null,"official_name":null,"name":null,"type":null,"building:levels":"9","addr:place":"микрорайон Жукова","addr:housenumber":"25"},"geometry":{"type":"MultiPolygon","coordinates":[[[[37.8938292,51.309927],[37.8939384,51.3098288],[37.8950783,51.310324],[37.8949692,51.3104222],[37.8948393,51.3103658],[37.894537,51.3102345],[37.8942608,51.3101145],[37.8939963,51.3099996],[37.8938292,51.309927]]]]}},
{"type":"Feature","properties":{"full_id":"w116679913","osm_id":"116679913","osm_type":"way","building":"apartments","dispensing":null,"man_made":null,"start_date":null,"energy_class":null,"building:levels:underground":null,"building:flats":null,"outdoor_seating":null,"name:ru":null,"name:en":null,"healthcare":null,"contact:website":null,"contact:phone":null,"contact:email":null,"brand:wikidata":null,"brand":null,"operator":null,"smoking":null,"layer":null,"cuisine":null,"addr:street":null,"office":null,"government":null,"leisure":null,"roof:levels":null,"height":null,"substation":null,"shop":null,"power":null,"pipeline":null,"opening_hours":null,"amenity":null,"addr:postcode":"309502","addr:country":"RU","addr:city":"Старый Оскол","official_name":null,"name":null,"type":null,"building:levels":"9","addr:place":"Солнечный микрорайон","addr:housenumber":"1"},"geometry":{"type":"MultiPolygon","coordinates":[[[[37.8943323,51.3149806],[37.8944754,51.3150375],[37.8943719,51.3151277],[37.894312,51.3151799],[37.8943318,51.3152577],[37.8943851,51.3154675],[37.8944032,51.3155388],[37.8944978,51.3155784],[37.8947824,51.3156976],[37.894916,51.3157536],[37.8948118,51.3158403],[37.8945606,51.3157326],[37.8942526,51.3155987],[37.8941293,51.3151742],[37.8942478,51.3150585],[37.8943323,51.3149806]]]]}},
{"type":"Feature","properties":{"full_id":"w118684144","osm_id":"118684144","osm_type":"way","building":"yes","dispensing":null,"man_made":null,"start_date":null,"energy_class":null,"building:levels:underground":null,"building:flats":null,"outdoor_seating":null,"name:ru":null,"name:en":null,"healthcare":null,"contact:website":null,"contact:phone":null,"contact:email":null,"brand:wikidata":null,"brand":null,"operator":null,"smoking":null,"layer":null,"cuisine":null,"addr:street":null,"office":null,"government":null,"leisure":null,"roof:levels":null,"height":null,"substation":null,"shop":null,"power":null,"pipeline":null,"opening_hours":null,"amenity":"parking","addr:postcode":null,"addr:country":null,"addr:city":null,"official_name":null,"name":null,"type":null,"building:levels":null,"addr:place":null,"addr:housenumber":null},"geometry":{"type":"MultiPolygon","coordinates":[[[[37.8789514,51.312327],[37.8790668,51.3123767],[37.8794233,51.3120531],[37.8793303,51.3120131],[37.879308,51.3120035],[37.8789514,51.312327]]]]}},
{"type":"Feature","properties":{"full_id":"w118684946","osm_id":"118684946","osm_type":"way","building":"yes","dispensing":null,"man_made":null,"start_date":null,"energy_class":null,"building:levels:underground":null,"building:flats":null,"outdoor_seating":null,"name:ru":null,"name:en":null,"healthcare":null,"contact:website":null,"contact:phone":null,"contact:email":null,"brand:wikidata":null,"brand":null,"operator":null,"smoking":null,"layer":null,"cuisine":null,"addr:street":null,"office":null,"government":null,"leisure":null,"roof:levels":null,"height":null,"substation":null,"shop":null,"power":"substation","pipeline":null,"opening_hours":null,"amenity":null,"addr:postcode":null,"addr:country":null,"addr:city":null,"official_name":null,"name":"ТП","type":null,"building:levels":"1","addr:place":null,"addr:housenumber":null},"geometry":{"type":"MultiPolygon","coordinates":[[[[37.884791,51.3153042],[37.8848546,51.315332],[37.88491,51.3152824],[37.8848464,51.3152546],[37.884791,51.3153042]]]]}},
{"type":"Feature","properties":{"full_id":"w119427988","osm_id":"119427988","osm_type":"way","building":"yes","dispensing":null,"man_made":null,"start_date":null,"energy_class":null,"building:levels:underground":null,"building:flats":null,"outdoor_seating":null,"name:ru":null,"name:en":null,"healthcare":null,"contact:website":null,"contact:phone":null,"contact:email":null,"brand:wikidata":null,"brand":null,"operator":null,"smoking":null,"layer":null,"cuisine":null,"addr:street":null,"office":null,"government":null,"leisure":null,"roof:levels":null,"height":null,"substation":null,"shop":null,"power":null,"pipeline":null,"opening_hours":null,"amenity":null,"addr:postcode":"309511","addr:country":null,"addr:city":"Старый Оскол","official_name":null,"name":null,"type":null,"building:levels":"3","addr:place":"Олимпийский микрорайон","addr:housenumber":"13А"},"geometry":{"type":"MultiPolygon","coordinates":[[[[37.8964181,51.3096351],[37.8968148,51.3097917],[37.8967523,51.3098534],[37.8968193,51.3098799],[37.8967355,51.3099551],[37.8962705,51.3097683],[37.8964181,51.3096351]]]]}},
{"type":"Feature","properties":{"full_id":"w119427989","osm_id":"119427989","osm_type":"way","building":"yes","dispensing":null,"man_made":null,"start_date":null,"energy_class":null,"building:levels:underground":null,"building:flats":null,"outdoor_seating":null,"name:ru":null,"name:en":null,"healthcare":null,"contact:website":null,"contact:phone":null,"contact:email":null,"brand:wikidata":null,"brand":null,"operator":null,"smoking":null,"layer":null,"cuisine":null,"addr:street":null,"office":null,"government":null,"leisure":null,"roof:levels":null,"height":null,"substation":null,"shop":null,"power":null,"pipeline":null,"opening_hours":null,"amenity":null,"addr:postcode":"309511","addr:country":null,"addr:city":"Старый Оскол","official_name":null,"name":null,"type":null,"building:levels":"2","addr:place":"Олимпийский микрорайон","addr:housenumber":"13А"},"geometry":{"type":"MultiPolygon","coordinates":[[[[37.8962705,51.3097683],[37.896236,51.309799],[37.8963523,51.3098492],[37.8962909,51.3099048],[37.8951249,51.3094009],[37.8952496,51.3092881],[37.8953204,51.3093187],[37.895292,51.3093443],[37.8962705,51.3097683]]]]}},
{"type":"Feature","properties":{"full_id":"w119427990","osm_id":"119427990","osm_type":"way","building":"apartments","dispensing":null,"man_made":null,"start_date":null,"energy_class":null,"building:levels:underground":null,"building:flats":null,"outdoor_seating":null,"name:ru":null,"name:en":null,"healthcare":null,"contact:website":null,"contact:phone":null,"contact:email":null,"brand:wikidata":null,"brand":null,"operator":null,"smoking":null,"layer":null,"cuisine":null,"addr:street":null,"office":null,"government":null,"leisure":null,"roof:levels":null,"height":null,"substation":null,"shop":null,"power":null,"pipeline":null,"opening_hours":null,"amenity":null,"addr:postcode":null,"addr:country":null,"addr:city":null,"official_name":null,"name":null,"type":null,"building:levels":"9","addr:place":"микрорайон Жукова","addr:housenumber":"29Б"},"geometry":{"type":"MultiPolygon","coordinates":[[[[37.8904096,51.3149827],[37.8903376,51.3149513],[37.8899144,51.3147643],[37.8900193,51.3146717],[37.890157,51.3147327],[37.890363,51.3148239],[37.8903829,51.3148046],[37.8904107,51.3147777],[37.8905265,51.3148271],[37.8905661,51.3148441],[37.8905234,51.3148805],[37.8904096,51.3149827]]]]}},
{"type":"Feature","properties":{"full_id":"w119427992","osm_id":"119427992","osm_type":"way","building":"apartments","dispensing":null,"man_made":null,"start_date":null,"energy_class":null,"building:levels:underground":null,"building:flats":null,"outdoor_seating":null,"name:ru":null,"name:en":null,"healthcare":null,"contact:website":null,"contact:phone":null,"contact:email":null,"brand:wikidata":null,"brand":null,"operator":null,"smoking":null,"layer":null,"cuisine":null,"addr:street":null,"office":null,"government":null,"leisure":null,"roof:levels":null,"height":null,"substation":null,"shop":null,"power":null,"pipeline":null,"opening_hours":null,"amenity":null,"addr:postcode":"309511","addr:country":null,"addr:city":"Старый Оскол","official_name":null,"name":null,"type":null,"building:levels":"9","addr:place":"Олимпийский микрорайон","addr:housenumber":"30"},"geometry":{"type":"MultiPolygon","coordinates":[[[[37.9008527,51.3061233],[37.9007093,51.3060583],[37.9008096,51.3059741],[37.9009813,51.3058182],[37.9010633,51.3057449],[37.9010484,51.3056857],[37.9010001,51.3054879],[37.9009451,51.3052757],[37.9009214,51.3051948],[37.9008284,51.3051533],[37.9005522,51.3050334],[37.9004103,51.3049745],[37.9004589,51.3049263],[37.9005061,51.3048806],[37.9008649,51.3050394],[37.9009406,51.3050733],[37.9010769,51.3051366],[37.9011211,51.3053207],[37.9012427,51.3057358],[37.9012474,51.3057759],[37.9008527,51.3061233]]]]}},
{"type":"Feature","properties":{"full_id":"w119427993","osm_id":"119427993","osm_type":"way","building":"apartments","dispensing":null,"man_made":null,"start_date":null,"energy_class":null,"building:levels:underground":null,"building:flats":null,"outdoor_seating":null,"name:ru":null,"name:en":null,"healthcare":null,"contact:website":null,"contact:phone":null,"contact:email":null,"brand:wikidata":null,"brand":null,"operator":null,"smoking":null,"layer":null,"cuisine":null,"addr:street":null,"office":null,"government":null,"leisure":null,"roof:levels":null,"height":null,"substation":null,"shop":null,"power":null,"pipeline":null,"opening_hours":null,"amenity":null,"addr:postcode":null,"addr:country":null,"addr:city":null,"official_name":null,"name":null,"type":null,"building:levels":"9","addr:place":"микрорайон Жукова","addr:housenumber":"39"},"geometry":{"type":"MultiPolygon","coordinates":[[[[37.8844608,51.3111416],[37.8843097,51.3110759],[37.8843919,51.311002],[37.8845817,51.3108313],[37.8847783,51.3106546],[37.8849643,51.3104874],[37.8850829,51.3103807],[37.8852097,51.3104358],[37.885234,51.3104464],[37.8844608,51.3111416]]]]}},
{"type":"Feature","properties":{"full_id":"w119427994","osm_id":"119427994","osm_type":"way","building":"apartments","dispensing":null,"man_made":null,"start_date":null,"energy_class":null,"building:levels:underground":null,"building:flats":null,"outdoor_seating":null,"name:ru":null,"name:en":null,"healthcare":null,"contact:website":null,"contact:phone":null,"contact:email":null,"brand:wikidata":null,"brand":null,"operator":null,"smoking":null,"layer":null,"cuisine":null,"addr:street":null,"office":null,"government":null,"leisure":null,"roof:levels":null,"height":null,"substation":null,"shop":null,"power":null,"pipeline":null,"opening_hours":null,"amenity":null,"addr:postcode":null,"addr:country":null,"addr:city":null,"official_name":null,"name":null,"type":null,"building:levels":"9","addr:place":"микрорайон Жукова","addr:housenumber":"44"},"geometry":{"type":"MultiPolygon","coordinates":[[[[37.8824572,51.3113116],[37.8824303,51.3113],[37.8824039,51.3113238],[37.8824306,51.3113354],[37.8825724,51.3113976],[37.882523,51.3114416],[37.8825038,51.3114332],[37.8823569,51.3115643],[37.8825247,51.3116378],[37.882746,51.3114403],[37.8827646,51.3114485],[37.8827927,51.3114235],[37.8826295,51.311352],[37.8826845,51.311303],[37.8827022,51.3113108],[37.8828502,51.3111787],[37.8826863,51.311107],[37.8824907,51.3112814],[37.8824572,51.3113116]]]]}},
{"type":"Feature","properties":{"full_id":"w119427995","osm_id":"119427995","osm_type":"way","building":"apartments","dispensing":null,"man_made":null,"start_date":null,"energy_class":null,"building:levels:underground":null,"building:flats":null,"outdoor_seating":null,"name:ru":null,"name:en":null,"healthcare":null,"contact:website":null,"contact:phone":null,"contact:email":null,"brand:wikidata":null,"brand":null,"operator":null,"smoking":null,"layer":null,"cuisine":null,"addr:street":null,"office":null,"government":null,"leisure":null,"roof:levels":null,"height":null,"substation":null,"shop":null,"power":null,"pipeline":null,"opening_hours":null,"amenity":null,"addr:postcode":null,"addr:country":null,"addr:city":null,"official_name":null,"name":null,"type":null,"building:levels":"9","addr:place":"микрорайон Жукова","addr:housenumber":"46"},"geometry":{"type":"MultiPolygon","coordinates":[[[[37.8814242,51.3105309],[37.8814636,51.3104956],[37.8814848,51.3105049],[37.8816428,51.3103634],[37.8814731,51.3102893],[37.8812401,51.3104979],[37.8812226,51.3104902],[37.8812,51.3105104],[37.8812176,51.3105181],[37.8813694,51.3105843],[37.8813225,51.3106264],[37.8812983,51.3106158],[37.8811475,51.3107509],[37.8813126,51.3108229],[37.8814988,51.3106562],[37.8815487,51.3106128],[37.8815686,51.31062],[37.8815867,51.3106009],[37.8814242,51.3105309]]]]}},
{"type":"Feature","properties":{"full_id":"w166444505","osm_id":"166444505","osm_type":"way","building":"yes","dispensing":null,"man_made":null,"start_date":null,"energy_class":null,"building:levels:underground":null,"building:flats":null,"outdoor_seating":null,"name:ru":null,"name:en":null,"healthcare":null,"contact:website":null,"contact:phone":null,"contact:email":null,"brand:wikidata":null,"brand":null,"operator":null,"smoking":null,"layer":null,"cuisine":null,"addr:street":null,"office":null,"government":null,"leisure":null,"roof:levels":null,"height":null,"substation":null,"shop":null,"power":"substation","pipeline":null,"opening_hours":null,"amenity":null,"addr:postcode":null,"addr:country":null,"addr:city":null,"official_name":null,"name":"ТП-202н","type":null,"building:levels":"1","addr:place":null,"addr:housenumber":null},"geometry":{"type":"MultiPolygon","coordinates":[[[[37.8907418,51.3107527],[37.8908604,51.3107993],[37.890908,51.3107519],[37.8907893,51.3107054],[37.8907418,51.3107527]]]]}},
{"type":"Feature","properties":{"full_id":"w166698431","osm_id":"166698431","osm_type":"way","building":"yes","dispensing":null,"man_made":null,"start_date":null,"energy_class":null,"building:levels:underground":null,"building:flats":null,"outdoor_seating":null,"name:ru":null,"name:en":null,"healthcare":null,"contact:website":null,"contact:phone":null,"contact:email":null,"brand:wikidata":null,"brand":null,"operator":null,"smoking":null,"layer":null,"cuisine":null,"addr:street":null,"office":null,"government":null,"leisure":null,"roof:levels":null,"height":null,"substation":null,"shop":null,"power":null,"pipeline":null,"opening_hours":null,"amenity":null,"addr:postcode":null,"addr:country":null,"addr:city":null,"official_name":null,"name":null,"type":null,"building:levels":null,"addr:place":"микрорайон Конева","addr:housenumber":"19"},"geometry":{"type":"MultiPolygon","coordinates":[[[[37.8739648,51.3077585],[37.8740157,51.3077818],[37.8741342,51.3078361],[37.8741742,51.3078545],[37.874298,51.3077489],[37.8740886,51.3076529],[37.8739648,51.3077585]]]]}},
{"type":"Feature","properties":{"full_id":"w270891176","osm_id":"270891176","osm_type":"way","building":"yes","dispensing":null,"man_made":null,"start_date":null,"energy_class":null,"building:levels:underground":null,"building:flats":null,"outdoor_seating":null,"name:ru":null,"name:en":null,"healthcare":null,"contact:website":null,"contact:phone":null,"contact:email":null,"brand:wikidata":null,"brand":null,"operator":null,"smoking":null,"layer":null,"cuisine":null,"addr:street":null,"office":null,"government":null,"leisure":null,"roof:levels":null,"height":null,"substation":null,"shop":"car_parts","power":null,"pipeline":null,"opening_hours":null,"amenity":null,"addr:postcode":null,"addr:country":null,"addr:city":null,"official_name":null,"name":"Русский мастер","type":null,"building:levels":null,"addr:place":"микрорайон Ольминского","addr:housenumber":"2А"},"geometry":{"type":"MultiPolygon","coordinates":[[[[37.8782149,51.3116871],[37.8783181,51.3117339],[37.8784681,51.3116049],[37.8783648,51.3115579],[37.8782149,51.3116871]]]]}},
{"type":"Feature","properties":{"full_id":"w367963580","osm_id":"367963580","osm_type":"way","building":"yes","dispensing":null,"man_made":null,"start_date":null,"energy_class":null,"building:levels:underground":null,"building:flats":null,"outdoor_seating":null,"name:ru":null,"name:en":null,"healthcare":null,"contact:website":null,"contact:phone":null,"contact:email":null,"brand:wikidata":null,"brand":null,"operator":null,"smoking":null,"layer":null,"cuisine":null,"addr:street":null,"office":null,"government":null,"leisure":null,"roof:levels":null,"height":null,"substation":null,"shop":"doityourself","power":null,"pipeline":null,"opening_hours":null,"amenity":null,"addr:postcode":null,"addr:country":null,"addr:city":null,"official_name":null,"name":"Порядок","type":null,"building:levels":null,"addr:place":null,"addr:housenumber":null},"geometry":{"type":"MultiPolygon","coordinates":[[[[37.8747954,51.3083736],[37.8746755,51.3083442],[37.8746957,51.3081774],[37.8747587,51.3081757],[37.8748216,51.3077601],[37.8748727,51.3077373],[37.8751922,51.3077466],[37.8751044,51.3083167],[37.8747989,51.3083082],[37.8747954,51.3083736]]]]}},
{"type":"Feature","properties":{"full_id":"w367963581","osm_id":"367963581","osm_type":"way","building":"roof","dispensing":null,"man_made":null,"start_date":null,"energy_class":null,"building:levels:underground":null,"building:flats":null,"outdoor_seating":null,"name:ru":null,"name:en":null,"healthcare":null,"contact:website":null,"contact:phone":null,"contact:email":null,"brand:wikidata":null,"brand":null,"operator":null,"smoking":null,"layer":"1","cuisine":null,"addr:street":null,"office":null,"government":null,"leisure":null,"roof:levels":null,"height":null,"substation":null,"shop":null,"power":null,"pipeline":null,"opening_hours":null,"amenity":null,"addr:postcode":null,"addr:country":null,"addr:city":null,"official_name":null,"name":null,"type":null,"building:levels":null,"addr:place":null,"addr:housenumber":null},"geometry":{"type":"MultiPolygon","coordinates":[[[[37.8740157,51.3077818],[37.8738082,51.307967],[37.8737103,51.3080543],[37.8738307,51.308107],[37.8739273,51.3080208],[37.8741342,51.3078361],[37.8740157,51.3077818]]]]}},
{"type":"Feature","properties":{"full_id":"w438599684","osm_id":"438599684","osm_type":"way","building":"yes","dispensing":null,"man_made":null,"start_date":null,"energy_class":null,"building:levels:underground":null,"building:flats":null,"outdoor_seating":null,"name:ru":null,"name:en":null,"healthcare":null,"contact:website":null,"contact:phone":null,"contact:email":null,"brand:wikidata":null,"brand":null,"operator":null,"smoking":null,"layer":null,"cuisine":null,"addr:street":null,"office":null,"government":null,"leisure":null,"roof:levels":null,"height":null,"substation":null,"shop":null,"power":"substation","pipeline":null,"opening_hours":null,"amenity":null,"addr:postcode":null,"addr:country":null,"addr:city":null,"official_name":null,"name":"ТП-103н","type":null,"building:levels":"1","addr:place":null,"addr:housenumber":null},"geometry":{"type":"MultiPolygon","coordinates":[[[[37.8988786,51.3070765],[37.8988266,51.3071224],[37.8989507,51.3071773],[37.8990027,51.3071313],[37.8988786,51.3070765]]]]}},
{"type":"Feature","properties":{"full_id":"w444239962","osm_id":"444239962","osm_type":"way","building":"yes","dispensing":null,"man_made":null,"start_date":null,"energy_class":null,"building:levels:underground":null,"building:flats":null,"outdoor_seating":null,"name:ru":null,"name:en":null,"healthcare":null,"contact:website":null,"contact:phone":null,"contact:email":null,"brand:wikidata":null,"brand":null,"operator":null,"smoking":null,"layer":null,"cuisine":null,"addr:street":null,"office":null,"government":null,"leisure":null,"roof:levels":null,"height":null,"substation":null,"shop":null,"power":null,"pipeline":null,"opening_hours":null,"amenity":null,"addr:postcode":null,"addr:country":null,"addr:city":null,"official_name":null,"name":null,"type":null,"building:levels":null,"addr:place":null,"addr:housenumber":null},"geometry":{"type":"MultiPolygon","coordinates":[[[[37.8745075,51.3091027],[37.874784,51.3092194],[37.8748381,51.3091694],[37.8745616,51.3090526],[37.8745075,51.3091027]]]]}},
{"type":"Feature","properties":{"full_id":"w647126100","osm_id":"647126100","osm_type":"way","building":"yes","dispensing":null,"man_made":null,"start_date":null,"energy_class":null,"building:levels:underground":null,"building:flats":null,"outdoor_seating":null,"name:ru":null,"name:en":null,"healthcare":null,"contact:website":null,"contact:phone":null,"contact:email":null,"brand:wikidata":null,"brand":null,"operator":null,"smoking":null,"layer":null,"cuisine":null,"addr:street":"улица Ольминского","office":null,"government":null,"leisure":null,"roof:levels":null,"height":null,"substation":null,"shop":"mall","power":null,"pipeline":null,"opening_hours":null,"amenity":null,"addr:postcode":null,"addr:country":null,"addr:city":null,"official_name":null,"name":"ТРЦ Боше","type":null,"building:levels":null,"addr:place":null,"addr:housenumber":"17"},"geometry":{"type":"MultiPolygon","coordinates":[[[[37.8720628,51.3092741],[37.873025,51.3093474],[37.8729504,51.309839],[37.8741026,51.3099334],[37.8744251,51.3094497],[37.8742587,51.3093148],[37.874174,51.309222],[37.8740339,51.3091133],[37.8738843,51.3090451],[37.8736858,51.3089795],[37.8733948,51.3089252],[37.8731995,51.308881],[37.8730501,51.3088556],[37.8729193,51.3088159],[37.8727359,51.308738],[37.8725722,51.3086252],[37.8724721,51.3085756],[37.8723347,51.3085366],[37.8721398,51.3085124],[37.872047,51.3084231],[37.8719307,51.3083391],[37.8717196,51.3082161],[37.8714598,51.3080917],[37.871418,51.3080433],[37.871363,51.3079997],[37.8712691,51.307977],[37.8711565,51.3079812],[37.8710732,51.3080123],[37.8708501,51.3080117],[37.8707971,51.3080324],[37.8707542,51.3080827],[37.8707212,51.308353],[37.8706205,51.3089002],[37.8721009,51.309026],[37.8720628,51.3092741]]]]}},
{"type":"Feature","properties":{"full_id":"w684157086","osm_id":"684157086","osm_type":"way","building":"yes","dispensing":null,"man_made":null,"start_date":null,"energy_class":null,"building:levels:underground":null,"building:flats":null,"outdoor_seating":null,"name:ru":null,"name:en":null,"healthcare":null,"contact:website":null,"contact:phone":null,"contact:email":null,"brand:wikidata":null,"brand":null,"operator":"АО «Белгородэнергосбыт»","smoking":null,"layer":null,"cuisine":null,"addr:street":null,"office":null,"government":null,"leisure":null,"roof:levels":null,"height":null,"substation":null,"shop":null,"power":"substation","pipeline":null,"opening_hours":null,"amenity":null,"addr:postcode":null,"addr:country":null,"addr:city":null,"official_name":null,"name":"ТП-1208н","type":null,"building:levels":"1","addr:place":null,"addr:housenumber":null},"geometry":{"type":"MultiPolygon","coordinates":[[[[37.8985361,51.3135492],[37.8986107,51.3135811],[37.8986753,51.313522],[37.8986008,51.3134901],[37.8985361,51.3135492]]]]}},
{"type":"Feature","properties":{"full_id":"w684324673","osm_id":"684324673","osm_type":"way","building":"yes","dispensing":null,"man_made":null,"start_date":null,"energy_class":null,"building:levels:underground":null,"building:flats":null,"outdoor_seating":null,"name:ru":null,"name:en":null,"healthcare":null,"contact:website":null,"contact:phone":null,"contact:email":null,"brand:wikidata":null,"brand":null,"operator":null,"smoking":null,"layer":null,"cuisine":null,"addr:street":null,"office":null,"government":null,"leisure":null,"roof:levels":null,"height":null,"substation":null,"shop":"kiosk","power":null,"pipeline":null,"opening_hours":null,"amenity":null,"addr:postcode":null,"addr:country":null,"addr:city":null,"official_name":null,"name":null,"type":null,"building:levels":null,"addr:place":null,"addr:housenumber":null},"geometry":{"type":"MultiPolygon","coordinates":[[[[37.9027279,51.3145461],[37.9027725,51.3145661],[37.9028278,51.314515],[37.9027796,51.3144965],[37.9027279,51.3145461]]]]}},
{"type":"Feature","properties":{"full_id":"w684462966","osm_id":"684462966","osm_type":"way","building":"yes","dispensing":null,"man_made":null,"start_date":null,"energy_class":null,"building:levels:underground":null,"building:flats":null,"outdoor_seating":null,"name:ru":null,"name:en":null,"healthcare":null,"contact:website":null,"contact:phone":null,"contact:email":null,"brand:wikidata":null,"brand":null,"operator":null,"smoking":null,"layer":null,"cuisine":null,"addr:street":null,"office":null,"government":null,"leisure":null,"roof:levels":null,"height":null,"substation":null,"shop":"deli","power":null,"pipeline":null,"opening_hours":null,"amenity":null,"addr:postcode":null,"addr:country":null,"addr:city":null,"official_name":null,"name":"Мясник и пекарь","type":null,"building:levels":null,"addr:place":null,"addr:housenumber":null},"geometry":{"type":"MultiPolygon","coordinates":[[[[37.8987576,51.3109703],[37.8988399,51.3108929],[37.8986776,51.3108255],[37.8986522,51.3108494],[37.8985953,51.3109029],[37.8987576,51.3109703]]]]}},
{"type":"Feature","properties":{"full_id":"w684465382","osm_id":"684465382","osm_type":"way","building":"yes","dispensing":null,"man_made":null,"start_date":null,"energy_class":null,"building:levels:underground":null,"building:flats":null,"outdoor_seating":null,"name:ru":null,"name:en":null,"healthcare":null,"contact:website":null,"contact:phone":null,"contact:email":null,"brand:wikidata":null,"brand":null,"operator":null,"smoking":null,"layer":null,"cuisine":null,"addr:street":null,"office":null,"government":null,"leisure":null,"roof:levels":null,"height":null,"substation":null,"shop":null,"power":"substation","pipeline":null,"opening_hours":null,"amenity":null,"addr:postcode":null,"addr:country":null,"addr:city":null,"official_name":null,"name":"ТП-104н","type":null,"building:levels":"1","addr:place":null,"addr:housenumber":null},"geometry":{"type":"MultiPolygon","coordinates":[[[[37.8942577,51.3080635],[37.8943766,51.3081151],[37.8944268,51.30807],[37.8943079,51.3080183],[37.8942577,51.3080635]]]]}},
{"type":"Feature","properties":{"full_id":"w844051126","osm_id":"844051126","osm_type":"way","building":"yes","dispensing":null,"man_made":null,"start_date":null,"energy_class":null,"building:levels:underground":null,"building:flats":null,"outdoor_seating":null,"name:ru":null,"name:en":null,"healthcare":null,"contact:website":null,"contact:phone":null,"contact:email":null,"brand:wikidata":null,"brand":null,"operator":null,"smoking":null,"layer":null,"cuisine":null,"addr:street":null,"office":null,"government":null,"leisure":null,"roof:levels":null,"height":null,"substation":null,"shop":null,"power":null,"pipeline":null,"opening_hours":null,"amenity":null,"addr:postcode":null,"addr:country":null,"addr:city":null,"official_name":null,"name":null,"type":null,"building:levels":null,"addr:place":null,"addr:housenumber":null},"geometry":{"type":"MultiPolygon","coordinates":[[[[37.9011513,51.3062023],[37.9011965,51.3062237],[37.9011581,51.3062553],[37.901113,51.3062339],[37.9011513,51.3062023]]]]}},
{"type":"Feature","properties":{"full_id":"w844065844","osm_id":"844065844","osm_type":"way","building":"yes","dispensing":null,"man_made":null,"start_date":null,"energy_class":null,"building:levels:underground":null,"building:flats":null,"outdoor_seating":null,"name:ru":null,"name:en":null,"healthcare":null,"contact:website":null,"contact:phone":null,"contact:email":null,"brand:wikidata":null,"brand":null,"operator":null,"smoking":null,"layer":null,"cuisine":null,"addr:street":null,"office":null,"government":null,"leisure":null,"roof:levels":null,"height":null,"substation":null,"shop":"bakery","power":null,"pipeline":null,"opening_hours":null,"amenity":null,"addr:postcode":null,"addr:country":null,"addr:city":null,"official_name":null,"name":"Горхлеб","type":null,"building:levels":null,"addr:place":null,"addr:housenumber":null},"geometry":{"type":"MultiPolygon","coordinates":[[[[37.8912046,51.3077021],[37.8912735,51.3077343],[37.8913044,51.3077086],[37.8912355,51.3076763],[37.8912046,51.3077021]]]]}},
{"type":"Feature","properties":{"full_id":"w844081270","osm_id":"844081270","osm_type":"way","building":"yes","dispensing":null,"man_made":null,"start_date":null,"energy_class":null,"building:levels:underground":null,"building:flats":null,"outdoor_seating":null,"name:ru":null,"name:en":null,"healthcare":null,"contact:website":null,"contact:phone":null,"contact:email":null,"brand:wikidata":null,"brand":null,"operator":null,"smoking":null,"layer":null,"cuisine":null,"addr:street":null,"office":null,"government":null,"leisure":null,"roof:levels":null,"height":null,"substation":null,"shop":null,"power":null,"pipeline":null,"opening_hours":null,"amenity":null,"addr:postcode":null,"addr:country":null,"addr:city":null,"official_name":null,"name":null,"type":null,"building:levels":null,"addr:place":null,"addr:housenumber":null},"geometry":{"type":"MultiPolygon","coordinates":[[[[37.8971082,51.3100494],[37.8972006,51.3099628],[37.8969592,51.3098622],[37.8968668,51.3099488],[37.8971082,51.3100494]]]]}},
{"type":"Feature","properties":{"full_id":"w844091437","osm_id":"844091437","osm_type":"way","building":"yes","dispensing":null,"man_made":null,"start_date":null,"energy_class":null,"building:levels:underground":null,"building:flats":null,"outdoor_seating":null,"name:ru":null,"name:en":null,"healthcare":null,"contact:website":null,"contact:phone":null,"contact:email":null,"brand:wikidata":null,"brand":null,"operator":null,"smoking":null,"layer":null,"cuisine":null,"addr:street":null,"office":null,"government":null,"leisure":null,"roof:levels":null,"height":null,"substation":null,"shop":null,"power":null,"pipeline":null,"opening_hours":null,"amenity":null,"addr:postcode":null,"addr:country":null,"addr:city":null,"official_name":null,"name":null,"type":null,"building:levels":null,"addr:place":null,"addr:housenumber":null},"geometry":{"type":"MultiPolygon","coordinates":[[[[37.8982817,51.30722],[37.8983218,51.3071846],[37.8982481,51.3071519],[37.8982079,51.3071873],[37.8982817,51.30722]]]]}},
{"type":"Feature","properties":{"full_id":"w844091443","osm_id":"844091443","osm_type":"way","building":"yes","dispensing":null,"man_made":null,"start_date":null,"energy_class":null,"building:levels:underground":null,"building:flats":null,"outdoor_seating":null,"name:ru":null,"name:en":null,"healthcare":null,"contact:website":null,"contact:phone":null,"contact:email":null,"brand:wikidata":null,"brand":null,"operator":null,"smoking":null,"layer":null,"cuisine":null,"addr:street":null,"office":null,"government":null,"leisure":null,"roof:levels":null,"height":null,"substation":null,"shop":null,"power":null,"pipeline":null,"opening_hours":null,"amenity":null,"addr:postcode":null,"addr:country":null,"addr:city":null,"official_name":null,"name":null,"type":null,"building:levels":null,"addr:place":null,"addr:housenumber":null},"geometry":{"type":"MultiPolygon","coordinates":[[[[37.8973764,51.3070959],[37.8974132,51.3071121],[37.8974663,51.3070649],[37.8974295,51.3070487],[37.8973764,51.3070959]]]]}},
{"type":"Feature","properties":{"full_id":"w844091444","osm_id":"844091444","osm_type":"way","building":"yes","dispensing":null,"man_made":null,"start_date":null,"energy_class":null,"building:levels:underground":null,"building:flats":null,"outdoor_seating":null,"name:ru":null,"name:en":null,"healthcare":null,"contact:website":null,"contact:phone":null,"contact:email":null,"brand:wikidata":null,"brand":null,"operator":null,"smoking":null,"layer":null,"cuisine":null,"addr:street":null,"office":null,"government":null,"leisure":null,"roof:levels":null,"height":null,"substation":null,"shop":null,"power":null,"pipeline":null,"opening_hours":null,"amenity":null,"addr:postcode":null,"addr:country":null,"addr:city":null,"official_name":null,"name":null,"type":null,"building:levels":null,"addr:place":null,"addr:housenumber":null},"geometry":{"type":"MultiPolygon","coordinates":[[[[37.8971726,51.3069081],[37.8971032,51.3069697],[37.8971766,51.307002],[37.8972459,51.3069404],[37.8971726,51.3069081]]]]}},
{"type":"Feature","properties":{"full_id":"w844219132","osm_id":"844219132","osm_type":"way","building":"yes","dispensing":null,"man_made":null,"start_date":null,"energy_class":null,"building:levels:underground":null,"building:flats":null,"outdoor_seating":null,"name:ru":"Инвитро","name:en":"Invitro","healthcare":"laboratory","contact:website":"https://www.invitro.ru/","contact:phone":"+7 800 2003630","contact:email":"info@invitro.ru","brand:wikidata":"Q4200546","brand":"Инвитро","operator":null,"smoking":null,"layer":null,"cuisine":null,"addr:street":null,"office":null,"government":null,"leisure":null,"roof:levels":null,"height":null,"substation":null,"shop":null,"power":null,"pipeline":null,"opening_hours":"Mo-Fr 07:00-20:00; Sa-Su 07:00-15:00","amenity":"doctors","addr:postcode":null,"addr:country":null,"addr:city":null,"official_name":null,"name":"Инвитро","type":null,"building:levels":"1","addr:place":null,"addr:housenumber":null},"geometry":{"type":"MultiPolygon","coordinates":[[[[37.8969018,51.3079554],[37.8967856,51.3080588],[37.8970244,51.3081638],[37.8971407,51.3080605],[37.8969018,51.3079554]]]]}},
{"type":"Feature","properties":{"full_id":"w844594197","osm_id":"844594197","osm_type":"way","building":"yes","dispensing":null,"man_made":null,"start_date":null,"energy_class":null,"building:levels:underground":null,"building:flats":null,"outdoor_seating":null,"name:ru":null,"name:en":null,"healthcare":null,"contact:website":null,"contact:phone":null,"contact:email":null,"brand:wikidata":null,"brand":null,"operator":null,"smoking":null,"layer":null,"cuisine":null,"addr:street":null,"office":null,"government":null,"leisure":null,"roof:levels":null,"height":null,"substation":null,"shop":null,"power":null,"pipeline":null,"opening_hours":null,"amenity":null,"addr:postcode":null,"addr:country":null,"addr:city":null,"official_name":null,"name":null,"type":null,"building:levels":null,"addr:place":null,"addr:housenumber":null},"geometry":{"type":"MultiPolygon","coordinates":[[[[37.896726,51.3124093],[37.8967743,51.3123598],[37.8967249,51.312341],[37.8966766,51.3123905],[37.896726,51.3124093]]]]}},
{"type":"Feature","properties":{"full_id":"w844599562","osm_id":"844599562","osm_type":"way","building":"apartments","dispensing":null,"man_made":null,"start_date":null,"energy_class":null,"building:levels:underground":null,"building:flats":null,"outdoor_seating":null,"name:ru":null,"name:en":null,"healthcare":null,"contact:website":null,"contact:phone":null,"contact:email":null,"brand:wikidata":null,"brand":null,"operator":null,"smoking":null,"layer":null,"cuisine":null,"addr:street":null,"office":null,"government":null,"leisure":null,"roof:levels":null,"height":null,"substation":null,"shop":null,"power":null,"pipeline":null,"opening_hours":null,"amenity":null,"addr:postcode":"309502","addr:country":"RU","addr:city":"Старый Оскол","official_name":null,"name":null,"type":null,"building:levels":"9","addr:place":"Солнечный микрорайон","addr:housenumber":"4"},"geometry":{"type":"MultiPolygon","coordinates":[[[[37.8965677,51.3130129],[37.8966635,51.3129284],[37.8968565,51.3127582],[37.8970089,51.3126239],[37.8970205,51.3126136],[37.8972174,51.3126992],[37.8974897,51.3128177],[37.8976367,51.3128816],[37.8977374,51.3127926],[37.8969717,51.3124558],[37.8964135,51.3129483],[37.8965677,51.3130129]]]]}},
{"type":"Feature","properties":{"full_id":"w844711366","osm_id":"844711366","osm_type":"way","building":"yes","dispensing":null,"man_made":null,"start_date":null,"energy_class":null,"building:levels:underground":null,"building:flats":null,"outdoor_seating":null,"name:ru":null,"name:en":null,"healthcare":null,"contact:website":null,"contact:phone":null,"contact:email":null,"brand:wikidata":null,"brand":null,"operator":null,"smoking":null,"layer":null,"cuisine":null,"addr:street":null,"office":null,"government":null,"leisure":null,"roof:levels":null,"height":null,"substation":null,"shop":null,"power":null,"pipeline":null,"opening_hours":null,"amenity":null,"addr:postcode":null,"addr:country":null,"addr:city":null,"official_name":null,"name":null,"type":null,"building:levels":null,"addr:place":"микрорайон Королёва","addr:housenumber":"3"},"geometry":{"type":"MultiPolygon","coordinates":[[[[37.9020375,51.3113859],[37.9022115,51.3114612],[37.9023469,51.3113389],[37.9023359,51.3113341],[37.9021865,51.3112695],[37.9021729,51.3112636],[37.9020375,51.3113859]]]]}},
{"type":"Feature","properties":{"full_id":"w844711375","osm_id":"844711375","osm_type":"way","building":"yes","dispensing":null,"man_made":null,"start_date":null,"energy_class":null,"building:levels:underground":null,"building:flats":null,"outdoor_seating":null,"name:ru":null,"name:en":null,"healthcare":null,"contact:website":null,"contact:phone":null,"contact:email":null,"brand:wikidata":null,"brand":null,"operator":null,"smoking":null,"layer":null,"cuisine":null,"addr:street":null,"office":null,"government":null,"leisure":null,"roof:levels":null,"height":null,"substation":null,"shop":"butcher","power":null,"pipeline":null,"opening_hours":null,"amenity":null,"addr:postcode":null,"addr:country":null,"addr:city":null,"official_name":null,"name":"Мясо и Колбасы","type":null,"building:levels":null,"addr:place":null,"addr:housenumber":null},"geometry":{"type":"MultiPolygon","coordinates":[[[[37.9005314,51.3089086],[37.9004585,51.308879],[37.9004954,51.3088438],[37.9005682,51.3088735],[37.9005314,51.3089086]]]]}},
{"type":"Feature","properties":{"full_id":"w844711376","osm_id":"844711376","osm_type":"way","building":"yes","dispensing":null,"man_made":null,"start_date":null,"energy_class":null,"building:levels:underground":null,"building:flats":null,"outdoor_seating":null,"name:ru":null,"name:en":null,"healthcare":null,"contact:website":null,"contact:phone":null,"contact:email":null,"brand:wikidata":null,"brand":null,"operator":null,"smoking":null,"layer":null,"cuisine":null,"addr:street":null,"office":null,"government":null,"leisure":null,"roof:levels":null,"height":null,"substation":null,"shop":null,"power":null,"pipeline":null,"opening_hours":null,"amenity":"fast_food","addr:postcode":null,"addr:country":null,"addr:city":null,"official_name":null,"name":"Шашлычная","type":null,"building:levels":null,"addr:place":null,"addr:housenumber":null},"geometry":{"type":"MultiPolygon","coordinates":[[[[37.9006131,51.3087987],[37.9005671,51.30878],[37.900604,51.3087449],[37.9006498,51.3087636],[37.9006131,51.3087987]]]]}},
{"type":"Feature","properties":{"full_id":"w844711377","osm_id":"844711377","osm_type":"way","building":"yes","dispensing":null,"man_made":null,"start_date":null,"energy_class":null,"building:levels:underground":null,"building:flats":null,"outdoor_seating":null,"name:ru":null,"name:en":null,"healthcare":null,"contact:website":null,"contact:phone":null,"contact:email":null,"brand:wikidata":null,"brand":null,"operator":null,"smoking":null,"layer":null,"cuisine":null,"addr:street":null,"office":null,"government":null,"leisure":null,"roof:levels":null,"height":null,"substation":null,"shop":"tobacco","power":null,"pipeline":null,"opening_hours":null,"amenity":null,"addr:postcode":null,"addr:country":null,"addr:city":null,"official_name":null,"name":"Табак","type":null,"building:levels":null,"addr:place":null,"addr:housenumber":null},"geometry":{"type":"MultiPolygon","coordinates":[[[[37.9006522,51.3087504],[37.9006062,51.3087317],[37.9006496,51.3086904],[37.9006954,51.3087091],[37.9006522,51.3087504]]]]}},
{"type":"Feature","properties":{"full_id":"w844711410","osm_id":"844711410","osm_type":"way","building":"yes","dispensing":null,"man_made":null,"start_date":null,"energy_class":null,"building:levels:underground":null,"building:flats":null,"outdoor_seating":null,"name:ru":null,"name:en":null,"healthcare":null,"contact:website":null,"contact:phone":null,"contact:email":null,"brand:wikidata":null,"brand":null,"operator":null,"smoking":null,"layer":null,"cuisine":null,"addr:street":null,"office":null,"government":null,"leisure":null,"roof:levels":null,"height":null,"substation":null,"shop":null,"power":null,"pipeline":null,"opening_hours":null,"amenity":null,"addr:postcode":null,"addr:country":null,"addr:city":null,"official_name":null,"name":null,"type":null,"building:levels":"2","addr:place":null,"addr:housenumber":null},"geometry":{"type":"MultiPolygon","coordinates":[[[[37.9026765,51.3097687],[37.9026571,51.3096952],[37.9025342,51.3097079],[37.9024498,51.3096718],[37.9023946,51.3097223],[37.9022669,51.3097354],[37.9022889,51.3098189],[37.9022366,51.3098667],[37.9023097,51.309898],[37.9023318,51.3099815],[37.9024715,51.3099671],[37.9025464,51.3099991],[37.9025954,51.3099544],[37.9027221,51.3099413],[37.9027002,51.3098585],[37.9027596,51.3098043],[37.9026765,51.3097687]]]]}},
{"type":"Feature","properties":{"full_id":"w844856540","osm_id":"844856540","osm_type":"way","building":"retail","dispensing":null,"man_made":null,"start_date":null,"energy_class":null,"building:levels:underground":null,"building:flats":null,"outdoor_seating":null,"name:ru":null,"name:en":null,"healthcare":null,"contact:website":null,"contact:phone":null,"contact:email":null,"brand:wikidata":null,"brand":null,"operator":null,"smoking":null,"layer":null,"cuisine":null,"addr:street":null,"office":null,"government":null,"leisure":null,"roof:levels":null,"height":null,"substation":null,"shop":null,"power":null,"pipeline":null,"opening_hours":null,"amenity":null,"addr:postcode":null,"addr:country":null,"addr:city":"Старый Оскол","official_name":null,"name":null,"type":null,"building:levels":"1","addr:place":"Олимпийский микрорайон","addr:housenumber":"56 с1"},"geometry":{"type":"MultiPolygon","coordinates":[[[[37.8892116,51.3058804],[37.8893566,51.3059465],[37.8887638,51.306478],[37.8887853,51.3064856],[37.8886794,51.3065786],[37.8880624,51.3062994],[37.8871572,51.3059171],[37.8871103,51.305819],[37.8871548,51.3057755],[37.8886196,51.3064106],[37.8892116,51.3058804]]]]}},
{"type":"Feature","properties":{"full_id":"w845050984","osm_id":"845050984","osm_type":"way","building":"yes","dispensing":null,"man_made":null,"start_date":null,"energy_class":null,"building:levels:underground":null,"building:flats":null,"outdoor_seating":null,"name:ru":null,"name:en":null,"healthcare":null,"contact:website":null,"contact:phone":null,"contact:email":null,"brand:wikidata":null,"brand":null,"operator":null,"smoking":null,"layer":null,"cuisine":null,"addr:street":null,"office":null,"government":null,"leisure":null,"roof:levels":null,"height":null,"substation":null,"shop":null,"power":null,"pipeline":"substation","opening_hours":null,"amenity":null,"addr:postcode":null,"addr:country":null,"addr:city":null,"official_name":null,"name":"ЦТП","type":null,"building:levels":"1","addr:place":null,"addr:housenumber":null},"geometry":{"type":"MultiPolygon","coordinates":[[[[37.8919154,51.3114126],[37.8920658,51.3114752],[37.8921678,51.3113797],[37.8920174,51.311317],[37.8919154,51.3114126]]]]}},
{"type":"Feature","properties":{"full_id":"w845050994","osm_id":"845050994","osm_type":"way","building":"yes","dispensing":null,"man_made":null,"start_date":null,"energy_class":null,"building:levels:underground":null,"building:flats":null,"outdoor_seating":null,"name:ru":null,"name:en":null,"healthcare":null,"contact:website":null,"contact:phone":null,"contact:email":null,"brand:wikidata":null,"brand":null,"operator":null,"smoking":null,"layer":null,"cuisine":null,"addr:street":null,"office":null,"government":null,"leisure":null,"roof:levels":null,"height":null,"substation":null,"shop":null,"power":null,"pipeline":null,"opening_hours":null,"amenity":null,"addr:postcode":null,"addr:country":null,"addr:city":null,"official_name":null,"name":null,"type":null,"building:levels":null,"addr:place":null,"addr:housenumber":null},"geometry":{"type":"MultiPolygon","coordinates":[[[[37.8872982,51.3102487],[37.8873753,51.3102439],[37.887367,51.3101922],[37.88729,51.310197],[37.8872982,51.3102487]]]]}},
{"type":"Feature","properties":{"full_id":"w845050995","osm_id":"845050995","osm_type":"way","building":"yes","dispensing":null,"man_made":null,"start_date":null,"energy_class":null,"building:levels:underground":null,"building:flats":null,"outdoor_seating":"yes","name:ru":null,"name:en":null,"healthcare":null,"contact:website":null,"contact:phone":null,"contact:email":null,"brand:wikidata":null,"brand":null,"operator":null,"smoking":null,"layer":null,"cuisine":null,"addr:street":null,"office":null,"government":null,"leisure":null,"roof:levels":null,"height":null,"substation":null,"shop":null,"power":null,"pipeline":null,"opening_hours":null,"amenity":"fast_food","addr:postcode":null,"addr:country":null,"addr:city":null,"official_name":null,"name":"Мистер Бургер","type":null,"building:levels":null,"addr:place":null,"addr:housenumber":null},"geometry":{"type":"MultiPolygon","coordinates":[[[[37.8878181,51.3103527],[37.887874,51.3103015],[37.8876829,51.31022],[37.887627,51.3102712],[37.8878181,51.3103527]]]]}},
{"type":"Feature","properties":{"full_id":"w845060120","osm_id":"845060120","osm_type":"way","building":"yes","dispensing":null,"man_made":null,"start_date":null,"energy_class":null,"building:levels:underground":null,"building:flats":null,"outdoor_seating":null,"name:ru":null,"name:en":null,"healthcare":null,"contact:website":null,"contact:phone":null,"contact:email":null,"brand:wikidata":null,"brand":null,"operator":null,"smoking":null,"layer":null,"cuisine":null,"addr:street":null,"office":null,"government":null,"leisure":null,"roof:levels":null,"height":null,"substation":null,"shop":null,"power":null,"pipeline":null,"opening_hours":null,"amenity":null,"addr:postcode":null,"addr:country":null,"addr:city":null,"official_name":null,"name":null,"type":null,"building:levels":null,"addr:place":null,"addr:housenumber":null},"geometry":{"type":"MultiPolygon","coordinates":[[[[37.8916253,51.314884],[37.8915189,51.3149776],[37.891367,51.3149103],[37.8914745,51.3148171],[37.8916253,51.314884]]]]}},
{"type":"Feature","properties":{"full_id":"w845076151","osm_id":"845076151","osm_type":"way","building":"yes","dispensing":null,"man_made":null,"start_date":null,"energy_class":null,"building:levels:underground":null,"building:flats":null,"outdoor_seating":null,"name:ru":null,"name:en":null,"healthcare":null,"contact:website":null,"contact:phone":null,"contact:email":null,"brand:wikidata":null,"brand":null,"operator":null,"smoking":null,"layer":null,"cuisine":null,"addr:street":null,"office":null,"government":null,"leisure":null,"roof:levels":null,"height":null,"substation":null,"shop":null,"power":null,"pipeline":"substation","opening_hours":null,"amenity":null,"addr:postcode":null,"addr:country":null,"addr:city":null,"official_name":null,"name":"ЦТП 2-3","type":null,"building:levels":"1","addr:place":null,"addr:housenumber":null},"geometry":{"type":"MultiPolygon","coordinates":[[[[37.89416,51.3105109],[37.894305,51.3105758],[37.894411,51.3104833],[37.894266,51.3104184],[37.89416,51.3105109]]]]}},
{"type":"Feature","properties":{"full_id":"w845076152","osm_id":"845076152","osm_type":"way","building":"yes","dispensing":null,"man_made":null,"start_date":null,"energy_class":null,"building:levels:underground":null,"building:flats":null,"outdoor_seating":null,"name:ru":null,"name:en":null,"healthcare":null,"contact:website":null,"contact:phone":null,"contact:email":null,"brand:wikidata":null,"brand":null,"operator":null,"smoking":null,"layer":null,"cuisine":null,"addr:street":null,"office":null,"government":null,"leisure":null,"roof:levels":null,"height":null,"substation":null,"shop":null,"power":null,"pipeline":null,"opening_hours":null,"amenity":null,"addr:postcode":null,"addr:country":null,"addr:city":null,"official_name":null,"name":null,"type":null,"building:levels":null,"addr:place":"микрорайон Жукова","addr:housenumber":null},"geometry":{"type":"MultiPolygon","coordinates":[[[[37.8948075,51.3112186],[37.8948846,51.3112469],[37.8948508,51.3112828],[37.8947737,51.3112545],[37.8948075,51.3112186]]]]}},
{"type":"Feature","properties":{"full_id":"w845079679","osm_id":"845079679","osm_type":"way","building":"yes","dispensing":null,"man_made":null,"start_date":null,"energy_class":null,"building:levels:underground":null,"building:flats":null,"outdoor_seating":null,"name:ru":null,"name:en":null,"healthcare":null,"contact:website":null,"contact:phone":null,"contact:email":null,"brand:wikidata":null,"brand":null,"operator":null,"smoking":null,"layer":null,"cuisine":null,"addr:street":null,"office":null,"government":null,"leisure":null,"roof:levels":null,"height":null,"substation":null,"shop":null,"power":null,"pipeline":null,"opening_hours":null,"amenity":null,"addr:postcode":null,"addr:country":null,"addr:city":null,"official_name":null,"name":null,"type":null,"building:levels":null,"addr:place":null,"addr:housenumber":null},"geometry":{"type":"MultiPolygon","coordinates":[[[[37.8931937,51.3094161],[37.8932391,51.3093754],[37.8935154,51.309497],[37.8934711,51.3095406],[37.8931937,51.3094161]]]]}},
{"type":"Feature","properties":{"full_id":"w845100070","osm_id":"845100070","osm_type":"way","building":"apartments","dispensing":null,"man_made":null,"start_date":null,"energy_class":null,"building:levels:underground":null,"building:flats":null,"outdoor_seating":null,"name:ru":null,"name:en":null,"healthcare":null,"contact:website":null,"contact:phone":null,"contact:email":null,"brand:wikidata":null,"brand":null,"operator":null,"smoking":null,"layer":null,"cuisine":null,"addr:street":null,"office":null,"government":null,"leisure":null,"roof:levels":null,"height":null,"substation":null,"shop":null,"power":null,"pipeline":null,"opening_hours":null,"amenity":null,"addr:postcode":null,"addr:country":null,"addr:city":null,"official_name":null,"name":null,"type":null,"building:levels":"9","addr:place":"микрорайон Конева","addr:housenumber":"3"},"geometry":{"type":"MultiPolygon","coordinates":[[[[37.8825806,51.3068512],[37.8827271,51.3067187],[37.8828746,51.3065854],[37.8830541,51.306663],[37.8827602,51.3069296],[37.8825806,51.3068512]]]]}},
{"type":"Feature","properties":{"full_id":"w845119539","osm_id":"845119539","osm_type":"way","building":"yes","dispensing":null,"man_made":null,"start_date":null,"energy_class":null,"building:levels:underground":null,"building:flats":null,"outdoor_seating":null,"name:ru":null,"name:en":null,"healthcare":null,"contact:website":null,"contact:phone":null,"contact:email":null,"brand:wikidata":null,"brand":null,"operator":null,"smoking":null,"layer":null,"cuisine":null,"addr:street":null,"office":null,"government":null,"leisure":null,"roof:levels":null,"height":null,"substation":null,"shop":null,"power":null,"pipeline":null,"opening_hours":null,"amenity":null,"addr:postcode":null,"addr:country":null,"addr:city":null,"official_name":null,"name":null,"type":null,"building:levels":null,"addr:place":null,"addr:housenumber":null},"geometry":{"type":"MultiPolygon","coordinates":[[[[37.8831114,51.3119712],[37.8830684,51.3120085],[37.8831297,51.3120361],[37.8831727,51.3119989],[37.8831114,51.3119712]]]]}},
{"type":"Feature","properties":{"full_id":"w845119540","osm_id":"845119540","osm_type":"way","building":"yes","dispensing":null,"man_made":null,"start_date":null,"energy_class":null,"building:levels:underground":null,"building:flats":null,"outdoor_seating":null,"name:ru":null,"name:en":null,"healthcare":null,"contact:website":null,"contact:phone":null,"contact:email":null,"brand:wikidata":null,"brand":null,"operator":null,"smoking":null,"layer":null,"cuisine":null,"addr:street":null,"office":null,"government":null,"leisure":null,"roof:levels":null,"height":null,"substation":null,"shop":null,"power":null,"pipeline":null,"opening_hours":null,"amenity":null,"addr:postcode":null,"addr:country":null,"addr:city":null,"official_name":null,"name":null,"type":null,"building:levels":null,"addr:place":null,"addr:housenumber":null},"geometry":{"type":"MultiPolygon","coordinates":[[[[37.8827213,51.3117724],[37.8828184,51.3118194],[37.8829229,51.3117351],[37.8828258,51.3116881],[37.8827213,51.3117724]]]]}},
{"type":"Feature","properties":{"full_id":"w845393830","osm_id":"845393830","osm_type":"way","building":"yes","dispensing":null,"man_made":null,"start_date":null,"energy_class":null,"building:levels:underground":null,"building:flats":null,"outdoor_seating":null,"name:ru":null,"name:en":null,"healthcare":null,"contact:website":null,"contact:phone":null,"contact:email":null,"brand:wikidata":null,"brand":null,"operator":null,"smoking":null,"layer":null,"cuisine":null,"addr:street":null,"office":null,"government":null,"leisure":null,"roof:levels":null,"height":null,"substation":null,"shop":"farm","power":null,"pipeline":null,"opening_hours":null,"amenity":null,"addr:postcode":null,"addr:country":null,"addr:city":null,"official_name":null,"name":"Фрукт и Овощ","type":null,"building:levels":null,"addr:place":null,"addr:housenumber":null},"geometry":{"type":"MultiPolygon","coordinates":[[[[37.9005549,51.3088479],[37.9005089,51.3088292],[37.9005523,51.3087879],[37.9005981,51.3088066],[37.9005549,51.3088479]]]]}},
{"type":"Feature","properties":{"full_id":"w846557592","osm_id":"846557592","osm_type":"way","building":"yes","dispensing":null,"man_made":null,"start_date":null,"energy_class":null,"building:levels:underground":null,"building:flats":null,"outdoor_seating":null,"name:ru":null,"name:en":null,"healthcare":null,"contact:website":null,"contact:phone":null,"contact:email":null,"brand:wikidata":null,"brand":null,"operator":null,"smoking":null,"layer":null,"cuisine":null,"addr:street":null,"office":null,"government":null,"leisure":null,"roof:levels":null,"height":null,"substation":null,"shop":null,"power":null,"pipeline":null,"opening_hours":null,"amenity":null,"addr:postcode":null,"addr:country":null,"addr:city":null,"official_name":null,"name":null,"type":null,"building:levels":null,"addr:place":"микрорайон Макаренко","addr:housenumber":"4А с1"},"geometry":{"type":"MultiPolygon","coordinates":[[[[37.882538,51.3139653],[37.8825807,51.3139257],[37.8824021,51.3138506],[37.8823655,51.3138845],[37.882287,51.3138515],[37.8822955,51.3138436],[37.8822652,51.3138309],[37.8825054,51.3136049],[37.8826408,51.3136011],[37.8828476,51.3136914],[37.8828663,51.3136763],[37.8830151,51.3137341],[37.8826627,51.3140566],[37.88259,51.3140242],[37.8826162,51.3140016],[37.882538,51.3139653]]]]}},
{"type":"Feature","properties":{"full_id":"w846557604","osm_id":"846557604","osm_type":"way","building":"yes","dispensing":null,"man_made":null,"start_date":null,"energy_class":null,"building:levels:underground":null,"building:flats":null,"outdoor_seating":null,"name:ru":null,"name:en":null,"healthcare":null,"contact:website":null,"contact:phone":null,"contact:email":null,"brand:wikidata":null,"brand":null,"operator":null,"smoking":null,"layer":null,"cuisine":null,"addr:street":null,"office":null,"government":null,"leisure":null,"roof:levels":null,"height":null,"substation":null,"shop":null,"power":null,"pipeline":null,"opening_hours":null,"amenity":null,"addr:postcode":null,"addr:country":null,"addr:city":null,"official_name":null,"name":null,"type":null,"building:levels":null,"addr:place":null,"addr:housenumber":null},"geometry":{"type":"MultiPolygon","coordinates":[[[[37.8767146,51.3151287],[37.8768595,51.3151917],[37.8767371,51.3153017],[37.8765922,51.3152387],[37.876672,51.315167],[37.8767146,51.3151287]]]]}},
{"type":"Feature","properties":{"full_id":"w846569617","osm_id":"846569617","osm_type":"way","building":"yes","dispensing":null,"man_made":null,"start_date":null,"energy_class":null,"building:levels:underground":null,"building:flats":null,"outdoor_seating":null,"name:ru":null,"name:en":null,"healthcare":null,"contact:website":null,"contact:phone":null,"contact:email":null,"brand:wikidata":null,"brand":null,"operator":null,"smoking":null,"layer":null,"cuisine":null,"addr:street":null,"office":null,"government":null,"leisure":null,"roof:levels":null,"height":null,"substation":null,"shop":null,"power":null,"pipeline":null,"opening_hours":null,"amenity":null,"addr:postcode":null,"addr:country":null,"addr:city":null,"official_name":null,"name":null,"type":null,"building:levels":null,"addr:place":null,"addr:housenumber":null},"geometry":{"type":"MultiPolygon","coordinates":[[[[37.8786583,51.3138823],[37.8785523,51.3138387],[37.87848,51.3139047],[37.878587,51.3139492],[37.8786583,51.3138823]]]]}},
{"type":"Feature","properties":{"full_id":"w847185625","osm_id":"847185625","osm_type":"way","building":"apartments","dispensing":null,"man_made":null,"start_date":null,"energy_class":null,"building:levels:underground":null,"building:flats":null,"outdoor_seating":null,"name:ru":null,"name:en":null,"healthcare":null,"contact:website":null,"contact:phone":null,"contact:email":null,"brand:wikidata":null,"brand":null,"operator":null,"smoking":null,"layer":null,"cuisine":null,"addr:street":null,"office":null,"government":null,"leisure":null,"roof:levels":null,"height":null,"substation":null,"shop":null,"power":null,"pipeline":null,"opening_hours":null,"amenity":null,"addr:postcode":null,"addr:country":null,"addr:city":null,"official_name":null,"name":null,"type":null,"building:levels":"9","addr:place":"микрорайон Конева","addr:housenumber":"5"},"geometry":{"type":"MultiPolygon","coordinates":[[[[37.8795761,51.3102192],[37.8798597,51.3099679],[37.8796756,51.3098867],[37.8795277,51.3100178],[37.879392,51.3101381],[37.8795761,51.3102192]]]]}},
{"type":"Feature","properties":{"full_id":"w847185626","osm_id":"847185626","osm_type":"way","building":"apartments","dispensing":null,"man_made":null,"start_date":null,"energy_class":null,"building:levels:underground":null,"building:flats":null,"outdoor_seating":null,"name:ru":null,"name:en":null,"healthcare":null,"contact:website":null,"contact:phone":null,"contact:email":null,"brand:wikidata":null,"brand":null,"operator":null,"smoking":null,"layer":null,"cuisine":null,"addr:street":null,"office":null,"government":null,"leisure":null,"roof:levels":null,"height":null,"substation":null,"shop":null,"power":null,"pipeline":null,"opening_hours":null,"amenity":null,"addr:postcode":null,"addr:country":"RU","addr:city":null,"official_name":null,"name":null,"type":null,"building:levels":"9","addr:place":"микрорайон Конева","addr:housenumber":"6А"},"geometry":{"type":"MultiPolygon","coordinates":[[[[37.8775741,51.3093742],[37.8777959,51.3094676],[37.8781422,51.3096136],[37.8783783,51.309713],[37.8782593,51.3098272],[37.877448,51.3094886],[37.8775741,51.3093742]]]]}},
{"type":"Feature","properties":{"full_id":"w847185627","osm_id":"847185627","osm_type":"way","building":"apartments","dispensing":null,"man_made":null,"start_date":null,"energy_class":null,"building:levels:underground":null,"building:flats":null,"outdoor_seating":null,"name:ru":null,"name:en":null,"healthcare":null,"contact:website":null,"contact:phone":null,"contact:email":null,"brand:wikidata":null,"brand":null,"operator":null,"smoking":null,"layer":null,"cuisine":null,"addr:street":null,"office":null,"government":null,"leisure":null,"roof:levels":null,"height":null,"substation":null,"shop":null,"power":null,"pipeline":null,"opening_hours":null,"amenity":null,"addr:postcode":null,"addr:country":null,"addr:city":null,"official_name":null,"name":null,"type":null,"building:levels":"9","addr:place":"микрорайон Конева","addr:housenumber":"6"},"geometry":{"type":"MultiPolygon","coordinates":[[[[37.8785706,51.3098056],[37.8787644,51.3098894],[37.8791679,51.310064],[37.8793719,51.3101522],[37.8792475,51.3102646],[37.8784422,51.309918],[37.8785706,51.3098056]]]]}},
{"type":"Feature","properties":{"full_id":"w847185630","osm_id":"847185630","osm_type":"way","building":"yes","dispensing":null,"man_made":null,"start_date":null,"energy_class":null,"building:levels:underground":null,"building:flats":null,"outdoor_seating":null,"name:ru":null,"name:en":null,"healthcare":null,"contact:website":null,"contact:phone":null,"contact:email":null,"brand:wikidata":null,"brand":null,"operator":null,"smoking":null,"layer":null,"cuisine":null,"addr:street":null,"office":null,"government":null,"leisure":null,"roof:levels":null,"height":null,"substation":null,"shop":null,"power":null,"pipeline":null,"opening_hours":null,"amenity":null,"addr:postcode":null,"addr:country":null,"addr:city":null,"official_name":null,"name":null,"type":null,"building:levels":null,"addr:place":null,"addr:housenumber":null},"geometry":{"type":"MultiPolygon","coordinates":[[[[37.8796309,51.3076836],[37.8796256,51.307811],[37.8794338,51.3077574],[37.8794593,51.3076853],[37.8796309,51.3076836]]]]}},
{"type":"Feature","properties":{"full_id":"w847185631","osm_id":"847185631","osm_type":"way","building":"yes","dispensing":null,"man_made":null,"start_date":null,"energy_class":null,"building:levels:underground":null,"building:flats":null,"outdoor_seating":null,"name:ru":null,"name:en":null,"healthcare":null,"contact:website":null,"contact:phone":null,"contact:email":null,"brand:wikidata":null,"brand":null,"operator":null,"smoking":null,"layer":null,"cuisine":null,"addr:street":null,"office":null,"government":null,"leisure":null,"roof:levels":null,"height":null,"substation":null,"shop":null,"power":null,"pipeline":null,"opening_hours":null,"amenity":null,"addr:postcode":null,"addr:country":null,"addr:city":null,"official_name":null,"name":null,"type":null,"building:levels":null,"addr:place":"микрорайон Конева","addr:housenumber":null},"geometry":{"type":"MultiPolygon","coordinates":[[[[37.8796901,51.3076819],[37.880129,51.3076849],[37.880127,51.3077992],[37.8796881,51.3077962],[37.8796901,51.3076819]]]]}},
{"type":"Feature","properties":{"full_id":"w847185635","osm_id":"847185635","osm_type":"way","building":"retail","dispensing":null,"man_made":null,"start_date":null,"energy_class":null,"building:levels:underground":null,"building:flats":null,"outdoor_seating":null,"name:ru":null,"name:en":null,"healthcare":null,"contact:website":null,"contact:phone":null,"contact:email":null,"brand:wikidata":null,"brand":null,"operator":null,"smoking":null,"layer":null,"cuisine":null,"addr:street":null,"office":null,"government":null,"leisure":null,"roof:levels":null,"height":null,"substation":null,"shop":null,"power":null,"pipeline":null,"opening_hours":null,"amenity":null,"addr:postcode":null,"addr:country":null,"addr:city":"Старый Оскол","official_name":null,"name":null,"type":null,"building:levels":"1","addr:place":"микрорайон Ольминского","addr:housenumber":"12А"},"geometry":{"type":"MultiPolygon","coordinates":[[[[37.8770111,51.3117344],[37.8771186,51.3117798],[37.8772189,51.3116871],[37.8771114,51.3116417],[37.8770111,51.3117344]]]]}},
{"type":"Feature","properties":{"full_id":"w847195623","osm_id":"847195623","osm_type":"way","building":"yes","dispensing":null,"man_made":null,"start_date":null,"energy_class":null,"building:levels:underground":null,"building:flats":null,"outdoor_seating":null,"name:ru":null,"name:en":null,"healthcare":null,"contact:website":null,"contact:phone":null,"contact:email":null,"brand:wikidata":null,"brand":null,"operator":null,"smoking":null,"layer":null,"cuisine":null,"addr:street":null,"office":null,"government":null,"leisure":null,"roof:levels":null,"height":null,"substation":null,"shop":null,"power":null,"pipeline":null,"opening_hours":null,"amenity":"fast_food","addr:postcode":null,"addr:country":null,"addr:city":null,"official_name":null,"name":"Мистер Бургер","type":null,"building:levels":null,"addr:place":null,"addr:housenumber":null},"geometry":{"type":"MultiPolygon","coordinates":[[[[37.8752482,51.3087827],[37.8753484,51.3087888],[37.8753672,51.3086672],[37.875267,51.3086611],[37.8752482,51.3087827]]]]}},
{"type":"Feature","properties":{"full_id":"w847195635","osm_id":"847195635","osm_type":"way","building":"yes","dispensing":null,"man_made":null,"start_date":null,"energy_class":null,"building:levels:underground":null,"building:flats":null,"outdoor_seating":null,"name:ru":null,"name:en":null,"healthcare":null,"contact:website":null,"contact:phone":null,"contact:email":null,"brand:wikidata":null,"brand":null,"operator":null,"smoking":null,"layer":null,"cuisine":null,"addr:street":null,"office":null,"government":null,"leisure":null,"roof:levels":null,"height":null,"substation":null,"shop":"optician","power":null,"pipeline":null,"opening_hours":null,"amenity":null,"addr:postcode":"309516","addr:country":null,"addr:city":"Старый Оскол","official_name":null,"name":"Центральная оптика","type":null,"building:levels":null,"addr:place":"микрорайон Ольминского","addr:housenumber":"7В"},"geometry":{"type":"MultiPolygon","coordinates":[[[[37.8752039,51.3095431],[37.875105,51.3096368],[37.8752432,51.3096938],[37.8753421,51.3096001],[37.8752039,51.3095431]]]]}},
{"type":"Feature","properties":{"full_id":"w861011456","osm_id":"861011456","osm_type":"way","building":"yes","dispensing":null,"man_made":null,"start_date":null,"energy_class":null,"building:levels:underground":null,"building:flats":null,"outdoor_seating":null,"name:ru":null,"name:en":null,"healthcare":null,"contact:website":null,"contact:phone":null,"contact:email":null,"brand:wikidata":null,"brand":null,"operator":null,"smoking":null,"layer":null,"cuisine":null,"addr:street":null,"office":null,"government":null,"leisure":null,"roof:levels":null,"height":null,"substation":null,"shop":null,"power":null,"pipeline":null,"opening_hours":null,"amenity":null,"addr:postcode":null,"addr:country":null,"addr:city":null,"official_name":null,"name":null,"type":null,"building:levels":null,"addr:place":null,"addr:housenumber":null},"geometry":{"type":"MultiPolygon","coordinates":[[[[37.8763337,51.3110357],[37.8759992,51.3108855],[37.8760582,51.3108341],[37.8759837,51.3108007],[37.875858,51.31091],[37.8762671,51.3110937],[37.8763337,51.3110357]]]]}},
{"type":"Feature","properties":{"full_id":"w861011460","osm_id":"861011460","osm_type":"way","building":"yes","dispensing":null,"man_made":null,"start_date":null,"energy_class":null,"building:levels:underground":null,"building:flats":null,"outdoor_seating":null,"name:ru":null,"name:en":null,"healthcare":null,"contact:website":null,"contact:phone":null,"contact:email":null,"brand:wikidata":null,"brand":null,"operator":null,"smoking":null,"layer":null,"cuisine":null,"addr:street":null,"office":null,"government":null,"leisure":null,"roof:levels":null,"height":null,"substation":null,"shop":null,"power":null,"pipeline":null,"opening_hours":null,"amenity":null,"addr:postcode":null,"addr:country":null,"addr:city":null,"official_name":null,"name":null,"type":null,"building:levels":null,"addr:place":null,"addr:housenumber":null},"geometry":{"type":"MultiPolygon","coordinates":[[[[37.8757846,51.3071831],[37.8757284,51.3075181],[37.8758804,51.3075281],[37.8759367,51.3071931],[37.8757846,51.3071831]]]]}},
{"type":"Feature","properties":{"full_id":"w981250683","osm_id":"981250683","osm_type":"way","building":"apartments","dispensing":null,"man_made":null,"start_date":null,"energy_class":null,"building:levels:underground":null,"building:flats":null,"outdoor_seating":null,"name:ru":null,"name:en":null,"healthcare":null,"contact:website":null,"contact:phone":null,"contact:email":null,"brand:wikidata":null,"brand":null,"operator":null,"smoking":null,"layer":null,"cuisine":null,"addr:street":null,"office":null,"government":null,"leisure":null,"roof:levels":null,"height":null,"substation":null,"shop":null,"power":null,"pipeline":null,"opening_hours":null,"amenity":null,"addr:postcode":"309502","addr:country":"RU","addr:city":"Старый Оскол","official_name":null,"name":null,"type":null,"building:levels":"9","addr:place":"Солнечный микрорайон","addr:housenumber":"6"},"geometry":{"type":"MultiPolygon","coordinates":[[[[37.9004891,51.3124155],[37.9005503,51.3123617],[37.9006109,51.3123887],[37.9015448,51.3128042],[37.9012045,51.3131031],[37.9010522,51.3130353],[37.9011354,51.3129622],[37.901296,51.3128212],[37.9012783,51.3128133],[37.9010809,51.3127255],[37.9008013,51.3126011],[37.9006041,51.3125134],[37.9005883,51.3125272],[37.9004386,51.3126587],[37.9003572,51.3127302],[37.9002848,51.3126979],[37.9002069,51.3126633],[37.9004891,51.3124155]]]]}},
{"type":"Feature","properties":{"full_id":"w987717287","osm_id":"987717287","osm_type":"way","building":"yes","dispensing":null,"man_made":null,"start_date":null,"energy_class":null,"building:levels:underground":null,"building:flats":null,"outdoor_seating":null,"name:ru":null,"name:en":null,"healthcare":null,"contact:website":null,"contact:phone":null,"contact:email":null,"brand:wikidata":null,"brand":null,"operator":null,"smoking":null,"layer":null,"cuisine":null,"addr:street":null,"office":null,"government":null,"leisure":null,"roof:levels":null,"height":null,"substation":null,"shop":null,"power":"substation","pipeline":null,"opening_hours":null,"amenity":null,"addr:postcode":null,"addr:country":null,"addr:city":null,"official_name":null,"name":"ЗТП-815н","type":null,"building:levels":"1","addr:place":"микрорайон Конева","addr:housenumber":null},"geometry":{"type":"MultiPolygon","coordinates":[[[[37.8806815,51.3088302],[37.8807996,51.3088819],[37.8807423,51.308933],[37.8806242,51.3088813],[37.8806815,51.3088302]]]]}},
{"type":"Feature","properties":{"full_id":"w988721039","osm_id":"988721039","osm_type":"way","building":"yes","dispensing":null,"man_made":null,"start_date":null,"energy_class":null,"building:levels:underground":null,"building:flats":null,"outdoor_seating":null,"name:ru":null,"name:en":null,"healthcare":null,"contact:website":null,"contact:phone":null,"contact:email":null,"brand:wikidata":null,"brand":null,"operator":null,"smoking":null,"layer":null,"cuisine":null,"addr:street":null,"office":null,"government":null,"leisure":null,"roof:levels":null,"height":null,"substation":null,"shop":null,"power":null,"pipeline":null,"opening_hours":null,"amenity":null,"addr:postcode":null,"addr:country":null,"addr:city":null,"official_name":null,"name":null,"type":null,"building:levels":null,"addr:place":null,"addr:housenumber":null},"geometry":{"type":"MultiPolygon","coordinates":[[[[37.898798,51.3059976],[37.8987062,51.3059623],[37.8986706,51.3059984],[37.8987624,51.3060338],[37.898798,51.3059976]]]]}},
{"type":"Feature","properties":{"full_id":"w988721040","osm_id":"988721040","osm_type":"way","building":"yes","dispensing":null,"man_made":null,"start_date":null,"energy_class":null,"building:levels:underground":null,"building:flats":null,"outdoor_seating":null,"name:ru":null,"name:en":null,"healthcare":null,"contact:website":null,"contact:phone":null,"contact:email":null,"brand:wikidata":null,"brand":null,"operator":null,"smoking":null,"layer":null,"cuisine":null,"addr:street":null,"office":null,"government":null,"leisure":null,"roof:levels":null,"height":null,"substation":null,"shop":null,"power":null,"pipeline":null,"opening_hours":null,"amenity":null,"addr:postcode":null,"addr:country":null,"addr:city":null,"official_name":null,"name":null,"type":null,"building:levels":null,"addr:place":null,"addr:housenumber":null},"geometry":{"type":"MultiPolygon","coordinates":[[[[37.8989039,51.3060529],[37.8988139,51.3060183],[37.8987806,51.3060521],[37.8988706,51.3060868],[37.8989039,51.3060529]]]]}},
{"type":"Feature","properties":{"full_id":"w988721041","osm_id":"988721041","osm_type":"way","building":"yes","dispensing":null,"man_made":null,"start_date":null,"energy_class":null,"building:levels:underground":null,"building:flats":null,"outdoor_seating":null,"name:ru":null,"name:en":null,"healthcare":null,"contact:website":null,"contact:phone":null,"contact:email":null,"brand:wikidata":null,"brand":null,"operator":null,"smoking":null,"layer":null,"cuisine":null,"addr:street":null,"office":null,"government":null,"leisure":null,"roof:levels":null,"height":null,"substation":null,"shop":null,"power":null,"pipeline":null,"opening_hours":null,"amenity":null,"addr:postcode":null,"addr:country":null,"addr:city":null,"official_name":null,"name":null,"type":null,"building:levels":null,"addr:place":null,"addr:housenumber":null},"geometry":{"type":"MultiPolygon","coordinates":[[[[37.8997985,51.3061519],[37.8997207,51.3061219],[37.8996268,51.3062173],[37.8997046,51.3062472],[37.8997985,51.3061519]]]]}},
{"type":"Feature","properties":{"full_id":"w988721042","osm_id":"988721042","osm_type":"way","building":"yes","dispensing":null,"man_made":null,"start_date":null,"energy_class":null,"building:levels:underground":null,"building:flats":null,"outdoor_seating":null,"name:ru":null,"name:en":null,"healthcare":null,"contact:website":null,"contact:phone":null,"contact:email":null,"brand:wikidata":null,"brand":null,"operator":null,"smoking":null,"layer":null,"cuisine":null,"addr:street":null,"office":null,"government":null,"leisure":null,"roof:levels":null,"height":null,"substation":null,"shop":null,"power":null,"pipeline":null,"opening_hours":null,"amenity":null,"addr:postcode":null,"addr:country":null,"addr:city":null,"official_name":null,"name":null,"type":null,"building:levels":null,"addr:place":null,"addr:housenumber":null},"geometry":{"type":"MultiPolygon","coordinates":[[[[37.8993733,51.3059859],[37.8992908,51.3059541],[37.8992191,51.306027],[37.8993016,51.3060587],[37.8993733,51.3059859]]]]}},
{"type":"Feature","properties":{"full_id":"w988721043","osm_id":"988721043","osm_type":"way","building":"yes","dispensing":null,"man_made":null,"start_date":null,"energy_class":null,"building:levels:underground":null,"building:flats":null,"outdoor_seating":null,"name:ru":null,"name:en":null,"healthcare":null,"contact:website":null,"contact:phone":null,"contact:email":null,"brand:wikidata":null,"brand":null,"operator":null,"smoking":null,"layer":null,"cuisine":null,"addr:street":null,"office":null,"government":null,"leisure":null,"roof:levels":null,"height":null,"substation":null,"shop":null,"power":null,"pipeline":null,"opening_hours":null,"amenity":null,"addr:postcode":null,"addr:country":null,"addr:city":null,"official_name":null,"name":null,"type":null,"building:levels":null,"addr:place":null,"addr:housenumber":null},"geometry":{"type":"MultiPolygon","coordinates":[[[[37.8992191,51.3061175],[37.8991372,51.306086],[37.8990649,51.3061594],[37.8991468,51.3061909],[37.8992191,51.3061175]]]]}},
{"type":"Feature","properties":{"full_id":"w988721044","osm_id":"988721044","osm_type":"way","building":"yes","dispensing":null,"man_made":null,"start_date":null,"energy_class":null,"building:levels:underground":null,"building:flats":null,"outdoor_seating":null,"name:ru":null,"name:en":null,"healthcare":null,"contact:website":null,"contact:phone":null,"contact:email":null,"brand:wikidata":null,"brand":null,"operator":null,"smoking":null,"layer":null,"cuisine":null,"addr:street":null,"office":null,"government":null,"leisure":null,"roof:levels":null,"height":null,"substation":null,"shop":null,"power":null,"pipeline":null,"opening_hours":null,"amenity":null,"addr:postcode":null,"addr:country":null,"addr:city":null,"official_name":null,"name":null,"type":null,"building:levels":null,"addr:place":null,"addr:housenumber":null},"geometry":{"type":"MultiPolygon","coordinates":[[[[37.8996496,51.3062801],[37.8995704,51.3062497],[37.8994793,51.3063422],[37.8995585,51.3063727],[37.8996496,51.3062801]]]]}},
{"type":"Feature","properties":{"full_id":"w988721045","osm_id":"988721045","osm_type":"way","building":"yes","dispensing":null,"man_made":null,"start_date":null,"energy_class":null,"building:levels:underground":null,"building:flats":null,"outdoor_seating":null,"name:ru":null,"name:en":null,"healthcare":null,"contact:website":null,"contact:phone":null,"contact:email":null,"brand:wikidata":null,"brand":null,"operator":null,"smoking":null,"layer":null,"cuisine":null,"addr:street":null,"office":null,"government":null,"leisure":null,"roof:levels":null,"height":null,"substation":null,"shop":null,"power":null,"pipeline":null,"opening_hours":null,"amenity":null,"addr:postcode":null,"addr:country":null,"addr:city":null,"official_name":null,"name":null,"type":null,"building:levels":null,"addr:place":null,"addr:housenumber":null},"geometry":{"type":"MultiPolygon","coordinates":[[[[37.8999862,51.3063808],[37.8999007,51.3063479],[37.8998213,51.3064285],[37.8999067,51.3064614],[37.8999862,51.3063808]]]]}},
{"type":"Feature","properties":{"full_id":"w988721046","osm_id":"988721046","osm_type":"way","building":"yes","dispensing":null,"man_made":null,"start_date":null,"energy_class":null,"building:levels:underground":null,"building:flats":null,"outdoor_seating":null,"name:ru":null,"name:en":null,"healthcare":null,"contact:website":null,"contact:phone":null,"contact:email":null,"brand:wikidata":null,"brand":null,"operator":null,"smoking":null,"layer":null,"cuisine":null,"addr:street":null,"office":null,"government":null,"leisure":null,"roof:levels":null,"height":null,"substation":null,"shop":null,"power":null,"pipeline":null,"opening_hours":null,"amenity":null,"addr:postcode":null,"addr:country":null,"addr:city":null,"official_name":null,"name":null,"type":null,"building:levels":null,"addr:place":null,"addr:housenumber":null},"geometry":{"type":"MultiPolygon","coordinates":[[[[37.9002933,51.3061368],[37.9002106,51.3061049],[37.9001619,51.3061544],[37.9002446,51.3061862],[37.9002933,51.3061368]]]]}},
{"type":"Feature","properties":{"full_id":"w991559071","osm_id":"991559071","osm_type":"way","building":"yes","dispensing":null,"man_made":null,"start_date":null,"energy_class":null,"building:levels:underground":null,"building:flats":null,"outdoor_seating":null,"name:ru":null,"name:en":null,"healthcare":null,"contact:website":null,"contact:phone":null,"contact:email":null,"brand:wikidata":null,"brand":null,"operator":null,"smoking":null,"layer":null,"cuisine":null,"addr:street":null,"office":null,"government":null,"leisure":null,"roof:levels":null,"height":null,"substation":null,"shop":"convenience","power":null,"pipeline":null,"opening_hours":null,"amenity":null,"addr:postcode":null,"addr:country":null,"addr:city":null,"official_name":null,"name":"Айсберг","type":null,"building:levels":null,"addr:place":null,"addr:housenumber":null},"geometry":{"type":"MultiPolygon","coordinates":[[[[37.8972916,51.3119902],[37.8972432,51.3120376],[37.8972958,51.3120586],[37.8973443,51.3120112],[37.8972916,51.3119902]]]]}},
{"type":"Feature","properties":{"full_id":"w1012749526","osm_id":"1012749526","osm_type":"way","building":"apartments","dispensing":null,"man_made":null,"start_date":null,"energy_class":null,"building:levels:underground":null,"building:flats":null,"outdoor_seating":null,"name:ru":null,"name:en":null,"healthcare":null,"contact:website":null,"contact:phone":null,"contact:email":null,"brand:wikidata":null,"brand":null,"operator":null,"smoking":null,"layer":null,"cuisine":null,"addr:street":null,"office":null,"government":null,"leisure":null,"roof:levels":null,"height":null,"substation":null,"shop":null,"power":null,"pipeline":null,"opening_hours":null,"amenity":null,"addr:postcode":null,"addr:country":null,"addr:city":null,"official_name":null,"name":null,"type":null,"building:levels":"9","addr:place":"микрорайон Конева","addr:housenumber":"13"},"geometry":{"type":"MultiPolygon","coordinates":[[[[37.8839599,51.3064004],[37.883983,51.3064104],[37.8841933,51.3065009],[37.8835014,51.3071292],[37.8832785,51.3070333],[37.883379,51.306942],[37.883455,51.3069748],[37.8834724,51.306959],[37.8835841,51.3068576],[37.8837743,51.3066848],[37.8839455,51.3065294],[37.8839038,51.3065115],[37.8837212,51.3064329],[37.8835159,51.3063445],[37.8835022,51.3063569],[37.883466,51.3063899],[37.8833175,51.306326],[37.8834684,51.3061889],[37.8839599,51.3064004]]]]}},
{"type":"Feature","properties":{"full_id":"w1035575645","osm_id":"1035575645","osm_type":"way","building":"yes","dispensing":null,"man_made":null,"start_date":null,"energy_class":null,"building:levels:underground":null,"building:flats":null,"outdoor_seating":null,"name:ru":null,"name:en":null,"healthcare":null,"contact:website":null,"contact:phone":null,"contact:email":null,"brand:wikidata":null,"brand":null,"operator":null,"smoking":null,"layer":null,"cuisine":null,"addr:street":null,"office":null,"government":null,"leisure":null,"roof:levels":null,"height":null,"substation":null,"shop":null,"power":null,"pipeline":null,"opening_hours":null,"amenity":null,"addr:postcode":null,"addr:country":null,"addr:city":null,"official_name":null,"name":null,"type":null,"building:levels":"1","addr:place":null,"addr:housenumber":null},"geometry":{"type":"MultiPolygon","coordinates":[[[[37.8956045,51.3104474],[37.8955138,51.3105316],[37.8954571,51.3105087],[37.8955131,51.3104531],[37.8955364,51.3104347],[37.8955636,51.3104288],[37.8956134,51.3104378],[37.8956045,51.3104474]]]]}},
{"type":"Feature","properties":{"full_id":"w1035577013","osm_id":"1035577013","osm_type":"way","building":"yes","dispensing":null,"man_made":null,"start_date":null,"energy_class":null,"building:levels:underground":null,"building:flats":null,"outdoor_seating":null,"name:ru":null,"name:en":null,"healthcare":null,"contact:website":null,"contact:phone":null,"contact:email":null,"brand:wikidata":null,"brand":null,"operator":null,"smoking":null,"layer":null,"cuisine":null,"addr:street":null,"office":null,"government":null,"leisure":null,"roof:levels":null,"height":null,"substation":null,"shop":null,"power":null,"pipeline":null,"opening_hours":null,"amenity":null,"addr:postcode":"309511","addr:country":null,"addr:city":"Старый Оскол","official_name":null,"name":null,"type":null,"building:levels":"3","addr:place":"Олимпийский микрорайон","addr:housenumber":"2"},"geometry":{"type":"MultiPolygon","coordinates":[[[[37.8951576,51.3087558],[37.895073,51.3087193],[37.8951251,51.3086723],[37.8950208,51.308627],[37.8951749,51.3084883],[37.8954388,51.3086028],[37.8952853,51.308741],[37.8952102,51.3087084],[37.8951576,51.3087558]]]]}},
{"type":"Feature","properties":{"full_id":"w1075326414","osm_id":"1075326414","osm_type":"way","building":"apartments","dispensing":null,"man_made":null,"start_date":"2022-12-26","energy_class":"D","building:levels:underground":"1","building:flats":"98","outdoor_seating":null,"name:ru":null,"name:en":null,"healthcare":null,"contact:website":null,"contact:phone":null,"contact:email":null,"brand:wikidata":null,"brand":null,"operator":null,"smoking":null,"layer":null,"cuisine":null,"addr:street":null,"office":null,"government":null,"leisure":null,"roof:levels":null,"height":null,"substation":null,"shop":null,"power":null,"pipeline":null,"opening_hours":null,"amenity":null,"addr:postcode":"309516","addr:country":null,"addr:city":null,"official_name":null,"name":null,"type":null,"building:levels":"14","addr:place":"микрорайон Макаренко","addr:housenumber":"41А"},"geometry":{"type":"MultiPolygon","coordinates":[[[[37.8830363,51.3143709],[37.8830621,51.3143475],[37.8830927,51.3143607],[37.8831345,51.3143229],[37.8831208,51.314317],[37.8831756,51.3142673],[37.8831974,51.3142768],[37.8832269,51.3142501],[37.8832564,51.3142234],[37.8832176,51.3142067],[37.8832736,51.314156],[37.8831087,51.3140849],[37.883074,51.3141163],[37.8830612,51.3141107],[37.8828905,51.3142653],[37.8829033,51.3142709],[37.8828714,51.3142998],[37.8830363,51.3143709]]]]}},
{"type":"Feature","properties":{"full_id":"w1075326415","osm_id":"1075326415","osm_type":"way","building":"apartments","dispensing":null,"man_made":null,"start_date":"2022-11-21","energy_class":null,"building:levels:underground":"1","building:flats":"54","outdoor_seating":null,"name:ru":null,"name:en":null,"healthcare":null,"contact:website":null,"contact:phone":null,"contact:email":null,"brand:wikidata":null,"brand":null,"operator":null,"smoking":null,"layer":null,"cuisine":null,"addr:street":null,"office":null,"government":null,"leisure":null,"roof:levels":null,"height":null,"substation":null,"shop":null,"power":null,"pipeline":null,"opening_hours":null,"amenity":null,"addr:postcode":"309516","addr:country":null,"addr:city":null,"official_name":null,"name":null,"type":null,"building:levels":"9","addr:place":"микрорайон Макаренко","addr:housenumber":"41"},"geometry":{"type":"MultiPolygon","coordinates":[[[[37.8840059,51.3144846],[37.8839075,51.3145737],[37.8839009,51.3145709],[37.8838629,51.3146053],[37.883825,51.3146397],[37.8838315,51.3146425],[37.8838058,51.3146658],[37.8839692,51.3147363],[37.8839988,51.3147095],[37.884013,51.3147156],[37.8841834,51.3145612],[37.8840059,51.3144846]]]]}},
{"type":"Feature","properties":{"full_id":"w1100852761","osm_id":"1100852761","osm_type":"way","building":"yes","dispensing":null,"man_made":null,"start_date":null,"energy_class":null,"building:levels:underground":null,"building:flats":null,"outdoor_seating":null,"name:ru":null,"name:en":null,"healthcare":null,"contact:website":null,"contact:phone":null,"contact:email":null,"brand:wikidata":null,"brand":null,"operator":null,"smoking":null,"layer":null,"cuisine":null,"addr:street":null,"office":null,"government":null,"leisure":null,"roof:levels":null,"height":null,"substation":null,"shop":null,"power":null,"pipeline":null,"opening_hours":null,"amenity":null,"addr:postcode":null,"addr:country":null,"addr:city":null,"official_name":null,"name":null,"type":null,"building:levels":"1","addr:place":null,"addr:housenumber":null},"geometry":{"type":"MultiPolygon","coordinates":[[[[37.9019772,51.313063],[37.9020193,51.3130229],[37.9019737,51.3130036],[37.9019523,51.3130145],[37.9019,51.3129936],[37.90179,51.3130942],[37.90179,51.3131084],[37.901798,51.313121],[37.9018755,51.313155],[37.9019772,51.313063]]]]}},
{"type":"Feature","properties":{"full_id":"w1107309852","osm_id":"1107309852","osm_type":"way","building":"yes","dispensing":null,"man_made":null,"start_date":null,"energy_class":null,"building:levels:underground":null,"building:flats":null,"outdoor_seating":null,"name:ru":null,"name:en":null,"healthcare":null,"contact:website":null,"contact:phone":null,"contact:email":null,"brand:wikidata":null,"brand":null,"operator":null,"smoking":null,"layer":null,"cuisine":null,"addr:street":null,"office":null,"government":null,"leisure":null,"roof:levels":null,"height":null,"substation":null,"shop":null,"power":null,"pipeline":null,"opening_hours":null,"amenity":null,"addr:postcode":null,"addr:country":null,"addr:city":null,"official_name":null,"name":null,"type":null,"building:levels":"2","addr:place":null,"addr:housenumber":null},"geometry":{"type":"MultiPolygon","coordinates":[[[[37.9007228,51.3067336],[37.9007627,51.306751],[37.9008559,51.3066676],[37.9008161,51.3066502],[37.9007228,51.3067336]]]]}},
{"type":"Feature","properties":{"full_id":"w1107403517","osm_id":"1107403517","osm_type":"way","building":"apartments","dispensing":null,"man_made":null,"start_date":null,"energy_class":null,"building:levels:underground":null,"building:flats":null,"outdoor_seating":null,"name:ru":null,"name:en":null,"healthcare":null,"contact:website":null,"contact:phone":null,"contact:email":null,"brand:wikidata":null,"brand":null,"operator":null,"smoking":null,"layer":null,"cuisine":null,"addr:street":null,"office":null,"government":null,"leisure":null,"roof:levels":null,"height":null,"substation":null,"shop":null,"power":null,"pipeline":null,"opening_hours":null,"amenity":null,"addr:postcode":"309502","addr:country":null,"addr:city":"Старый Оскол","official_name":null,"name":null,"type":null,"building:levels":"10","addr:place":"микрорайон Королёва","addr:housenumber":"9"},"geometry":{"type":"MultiPolygon","coordinates":[[[[37.9029951,51.3072012],[37.9030725,51.3072349],[37.9031478,51.3072678],[37.903236,51.3071888],[37.9034286,51.3070164],[37.903545,51.3069122],[37.9034667,51.306878],[37.9033923,51.3068455],[37.9029951,51.3072012]]]]}},
{"type":"Feature","properties":{"full_id":"w1107403518","osm_id":"1107403518","osm_type":"way","building":"apartments","dispensing":null,"man_made":null,"start_date":null,"energy_class":null,"building:levels:underground":null,"building:flats":null,"outdoor_seating":null,"name:ru":null,"name:en":null,"healthcare":null,"contact:website":null,"contact:phone":null,"contact:email":null,"brand:wikidata":null,"brand":null,"operator":null,"smoking":null,"layer":null,"cuisine":null,"addr:street":null,"office":null,"government":null,"leisure":null,"roof:levels":null,"height":null,"substation":null,"shop":null,"power":null,"pipeline":null,"opening_hours":null,"amenity":null,"addr:postcode":"309502","addr:country":null,"addr:city":"Старый Оскол","official_name":null,"name":null,"type":null,"building:levels":"9","addr:place":"микрорайон Королёва","addr:housenumber":"9"},"geometry":{"type":"MultiPolygon","coordinates":[[[[37.9029951,51.3072012],[37.9029212,51.3071689],[37.9025766,51.3074774],[37.9033509,51.3078153],[37.9034529,51.307724],[37.903314,51.3076634],[37.9030199,51.3075351],[37.9028553,51.3074632],[37.9028299,51.3074521],[37.9029431,51.3073508],[37.9030725,51.3072349],[37.9029951,51.3072012]]]]}},
{"type":"Feature","properties":{"full_id":"w1107728535","osm_id":"1107728535","osm_type":"way","building":"yes","dispensing":null,"man_made":null,"start_date":null,"energy_class":null,"building:levels:underground":null,"building:flats":null,"outdoor_seating":null,"name:ru":null,"name:en":null,"healthcare":null,"contact:website":null,"contact:phone":null,"contact:email":null,"brand:wikidata":null,"brand":null,"operator":null,"smoking":null,"layer":null,"cuisine":null,"addr:street":null,"office":null,"government":null,"leisure":null,"roof:levels":null,"height":null,"substation":null,"shop":null,"power":"substation","pipeline":null,"opening_hours":null,"amenity":null,"addr:postcode":null,"addr:country":null,"addr:city":null,"official_name":null,"name":"ТП-214н","type":null,"building:levels":"1","addr:place":null,"addr:housenumber":null},"geometry":{"type":"MultiPolygon","coordinates":[[[[37.8903896,51.3144048],[37.8904715,51.3143337],[37.8904032,51.314303],[37.8903215,51.3143741],[37.8903896,51.3144048]]]]}},
{"type":"Feature","properties":{"full_id":"w1107733273","osm_id":"1107733273","osm_type":"way","building":"yes","dispensing":null,"man_made":null,"start_date":null,"energy_class":null,"building:levels:underground":null,"building:flats":null,"outdoor_seating":null,"name:ru":null,"name:en":null,"healthcare":null,"contact:website":null,"contact:phone":null,"contact:email":null,"brand:wikidata":null,"brand":null,"operator":null,"smoking":null,"layer":null,"cuisine":null,"addr:street":null,"office":null,"government":null,"leisure":null,"roof:levels":null,"height":null,"substation":null,"shop":null,"power":"substation","pipeline":null,"opening_hours":null,"amenity":null,"addr:postcode":null,"addr:country":null,"addr:city":null,"official_name":null,"name":"ТП-209н","type":null,"building:levels":"1","addr:place":null,"addr:housenumber":null},"geometry":{"type":"MultiPolygon","coordinates":[[[[37.8843574,51.3102315],[37.8844366,51.3101612],[37.8843672,51.3101307],[37.884288,51.310201],[37.8843574,51.3102315]]]]}},
{"type":"Feature","properties":{"full_id":"w1107733274","osm_id":"1107733274","osm_type":"way","building":"yes","dispensing":null,"man_made":null,"start_date":null,"energy_class":null,"building:levels:underground":null,"building:flats":null,"outdoor_seating":null,"name:ru":null,"name:en":null,"healthcare":null,"contact:website":null,"contact:phone":null,"contact:email":null,"brand:wikidata":null,"brand":null,"operator":null,"smoking":null,"layer":null,"cuisine":null,"addr:street":null,"office":null,"government":null,"leisure":null,"roof:levels":null,"height":null,"substation":null,"shop":null,"power":null,"pipeline":null,"opening_hours":null,"amenity":null,"addr:postcode":null,"addr:country":null,"addr:city":null,"official_name":null,"name":null,"type":null,"building:levels":null,"addr:place":null,"addr:housenumber":null},"geometry":{"type":"MultiPolygon","coordinates":[[[[37.8837427,51.3090342],[37.8838565,51.3089318],[37.8837642,51.3088917],[37.8836504,51.3089942],[37.8837427,51.3090342]]]]}},
{"type":"Feature","properties":{"full_id":"w1107733275","osm_id":"1107733275","osm_type":"way","building":"yes","dispensing":null,"man_made":null,"start_date":null,"energy_class":null,"building:levels:underground":null,"building:flats":null,"outdoor_seating":null,"name:ru":null,"name:en":null,"healthcare":null,"contact:website":null,"contact:phone":null,"contact:email":null,"brand:wikidata":null,"brand":null,"operator":null,"smoking":null,"layer":null,"cuisine":null,"addr:street":null,"office":null,"government":null,"leisure":null,"roof:levels":null,"height":null,"substation":null,"shop":null,"power":null,"pipeline":null,"opening_hours":null,"amenity":null,"addr:postcode":null,"addr:country":null,"addr:city":null,"official_name":null,"name":null,"type":null,"building:levels":null,"addr:place":null,"addr:housenumber":null},"geometry":{"type":"MultiPolygon","coordinates":[[[[37.8841322,51.3086654],[37.8840436,51.308627],[37.8839962,51.3086698],[37.883928,51.3086402],[37.8837118,51.3088352],[37.8838686,51.3089031],[37.8841322,51.3086654]]]]}},
{"type":"Feature","properties":{"full_id":"w1107733276","osm_id":"1107733276","osm_type":"way","building":"yes","dispensing":null,"man_made":null,"start_date":null,"energy_class":null,"building:levels:underground":null,"building:flats":null,"outdoor_seating":null,"name:ru":null,"name:en":null,"healthcare":null,"contact:website":null,"contact:phone":null,"contact:email":null,"brand:wikidata":null,"brand":null,"operator":null,"smoking":null,"layer":null,"cuisine":null,"addr:street":null,"office":null,"government":null,"leisure":null,"roof:levels":null,"height":null,"substation":null,"shop":null,"power":null,"pipeline":null,"opening_hours":null,"amenity":null,"addr:postcode":null,"addr:country":null,"addr:city":null,"official_name":null,"name":null,"type":null,"building:levels":null,"addr:place":null,"addr:housenumber":null},"geometry":{"type":"MultiPolygon","coordinates":[[[[37.884322,51.3084943],[37.8842334,51.3084559],[37.8840436,51.308627],[37.8841322,51.3086654],[37.884322,51.3084943]]]]}},
{"type":"Feature","properties":{"full_id":"w1107733277","osm_id":"1107733277","osm_type":"way","building":"yes","dispensing":null,"man_made":null,"start_date":null,"energy_class":null,"building:levels:underground":null,"building:flats":null,"outdoor_seating":null,"name:ru":null,"name:en":null,"healthcare":null,"contact:website":null,"contact:phone":null,"contact:email":null,"brand:wikidata":null,"brand":null,"operator":null,"smoking":null,"layer":null,"cuisine":null,"addr:street":null,"office":null,"government":null,"leisure":null,"roof:levels":null,"height":null,"substation":null,"shop":null,"power":null,"pipeline":null,"opening_hours":null,"amenity":null,"addr:postcode":null,"addr:country":null,"addr:city":null,"official_name":null,"name":null,"type":null,"building:levels":null,"addr:place":null,"addr:housenumber":null},"geometry":{"type":"MultiPolygon","coordinates":[[[[37.884322,51.3084943],[37.8844801,51.3083517],[37.8843915,51.3083133],[37.8842334,51.3084559],[37.884322,51.3084943]]]]}},
{"type":"Feature","properties":{"full_id":"w1107733278","osm_id":"1107733278","osm_type":"way","building":"yes","dispensing":null,"man_made":null,"start_date":null,"energy_class":null,"building:levels:underground":null,"building:flats":null,"outdoor_seating":null,"name:ru":null,"name:en":null,"healthcare":null,"contact:website":null,"contact:phone":null,"contact:email":null,"brand:wikidata":null,"brand":null,"operator":null,"smoking":null,"layer":null,"cuisine":null,"addr:street":null,"office":null,"government":null,"leisure":null,"roof:levels":null,"height":null,"substation":"minor_distribution","shop":null,"power":"substation","pipeline":null,"opening_hours":null,"amenity":null,"addr:postcode":null,"addr:country":null,"addr:city":null,"official_name":null,"name":"РП-2н","type":null,"building:levels":"1","addr:place":null,"addr:housenumber":null},"geometry":{"type":"MultiPolygon","coordinates":[[[[37.8845179,51.3083367],[37.8846762,51.3081891],[37.8846027,51.3081583],[37.8844444,51.3083059],[37.8845179,51.3083367]]]]}},
{"type":"Feature","properties":{"full_id":"w1107806429","osm_id":"1107806429","osm_type":"way","building":"yes","dispensing":null,"man_made":null,"start_date":null,"energy_class":null,"building:levels:underground":null,"building:flats":null,"outdoor_seating":null,"name:ru":null,"name:en":null,"healthcare":null,"contact:website":null,"contact:phone":null,"contact:email":null,"brand:wikidata":null,"brand":null,"operator":null,"smoking":null,"layer":null,"cuisine":null,"addr:street":null,"office":null,"government":null,"leisure":null,"roof:levels":null,"height":null,"substation":null,"shop":null,"power":"substation","pipeline":null,"opening_hours":null,"amenity":null,"addr:postcode":"309502","addr:country":"RU","addr:city":"Старый Оскол","official_name":null,"name":"ТП-1210н","type":null,"building:levels":"1","addr:place":"Солнечный микрорайон","addr:housenumber":null},"geometry":{"type":"MultiPolygon","coordinates":[[[[37.9013218,51.3151364],[37.9012021,51.3150827],[37.9012625,51.3150301],[37.9013808,51.3150832],[37.9013218,51.3151364]]]]}},
{"type":"Feature","properties":{"full_id":"w1107806430","osm_id":"1107806430","osm_type":"way","building":"yes","dispensing":null,"man_made":null,"start_date":null,"energy_class":null,"building:levels:underground":null,"building:flats":null,"outdoor_seating":null,"name:ru":null,"name:en":null,"healthcare":null,"contact:website":null,"contact:phone":null,"contact:email":null,"brand:wikidata":null,"brand":null,"operator":null,"smoking":null,"layer":null,"cuisine":null,"addr:street":null,"office":null,"government":null,"leisure":null,"roof:levels":null,"height":null,"substation":"minor_distribution","shop":null,"power":"substation","pipeline":null,"opening_hours":null,"amenity":null,"addr:postcode":"309502","addr:country":"RU","addr:city":"Старый Оскол","official_name":null,"name":"РП-12н","type":null,"building:levels":"1","addr:place":"Солнечный микрорайон","addr:housenumber":null},"geometry":{"type":"MultiPolygon","coordinates":[[[[37.8954708,51.3149006],[37.8954448,51.3147988],[37.8956214,51.3147812],[37.8956475,51.3148831],[37.8954708,51.3149006]]]]}},
{"type":"Feature","properties":{"full_id":"w1107817250","osm_id":"1107817250","osm_type":"way","building":"garage","dispensing":null,"man_made":null,"start_date":null,"energy_class":null,"building:levels:underground":null,"building:flats":null,"outdoor_seating":null,"name:ru":null,"name:en":null,"healthcare":null,"contact:website":null,"contact:phone":null,"contact:email":null,"brand:wikidata":null,"brand":null,"operator":null,"smoking":null,"layer":null,"cuisine":null,"addr:street":null,"office":null,"government":null,"leisure":null,"roof:levels":null,"height":null,"substation":null,"shop":null,"power":null,"pipeline":null,"opening_hours":null,"amenity":null,"addr:postcode":null,"addr:country":null,"addr:city":null,"official_name":null,"name":null,"type":null,"building:levels":null,"addr:place":"микрорайон Макаренко","addr:housenumber":null},"geometry":{"type":"MultiPolygon","coordinates":[[[[37.8782782,51.3143554],[37.8783401,51.3143012],[37.8784761,51.314362],[37.8784142,51.3144161],[37.8783884,51.3144046],[37.8782782,51.3143554]]]]}},
{"type":"Feature","properties":{"full_id":"w1107965312","osm_id":"1107965312","osm_type":"way","building":"apartments","dispensing":null,"man_made":null,"start_date":null,"energy_class":null,"building:levels:underground":null,"building:flats":null,"outdoor_seating":null,"name:ru":null,"name:en":null,"healthcare":null,"contact:website":null,"contact:phone":null,"contact:email":null,"brand:wikidata":null,"brand":null,"operator":null,"smoking":null,"layer":null,"cuisine":null,"addr:street":null,"office":null,"government":null,"leisure":null,"roof:levels":null,"height":null,"substation":null,"shop":null,"power":null,"pipeline":null,"opening_hours":null,"amenity":null,"addr:postcode":"309502","addr:country":null,"addr:city":"Старый Оскол","official_name":null,"name":null,"type":null,"building:levels":"10","addr:place":"микрорайон Королёва","addr:housenumber":"5А"},"geometry":{"type":"MultiPolygon","coordinates":[[[[37.9004685,51.3093604],[37.900799,51.3090642],[37.9008514,51.3090171],[37.9008723,51.3090262],[37.9009483,51.3090594],[37.9010057,51.3090844],[37.9009186,51.3091624],[37.9007289,51.3093325],[37.9006227,51.3094276],[37.9005402,51.3093916],[37.9004685,51.3093604]]]]}},
{"type":"Feature","properties":{"full_id":"w1108254737","osm_id":"1108254737","osm_type":"way","building":"yes","dispensing":null,"man_made":null,"start_date":null,"energy_class":null,"building:levels:underground":null,"building:flats":null,"outdoor_seating":null,"name:ru":null,"name:en":null,"healthcare":null,"contact:website":null,"contact:phone":null,"contact:email":null,"brand:wikidata":null,"brand":null,"operator":null,"smoking":null,"layer":null,"cuisine":null,"addr:street":null,"office":null,"government":null,"leisure":null,"roof:levels":null,"height":null,"substation":"minor_distribution","shop":null,"power":"substation","pipeline":null,"opening_hours":null,"amenity":null,"addr:postcode":null,"addr:country":null,"addr:city":null,"official_name":null,"name":"РП-8н","type":null,"building:levels":"1","addr:place":null,"addr:housenumber":null},"geometry":{"type":"MultiPolygon","coordinates":[[[[37.8821609,51.3070343],[37.8822997,51.3070917],[37.8821677,51.3072164],[37.8820978,51.3071875],[37.8821296,51.3071575],[37.882064,51.3071304],[37.8821609,51.3070343]]]]}},
{"type":"Feature","properties":{"full_id":"w1108522289","osm_id":"1108522289","osm_type":"way","building":"yes","dispensing":null,"man_made":"dovecote","start_date":null,"energy_class":null,"building:levels:underground":null,"building:flats":null,"outdoor_seating":null,"name:ru":null,"name:en":null,"healthcare":null,"contact:website":null,"contact:phone":null,"contact:email":null,"brand:wikidata":null,"brand":null,"operator":null,"smoking":null,"layer":null,"cuisine":null,"addr:street":null,"office":null,"government":null,"leisure":null,"roof:levels":null,"height":null,"substation":null,"shop":null,"power":null,"pipeline":null,"opening_hours":null,"amenity":null,"addr:postcode":null,"addr:country":null,"addr:city":null,"official_name":null,"name":null,"type":null,"building:levels":null,"addr:place":null,"addr:housenumber":null},"geometry":{"type":"MultiPolygon","coordinates":[[[[37.9007761,51.3130196],[37.9007252,51.3129978],[37.9006978,51.3130228],[37.9007487,51.3130446],[37.9007761,51.3130196]]]]}},
{"type":"Feature","properties":{"full_id":"w1109979514","osm_id":"1109979514","osm_type":"way","building":"garage","dispensing":null,"man_made":null,"start_date":null,"energy_class":null,"building:levels:underground":null,"building:flats":null,"outdoor_seating":null,"name:ru":null,"name:en":null,"healthcare":null,"contact:website":null,"contact:phone":null,"contact:email":null,"brand:wikidata":null,"brand":null,"operator":null,"smoking":null,"layer":null,"cuisine":null,"addr:street":null,"office":null,"government":null,"leisure":null,"roof:levels":null,"height":null,"substation":null,"shop":null,"power":null,"pipeline":null,"opening_hours":null,"amenity":null,"addr:postcode":null,"addr:country":null,"addr:city":null,"official_name":null,"name":null,"type":null,"building:levels":"1","addr:place":null,"addr:housenumber":null},"geometry":{"type":"MultiPolygon","coordinates":[[[[37.881174,51.3138277],[37.881083,51.3137896],[37.8811693,51.3137091],[37.8812603,51.3137472],[37.881174,51.3138277]]]]}},
{"type":"Feature","properties":{"full_id":"w1109979515","osm_id":"1109979515","osm_type":"way","building":"garage","dispensing":null,"man_made":null,"start_date":null,"energy_class":null,"building:levels:underground":null,"building:flats":null,"outdoor_seating":null,"name:ru":null,"name:en":null,"healthcare":null,"contact:website":null,"contact:phone":null,"contact:email":null,"brand:wikidata":null,"brand":null,"operator":null,"smoking":null,"layer":null,"cuisine":null,"addr:street":null,"office":null,"government":null,"leisure":null,"roof:levels":null,"height":null,"substation":null,"shop":null,"power":null,"pipeline":null,"opening_hours":null,"amenity":null,"addr:postcode":null,"addr:country":null,"addr:city":null,"official_name":null,"name":null,"type":null,"building:levels":"1","addr:place":null,"addr:housenumber":null},"geometry":{"type":"MultiPolygon","coordinates":[[[[37.8810637,51.3137816],[37.8809534,51.3138845],[37.8808116,51.3138252],[37.880922,51.3137222],[37.8810637,51.3137816]]]]}},
{"type":"Feature","properties":{"full_id":"w1166114483","osm_id":"1166114483","osm_type":"way","building":"apartments","dispensing":null,"man_made":null,"start_date":null,"energy_class":null,"building:levels:underground":null,"building:flats":null,"outdoor_seating":null,"name:ru":null,"name:en":null,"healthcare":null,"contact:website":null,"contact:phone":null,"contact:email":null,"brand:wikidata":null,"brand":null,"operator":null,"smoking":null,"layer":null,"cuisine":null,"addr:street":null,"office":null,"government":null,"leisure":null,"roof:levels":null,"height":null,"substation":null,"shop":null,"power":null,"pipeline":null,"opening_hours":null,"amenity":null,"addr:postcode":"309502","addr:country":null,"addr:city":"Старый Оскол","official_name":null,"name":null,"type":null,"building:levels":"9","addr:place":"микрорайон Королёва","addr:housenumber":"7"},"geometry":{"type":"MultiPolygon","coordinates":[[[[37.9018798,51.3083284],[37.9018129,51.3082957],[37.9017281,51.3082596],[37.9013429,51.3086139],[37.9014977,51.3086797],[37.9015966,51.3085887],[37.9017882,51.3084126],[37.9018798,51.3083284]]]]}},
{"type":"Feature","properties":{"full_id":"w1413579590","osm_id":"1413579590","osm_type":"way","building":"yes","dispensing":"yes","man_made":null,"start_date":null,"energy_class":null,"building:levels:underground":null,"building:flats":null,"outdoor_seating":null,"name:ru":null,"name:en":null,"healthcare":"pharmacy","contact:website":null,"contact:phone":null,"contact:email":null,"brand:wikidata":null,"brand":null,"operator":null,"smoking":null,"layer":null,"cuisine":null,"addr:street":null,"office":null,"government":null,"leisure":null,"roof:levels":null,"height":null,"substation":null,"shop":null,"power":null,"pipeline":null,"opening_hours":null,"amenity":"pharmacy","addr:postcode":null,"addr:country":null,"addr:city":"Старый Оскол","official_name":null,"name":null,"type":null,"building:levels":null,"addr:place":"микрорайон Жукова","addr:housenumber":"46Б"},"geometry":{"type":"MultiPolygon","coordinates":[[[[37.8808015,51.3109933],[37.8809505,51.310981],[37.8809222,51.3108644],[37.8807706,51.3108788],[37.8808015,51.3109933]]]]}},
{"type":"Feature","properties":{"full_id":"w1413589816","osm_id":"1413589816","osm_type":"way","building":"yes","dispensing":null,"man_made":null,"start_date":null,"energy_class":null,"building:levels:underground":null,"building:flats":null,"outdoor_seating":null,"name:ru":null,"name:en":null,"healthcare":null,"contact:website":null,"contact:phone":null,"contact:email":null,"brand:wikidata":null,"brand":null,"operator":null,"smoking":null,"layer":null,"cuisine":null,"addr:street":null,"office":null,"government":null,"leisure":null,"roof:levels":null,"height":null,"substation":null,"shop":null,"power":null,"pipeline":null,"opening_hours":null,"amenity":null,"addr:postcode":null,"addr:country":null,"addr:city":null,"official_name":null,"name":null,"type":null,"building:levels":"1","addr:place":null,"addr:housenumber":null},"geometry":{"type":"MultiPolygon","coordinates":[[[[37.874308,51.3098771],[37.8743607,51.3098896],[37.8746316,51.3094418],[37.8745788,51.3094293],[37.874308,51.3098771]]]]}},
{"type":"Feature","properties":{"full_id":"w1413589817","osm_id":"1413589817","osm_type":"way","building":"yes","dispensing":null,"man_made":null,"start_date":null,"energy_class":null,"building:levels:underground":null,"building:flats":null,"outdoor_seating":null,"name:ru":null,"name:en":null,"healthcare":null,"contact:website":null,"contact:phone":null,"contact:email":null,"brand:wikidata":null,"brand":null,"operator":null,"smoking":null,"layer":null,"cuisine":null,"addr:street":null,"office":null,"government":null,"leisure":null,"roof:levels":null,"height":null,"substation":null,"shop":null,"power":null,"pipeline":null,"opening_hours":null,"amenity":null,"addr:postcode":null,"addr:country":null,"addr:city":null,"official_name":null,"name":null,"type":null,"building:levels":null,"addr:place":null,"addr:housenumber":null},"geometry":{"type":"MultiPolygon","coordinates":[[[[37.8741987,51.3103957],[37.8742313,51.3103622],[37.8742779,51.3103804],[37.8742486,51.3104131],[37.8741987,51.3103957]]]]}},
{"type":"Feature","properties":{"full_id":"w1413589818","osm_id":"1413589818","osm_type":"way","building":"yes","dispensing":null,"man_made":null,"start_date":null,"energy_class":null,"building:levels:underground":null,"building:flats":null,"outdoor_seating":null,"name:ru":null,"name:en":null,"healthcare":null,"contact:website":null,"contact:phone":null,"contact:email":null,"brand:wikidata":null,"brand":null,"operator":null,"smoking":null,"layer":null,"cuisine":null,"addr:street":null,"office":null,"government":null,"leisure":null,"roof:levels":null,"height":null,"substation":null,"shop":null,"power":null,"pipeline":null,"opening_hours":null,"amenity":null,"addr:postcode":null,"addr:country":null,"addr:city":null,"official_name":null,"name":null,"type":null,"building:levels":null,"addr:place":null,"addr:housenumber":null},"geometry":{"type":"MultiPolygon","coordinates":[[[[37.8742046,51.3103193],[37.8742896,51.3103506],[37.8743454,51.3102967],[37.8742528,51.3102647],[37.8742046,51.3103193]]]]}},
{"type":"Feature","properties":{"full_id":"w1413589819","osm_id":"1413589819","osm_type":"way","building":"yes","dispensing":null,"man_made":null,"start_date":null,"energy_class":null,"building:levels:underground":null,"building:flats":null,"outdoor_seating":null,"name:ru":null,"name:en":null,"healthcare":null,"contact:website":null,"contact:phone":null,"contact:email":null,"brand:wikidata":null,"brand":null,"operator":null,"smoking":null,"layer":null,"cuisine":null,"addr:street":null,"office":null,"government":null,"leisure":null,"roof:levels":null,"height":null,"substation":null,"shop":null,"power":null,"pipeline":null,"opening_hours":null,"amenity":null,"addr:postcode":null,"addr:country":null,"addr:city":null,"official_name":null,"name":null,"type":null,"building:levels":null,"addr:place":null,"addr:housenumber":null},"geometry":{"type":"MultiPolygon","coordinates":[[[[37.8742593,51.3102115],[37.8743431,51.3102479],[37.8744036,51.3101919],[37.8743152,51.3101562],[37.8742593,51.3102115]]]]}},
{"type":"Feature","properties":{"full_id":"w1413613196","osm_id":"1413613196","osm_type":"way","building":"yes","dispensing":null,"man_made":null,"start_date":null,"energy_class":null,"building:levels:underground":null,"building:flats":null,"outdoor_seating":null,"name:ru":null,"name:en":null,"healthcare":null,"contact:website":null,"contact:phone":null,"contact:email":null,"brand:wikidata":null,"brand":null,"operator":null,"smoking":null,"layer":null,"cuisine":null,"addr:street":null,"office":null,"government":null,"leisure":null,"roof:levels":null,"height":null,"substation":null,"shop":null,"power":null,"pipeline":null,"opening_hours":null,"amenity":null,"addr:postcode":null,"addr:country":null,"addr:city":null,"official_name":null,"name":null,"type":null,"building:levels":"1","addr:place":null,"addr:housenumber":null},"geometry":{"type":"MultiPolygon","coordinates":[[[[37.8752121,51.3133985],[37.8753169,51.313443],[37.8754308,51.3133385],[37.8753259,51.3132939],[37.8752121,51.3133985]]]]}},
{"type":"Feature","properties":{"full_id":"w1413613197","osm_id":"1413613197","osm_type":"way","building":"yes","dispensing":null,"man_made":null,"start_date":null,"energy_class":null,"building:levels:underground":null,"building:flats":null,"outdoor_seating":null,"name:ru":null,"name:en":null,"healthcare":null,"contact:website":null,"contact:phone":null,"contact:email":null,"brand:wikidata":null,"brand":null,"operator":null,"smoking":null,"layer":null,"cuisine":null,"addr:street":null,"office":null,"government":null,"leisure":null,"roof:levels":null,"height":null,"substation":null,"shop":null,"power":null,"pipeline":null,"opening_hours":null,"amenity":null,"addr:postcode":"309516","addr:country":null,"addr:city":"Старый Оскол","official_name":null,"name":null,"type":null,"building:levels":"1","addr:place":"микрорайон Ольминского","addr:housenumber":"6/1"},"geometry":{"type":"MultiPolygon","coordinates":[[[[37.8752653,51.3131528],[37.875349,51.3130688],[37.8754377,51.3131033],[37.875354,51.3131873],[37.8752653,51.3131528]]]]}},
{"type":"Feature","properties":{"full_id":"w1413613200","osm_id":"1413613200","osm_type":"way","building":"yes","dispensing":null,"man_made":"dovecote","start_date":null,"energy_class":null,"building:levels:underground":null,"building:flats":null,"outdoor_seating":null,"name:ru":null,"name:en":null,"healthcare":null,"contact:website":null,"contact:phone":null,"contact:email":null,"brand:wikidata":null,"brand":null,"operator":null,"smoking":null,"layer":null,"cuisine":null,"addr:street":null,"office":null,"government":null,"leisure":null,"roof:levels":null,"height":"3","substation":null,"shop":null,"power":null,"pipeline":null,"opening_hours":null,"amenity":null,"addr:postcode":null,"addr:country":null,"addr:city":null,"official_name":null,"name":null,"type":null,"building:levels":null,"addr:place":null,"addr:housenumber":null},"geometry":{"type":"MultiPolygon","coordinates":[[[[37.8753431,51.3124847],[37.8753724,51.3124592],[37.8754148,51.3124783],[37.8753854,51.3125037],[37.8753431,51.3124847]]]]}},
{"type":"Feature","properties":{"full_id":"w1413613210","osm_id":"1413613210","osm_type":"way","building":"yes","dispensing":null,"man_made":null,"start_date":null,"energy_class":null,"building:levels:underground":null,"building:flats":null,"outdoor_seating":null,"name:ru":null,"name:en":null,"healthcare":null,"contact:website":null,"contact:phone":null,"contact:email":null,"brand:wikidata":null,"brand":null,"operator":null,"smoking":null,"layer":null,"cuisine":null,"addr:street":null,"office":null,"government":null,"leisure":null,"roof:levels":null,"height":null,"substation":null,"shop":null,"power":null,"pipeline":null,"opening_hours":null,"amenity":null,"addr:postcode":null,"addr:country":null,"addr:city":null,"official_name":null,"name":null,"type":null,"building:levels":null,"addr:place":null,"addr:housenumber":null},"geometry":{"type":"MultiPolygon","coordinates":[[[[37.8770446,51.3110801],[37.8770826,51.3110477],[37.8770365,51.3110265],[37.8769985,51.3110589],[37.8770446,51.3110801]]]]}},
{"type":"Feature","properties":{"full_id":"w1413613224","osm_id":"1413613224","osm_type":"way","building":"yes","dispensing":null,"man_made":null,"start_date":null,"energy_class":null,"building:levels:underground":null,"building:flats":null,"outdoor_seating":null,"name:ru":null,"name:en":null,"healthcare":null,"contact:website":null,"contact:phone":null,"contact:email":null,"brand:wikidata":null,"brand":null,"operator":null,"smoking":null,"layer":null,"cuisine":null,"addr:street":null,"office":null,"government":null,"leisure":null,"roof:levels":null,"height":null,"substation":null,"shop":"convenience","power":null,"pipeline":null,"opening_hours":null,"amenity":null,"addr:postcode":null,"addr:country":null,"addr:city":null,"official_name":null,"name":"Айсберг","type":null,"building:levels":null,"addr:place":null,"addr:housenumber":null},"geometry":{"type":"MultiPolygon","coordinates":[[[[37.8857252,51.3103521],[37.8857722,51.3103109],[37.8858451,51.3103433],[37.885798,51.3103846],[37.8857252,51.3103521]]]]}},
{"type":"Feature","properties":{"full_id":"w1413613225","osm_id":"1413613225","osm_type":"way","building":"yes","dispensing":null,"man_made":null,"start_date":null,"energy_class":null,"building:levels:underground":null,"building:flats":null,"outdoor_seating":null,"name:ru":null,"name:en":null,"healthcare":null,"contact:website":null,"contact:phone":null,"contact:email":null,"brand:wikidata":null,"brand":null,"operator":null,"smoking":null,"layer":null,"cuisine":null,"addr:street":null,"office":null,"government":null,"leisure":null,"roof:levels":null,"height":null,"substation":null,"shop":"newsagent","power":null,"pipeline":null,"opening_hours":null,"amenity":null,"addr:postcode":null,"addr:country":null,"addr:city":null,"official_name":null,"name":null,"type":null,"building:levels":null,"addr:place":null,"addr:housenumber":null},"geometry":{"type":"MultiPolygon","coordinates":[[[[37.885649,51.3103788],[37.8856438,51.3103852],[37.8856424,51.3103924],[37.885645,51.3103994],[37.8856513,51.3104054],[37.8856605,51.3104098],[37.8856703,51.3104118],[37.8856806,51.3104118],[37.8856904,51.3104099],[37.8856988,51.3104061],[37.885705,51.310401],[37.8857084,51.3103949],[37.8857086,51.3103885],[37.8857057,51.3103823],[37.8856998,51.310377],[37.8856906,51.3103727],[37.8856795,51.3103706],[37.885668,51.310371],[37.8856574,51.3103738],[37.885649,51.3103788]]]]}},
{"type":"Feature","properties":{"full_id":"w1413772330","osm_id":"1413772330","osm_type":"way","building":"yes","dispensing":null,"man_made":null,"start_date":null,"energy_class":null,"building:levels:underground":null,"building:flats":null,"outdoor_seating":null,"name:ru":null,"name:en":null,"healthcare":null,"contact:website":null,"contact:phone":null,"contact:email":null,"brand:wikidata":null,"brand":null,"operator":null,"smoking":null,"layer":null,"cuisine":null,"addr:street":null,"office":null,"government":null,"leisure":null,"roof:levels":null,"height":null,"substation":null,"shop":null,"power":null,"pipeline":null,"opening_hours":null,"amenity":null,"addr:postcode":null,"addr:country":null,"addr:city":null,"official_name":null,"name":null,"type":null,"building:levels":"1","addr:place":null,"addr:housenumber":null},"geometry":{"type":"MultiPolygon","coordinates":[[[[37.8801225,51.3126004],[37.8802099,51.3126388],[37.8801152,51.3127231],[37.8800277,51.3126847],[37.8801225,51.3126004]]]]}},
{"type":"Feature","properties":{"full_id":"w1513452932","osm_id":"1513452932","osm_type":"way","building":"retail","dispensing":null,"man_made":null,"start_date":null,"energy_class":null,"building:levels:underground":null,"building:flats":null,"outdoor_seating":null,"name:ru":null,"name:en":null,"healthcare":null,"contact:website":null,"contact:phone":null,"contact:email":null,"brand:wikidata":null,"brand":null,"operator":null,"smoking":null,"layer":null,"cuisine":null,"addr:street":null,"office":null,"government":null,"leisure":null,"roof:levels":null,"height":"4","substation":null,"shop":null,"power":null,"pipeline":null,"opening_hours":null,"amenity":null,"addr:postcode":null,"addr:country":null,"addr:city":null,"official_name":null,"name":null,"type":null,"building:levels":"1","addr:place":"Олимпийский микрорайон","addr:housenumber":"1 с1"},"geometry":{"type":"MultiPolygon","coordinates":[[[[37.8930627,51.3083493],[37.8936029,51.3078791],[37.8936983,51.3077912],[37.8935512,51.3077261],[37.8933996,51.3078601],[37.8933811,51.307852],[37.8928667,51.3083065],[37.8929786,51.308356],[37.8930305,51.3083791],[37.8930627,51.3083493]]]]}}
]
}
