{
"type": "FeatureCollection",
"name": "roads",
"crs": { "type": "name", "properties": { "name": "urn:ogc:def:crs:OGC:1.3:CRS84" } },
"features": [
{"type":"Feature","properties":{"full_id":"w30303950","osm_id":"30303950","osm_type":"way","highway":"service","tactile_paving":null,"handrail":null,"traffic_signals:vibration":null,"traffic_signals:sound":null,"button_operated":null,"access":null,"layer":null,"tunnel":null,"postal_code":null,"footway":null,"crossing:markings":null,"crossing:island":null,"crossing":null,"surface":null,"oneway":null,"old_name":null,"name:etymology:wikidata":null,"name":null,"maxspeed":null,"lit":null,"lanes":null,"service":null},"geometry":{"type":"LineString","coordinates":[[37.895312,51.3146801],[37.8953667,51.3148278]]}},
{"type":"Feature","properties":{"full_id":"w30303951","osm_id":"30303951","osm_type":"way","highway":"service","tactile_paving":null,"handrail":null,"traffic_signals:vibration":null,"traffic_signals:sound":null,"button_operated":null,"access":null,"layer":null,"tunnel":null,"postal_code":null,"footway":null,"crossing:markings":null,"crossing:island":null,"crossing":null,"surface":null,"oneway":null,"old_name":null,"name:etymology:wikidata":null,"name":null,"maxspeed":null,"lit":null,"lanes":null,"service":null},"geometry":{"type":"LineString","coordinates":[[37.8942858,51.3142742],[37.8945881,51.3143992],[37.8949691,51.3145578],[37.8951354,51.3145947],[37.8952494,51.3146357],[37.895312,51.3146801],[37.8953768,51.3147179],[37.8954844,51.3147449],[37.8955995,51.3147657],[37.895727,51.3147706],[37.8958222,51.3147556],[37.8959443,51.314702],[37.8960863,51.3145829],[37.8962051,51.3144766],[37.8962255,51.3143538],[37.8961506,51.3140917],[37.8961091,51.3139433],[37.8960502,51.313758],[37.8962927,51.3134886],[37.896393,51.3133489],[37.8964476,51.3132713],[37.8964688,51.3132158],[37.8970491,51.3126902],[37.8977014,51.3129754],[37.8978414,51.3128193]]}},
{"type":"Feature","properties":{"full_id":"w30303953","osm_id":"30303953","osm_type":"way","highway":"service","tactile_paving":null,"handrail":null,"traffic_signals:vibration":null,"traffic_signals:sound":null,"button_operated":null,"access":null,"layer":null,"tunnel":null,"postal_code":null,"footway":null,"crossing:markings":null,"crossing:island":null,"crossing":null,"surface":null,"oneway":null,"old_name":null,"name:etymology:wikidata":null,"name":null,"maxspeed":null,"lit":null,"lanes":null,"service":null},"geometry":{"type":"LineString","coordinates":[[37.8949743,51.3158336],[37.8950501,51.315727],[37.8950007,51.3156915],[37.8945902,51.3155237],[37.8945346,51.3154857],[37.8944836,51.3152088],[37.8945038,51.3151655],[37.8947213,51.3149785],[37.8947572,51.3149593],[37.8951837,51.3149249],[37.895324,51.3149097]]}},
{"type":"Feature","properties":{"full_id":"w30303954","osm_id":"30303954","osm_type":"way","highway":"service","tactile_paving":null,"handrail":null,"traffic_signals:vibration":null,"traffic_signals:sound":null,"button_operated":null,"access":null,"layer":null,"tunnel":null,"postal_code":null,"footway":null,"crossing:markings":null,"crossing:island":null,"crossing":null,"surface":null,"oneway":null,"old_name":null,"name:etymology:wikidata":null,"name":null,"maxspeed":null,"lit":null,"lanes":null,"service":null},"geometry":{"type":"LineString","coordinates":[[37.8935612,51.3154544],[37.8935232,51.3153784],[37.8935717,51.3151387],[37.8937206,51.3150674],[37.8939363,51.314872],[37.8940102,51.3148646],[37.8940733,51.3148774],[37.8942624,51.3149559]]}},
{"type":"Feature","properties":{"full_id":"w30303958","osm_id":"30303958","osm_type":"way","highway":"service","tactile_paving":null,"handrail":null,"traffic_signals:vibration":null,"traffic_signals:sound":null,"button_operated":null,"access":null,"layer":null,"tunnel":null,"postal_code":null,"footway":null,"crossing:markings":null,"crossing:island":null,"crossing":null,"surface":null,"oneway":null,"old_name":null,"name:etymology:wikidata":null,"name":null,"maxspeed":null,"lit":null,"lanes":null,"service":null},"geometry":{"type":"LineString","coordinates":[[37.893711,51.3164484],[37.8937762,51.3163524],[37.8938575,51.3162705],[37.8938721,51.3161848],[37.8938759,51.3160603],[37.8936247,51.315712],[37.8935612,51.3154544],[37.8934201,51.3154418],[37.8931284,51.3153257]]}},
{"type":"Feature","properties":{"full_id":"w30303959","osm_id":"30303959","osm_type":"way","highway":"service","tactile_paving":null,"handrail":null,"traffic_signals:vibration":null,"traffic_signals:sound":null,"button_operated":null,"access":null,"layer":null,"tunnel":null,"postal_code":null,"footway":null,"crossing:markings":null,"crossing:island":null,"crossing":null,"surface":null,"oneway":null,"old_name":null,"name:etymology:wikidata":null,"name":null,"maxspeed":null,"lit":null,"lanes":null,"service":null},"geometry":{"type":"LineString","coordinates":[[37.897881,51.3127881],[37.8979866,51.3128033],[37.8980873,51.3127421],[37.8989757,51.3130987],[37.8990103,51.3133118],[37.8989254,51.3133708],[37.8986788,51.3135993]]}},
{"type":"Feature","properties":{"full_id":"w30303960","osm_id":"30303960","osm_type":"way","highway":"service","tactile_paving":null,"handrail":null,"traffic_signals:vibration":null,"traffic_signals:sound":null,"button_operated":null,"access":null,"layer":null,"tunnel":null,"postal_code":null,"footway":null,"crossing:markings":null,"crossing:island":null,"crossing":null,"surface":null,"oneway":null,"old_name":null,"name:etymology:wikidata":null,"name":null,"maxspeed":null,"lit":null,"lanes":null,"service":null},"geometry":{"type":"LineString","coordinates":[[37.8965729,51.3122187],[37.896783,51.3123024],[37.8968571,51.3123319],[37.8974166,51.3125812],[37.897881,51.3127881],[37.8978414,51.3128193]]}},
{"type":"Feature","properties":{"full_id":"w30303961","osm_id":"30303961","osm_type":"way","highway":"service","tactile_paving":null,"handrail":null,"traffic_signals:vibration":null,"traffic_signals:sound":null,"button_operated":null,"access":null,"layer":null,"tunnel":null,"postal_code":null,"footway":null,"crossing:markings":null,"crossing:island":null,"crossing":null,"surface":null,"oneway":null,"old_name":null,"name:etymology:wikidata":null,"name":null,"maxspeed":null,"lit":null,"lanes":null,"service":null},"geometry":{"type":"LineString","coordinates":[[37.8987919,51.3139097],[37.8986746,51.3139693],[37.8984654,51.3141277],[37.8984386,51.3141755],[37.8984278,51.3142216],[37.8984229,51.3142678]]}},
{"type":"Feature","properties":{"full_id":"w30303962","osm_id":"30303962","osm_type":"way","highway":"service","tactile_paving":null,"handrail":null,"traffic_signals:vibration":null,"traffic_signals:sound":null,"button_operated":null,"access":null,"layer":null,"tunnel":null,"postal_code":null,"footway":null,"crossing:markings":null,"crossing:island":null,"crossing":null,"surface":null,"oneway":null,"old_name":null,"name:etymology:wikidata":null,"name":null,"maxspeed":null,"lit":null,"lanes":null,"service":null},"geometry":{"type":"LineString","coordinates":[[37.8957753,51.3129305],[37.896053,51.3130445],[37.8962279,51.3131164]]}},
{"type":"Feature","properties":{"full_id":"w30303964","osm_id":"30303964","osm_type":"way","highway":"service","tactile_paving":null,"handrail":null,"traffic_signals:vibration":null,"traffic_signals:sound":null,"button_operated":null,"access":null,"layer":null,"tunnel":null,"postal_code":null,"footway":null,"crossing:markings":null,"crossing:island":null,"crossing":null,"surface":null,"oneway":null,"old_name":null,"name:etymology:wikidata":null,"name":null,"maxspeed":null,"lit":null,"lanes":null,"service":null},"geometry":{"type":"LineString","coordinates":[[37.8967035,51.3164741],[37.8969283,51.3162802],[37.8970556,51.3161729],[37.8972887,51.3159618],[37.8975508,51.3157263],[37.8975804,51.3156745]]}},
{"type":"Feature","properties":{"full_id":"w30303965","osm_id":"30303965","osm_type":"way","highway":"service","tactile_paving":null,"handrail":null,"traffic_signals:vibration":null,"traffic_signals:sound":null,"button_operated":null,"access":null,"layer":null,"tunnel":null,"postal_code":null,"footway":null,"crossing:markings":null,"crossing:island":null,"crossing":null,"surface":null,"oneway":null,"old_name":null,"name:etymology:wikidata":null,"name":null,"maxspeed":null,"lit":null,"lanes":null,"service":null},"geometry":{"type":"LineString","coordinates":[[37.895324,51.3149097],[37.8953451,51.3149992],[37.895373,51.3150758],[37.8954689,51.3151495],[37.8954887,51.3151859],[37.8955364,51.3154572],[37.8955716,51.3154895],[37.8958693,51.3156345],[37.8959696,51.3156475],[37.896288,51.3156082],[37.8963397,51.3155846],[37.8964631,51.3154866],[37.8965422,51.3154723],[37.8967487,51.3154612],[37.8970532,51.3154404],[37.8972426,51.3154766],[37.8974918,51.3155729],[37.8975561,51.3156123],[37.8975804,51.3156745],[37.8976488,51.3157078]]}},
{"type":"Feature","properties":{"full_id":"w30303967","osm_id":"30303967","osm_type":"way","highway":"service","tactile_paving":null,"handrail":null,"traffic_signals:vibration":null,"traffic_signals:sound":null,"button_operated":null,"access":null,"layer":null,"tunnel":null,"postal_code":null,"footway":null,"crossing:markings":null,"crossing:island":null,"crossing":null,"surface":null,"oneway":null,"old_name":null,"name:etymology:wikidata":null,"name":null,"maxspeed":null,"lit":null,"lanes":null,"service":null},"geometry":{"type":"LineString","coordinates":[[37.8958222,51.3147556],[37.8958516,51.3149576],[37.8958693,51.3150753]]}},
{"type":"Feature","properties":{"full_id":"w30303971","osm_id":"30303971","osm_type":"way","highway":"service","tactile_paving":null,"handrail":null,"traffic_signals:vibration":null,"traffic_signals:sound":null,"button_operated":null,"access":null,"layer":null,"tunnel":null,"postal_code":null,"footway":null,"crossing:markings":null,"crossing:island":null,"crossing":null,"surface":null,"oneway":null,"old_name":null,"name:etymology:wikidata":null,"name":null,"maxspeed":null,"lit":null,"lanes":null,"service":"parking_aisle"},"geometry":{"type":"LineString","coordinates":[[37.8996297,51.3123196],[37.8998477,51.3121004]]}},
{"type":"Feature","properties":{"full_id":"w30303972","osm_id":"30303972","osm_type":"way","highway":"secondary","tactile_paving":null,"handrail":null,"traffic_signals:vibration":null,"traffic_signals:sound":null,"button_operated":null,"access":null,"layer":null,"tunnel":null,"postal_code":null,"footway":null,"crossing:markings":null,"crossing:island":null,"crossing":null,"surface":"asphalt","oneway":"yes","old_name":"улица XXV Партсъезда","name:etymology:wikidata":"Q270706","name":"проспект Победы","maxspeed":"RU:urban","lit":"yes","lanes":"2","service":null},"geometry":{"type":"LineString","coordinates":[[37.8858749,51.3055929],[37.8862495,51.3057678],[37.888596,51.3067855],[37.8888688,51.3069047],[37.8897294,51.307276],[37.8897914,51.307306]]}},
{"type":"Feature","properties":{"full_id":"w30303974","osm_id":"30303974","osm_type":"way","highway":"service","tactile_paving":null,"handrail":null,"traffic_signals:vibration":null,"traffic_signals:sound":null,"button_operated":null,"access":null,"layer":null,"tunnel":null,"postal_code":null,"footway":null,"crossing:markings":null,"crossing:island":null,"crossing":null,"surface":null,"oneway":null,"old_name":null,"name:etymology:wikidata":null,"name":null,"maxspeed":null,"lit":null,"lanes":null,"service":"parking_aisle"},"geometry":{"type":"LineString","coordinates":[[37.8997664,51.3120565],[37.8998477,51.3121004],[37.9000132,51.3121722],[37.9002133,51.312253],[37.8999804,51.312461]]}},
{"type":"Feature","properties":{"full_id":"w30303976","osm_id":"30303976","osm_type":"way","highway":"service","tactile_paving":null,"handrail":null,"traffic_signals:vibration":null,"traffic_signals:sound":null,"button_operated":null,"access":null,"layer":null,"tunnel":null,"postal_code":null,"footway":null,"crossing:markings":null,"crossing:island":null,"crossing":null,"surface":null,"oneway":null,"old_name":null,"name:etymology:wikidata":null,"name":null,"maxspeed":null,"lit":null,"lanes":null,"service":"parking_aisle"},"geometry":{"type":"LineString","coordinates":[[37.8998041,51.312388],[37.9000132,51.3121722]]}},
{"type":"Feature","properties":{"full_id":"w30303978","osm_id":"30303978","osm_type":"way","highway":"service","tactile_paving":null,"handrail":null,"traffic_signals:vibration":null,"traffic_signals:sound":null,"button_operated":null,"access":null,"layer":null,"tunnel":null,"postal_code":null,"footway":null,"crossing:markings":null,"crossing:island":null,"crossing":null,"surface":"asphalt","oneway":null,"old_name":null,"name:etymology:wikidata":null,"name":"Солнечная аллея","maxspeed":null,"lit":null,"lanes":null,"service":null},"geometry":{"type":"LineString","coordinates":[[37.8970407,51.3117804],[37.8973326,51.3119073],[37.8974649,51.3119609],[37.8974164,51.3120069],[37.8979529,51.3122306],[37.898186,51.3123357],[37.8991377,51.3126741]]}},
{"type":"Feature","properties":{"full_id":"w30303980","osm_id":"30303980","osm_type":"way","highway":"service","tactile_paving":null,"handrail":null,"traffic_signals:vibration":null,"traffic_signals:sound":null,"button_operated":null,"access":null,"layer":null,"tunnel":null,"postal_code":null,"footway":null,"crossing:markings":null,"crossing:island":null,"crossing":null,"surface":null,"oneway":null,"old_name":null,"name:etymology:wikidata":null,"name":null,"maxspeed":null,"lit":null,"lanes":null,"service":"parking_aisle"},"geometry":{"type":"LineString","coordinates":[[37.8992513,51.3138888],[37.8996149,51.3140329],[37.8997159,51.314272],[37.9008949,51.3147663],[37.9013434,51.3147346],[37.9014038,51.3147204],[37.9014845,51.3147557]]}},
{"type":"Feature","properties":{"full_id":"w30303982","osm_id":"30303982","osm_type":"way","highway":"service","tactile_paving":null,"handrail":null,"traffic_signals:vibration":null,"traffic_signals:sound":null,"button_operated":null,"access":null,"layer":null,"tunnel":null,"postal_code":null,"footway":null,"crossing:markings":null,"crossing:island":null,"crossing":null,"surface":null,"oneway":null,"old_name":null,"name:etymology:wikidata":null,"name":null,"maxspeed":null,"lit":null,"lanes":null,"service":null},"geometry":{"type":"LineString","coordinates":[[37.9028347,51.3136744],[37.9026427,51.3138543],[37.9024351,51.3140652],[37.9024578,51.3141538],[37.9026455,51.3142285],[37.9026702,51.3143176],[37.9027094,51.3144591]]}},
{"type":"Feature","properties":{"full_id":"w30303983","osm_id":"30303983","osm_type":"way","highway":"service","tactile_paving":null,"handrail":null,"traffic_signals:vibration":null,"traffic_signals:sound":null,"button_operated":null,"access":null,"layer":null,"tunnel":null,"postal_code":null,"footway":null,"crossing:markings":null,"crossing:island":null,"crossing":null,"surface":null,"oneway":null,"old_name":null,"name:etymology:wikidata":null,"name":null,"maxspeed":null,"lit":null,"lanes":null,"service":null},"geometry":{"type":"LineString","coordinates":[[37.9004129,51.3131339],[37.9003806,51.3131623],[37.9003258,51.3132087],[37.9002795,51.3132974],[37.9002783,51.3134067]]}},
{"type":"Feature","properties":{"full_id":"w30303984","osm_id":"30303984","osm_type":"way","highway":"service","tactile_paving":null,"handrail":null,"traffic_signals:vibration":null,"traffic_signals:sound":null,"button_operated":null,"access":null,"layer":null,"tunnel":null,"postal_code":null,"footway":null,"crossing:markings":null,"crossing:island":null,"crossing":null,"surface":null,"oneway":null,"old_name":null,"name:etymology:wikidata":null,"name":null,"maxspeed":null,"lit":null,"lanes":null,"service":null},"geometry":{"type":"LineString","coordinates":[[37.9015849,51.3131482],[37.9028347,51.3136744],[37.9031836,51.3138242],[37.9036941,51.3140433],[37.9034319,51.3142679],[37.9032439,51.3142167],[37.9029882,51.3142211],[37.9027094,51.3144591],[37.9023435,51.3147856],[37.9022513,51.3148721],[37.9021051,51.3150109],[37.902029,51.3150164],[37.901518,51.3148104],[37.9013152,51.3149341],[37.9010756,51.3151324],[37.9010057,51.3152121],[37.90088,51.3152493],[37.900529,51.315572],[37.9006031,51.3156668],[37.9007989,51.3157674],[37.900933,51.3158104],[37.9011148,51.3158675],[37.9012529,51.3159112],[37.9016636,51.315878],[37.901794,51.315821],[37.9019259,51.3156997],[37.9020097,51.3155609],[37.9020596,51.3154664],[37.9025625,51.3150108],[37.9026565,51.3149278]]}},
{"type":"Feature","properties":{"full_id":"w30303985","osm_id":"30303985","osm_type":"way","highway":"service","tactile_paving":null,"handrail":null,"traffic_signals:vibration":null,"traffic_signals:sound":null,"button_operated":null,"access":null,"layer":null,"tunnel":null,"postal_code":null,"footway":null,"crossing:markings":null,"crossing:island":null,"crossing":null,"surface":"asphalt","oneway":null,"old_name":null,"name:etymology:wikidata":null,"name":null,"maxspeed":null,"lit":null,"lanes":null,"service":null},"geometry":{"type":"LineString","coordinates":[[37.9023435,51.3147856],[37.902524,51.3148676],[37.9026565,51.3149278],[37.9029027,51.3150293],[37.9031039,51.3151122],[37.9032705,51.3151833]]}},
{"type":"Feature","properties":{"full_id":"w30303986","osm_id":"30303986","osm_type":"way","highway":"service","tactile_paving":null,"handrail":null,"traffic_signals:vibration":null,"traffic_signals:sound":null,"button_operated":null,"access":null,"layer":null,"tunnel":null,"postal_code":null,"footway":null,"crossing:markings":null,"crossing:island":null,"crossing":null,"surface":null,"oneway":null,"old_name":null,"name:etymology:wikidata":null,"name":null,"maxspeed":null,"lit":null,"lanes":null,"service":null},"geometry":{"type":"LineString","coordinates":[[37.9009529,51.3130055],[37.9011099,51.3128568],[37.901106,51.3128268],[37.9007426,51.3126733],[37.9006963,51.3126796],[37.9003017,51.3130455],[37.9003054,51.3130782],[37.9004129,51.3131339],[37.900509,51.3131481],[37.9012273,51.3134477],[37.9012895,51.3135012],[37.9017432,51.3137134]]}},
{"type":"Feature","properties":{"full_id":"w30303987","osm_id":"30303987","osm_type":"way","highway":"service","tactile_paving":null,"handrail":null,"traffic_signals:vibration":null,"traffic_signals:sound":null,"button_operated":null,"access":null,"layer":null,"tunnel":null,"postal_code":null,"footway":null,"crossing:markings":null,"crossing:island":null,"crossing":null,"surface":null,"oneway":null,"old_name":null,"name:etymology:wikidata":null,"name":null,"maxspeed":null,"lit":null,"lanes":null,"service":null},"geometry":{"type":"LineString","coordinates":[[37.9012273,51.3134477],[37.9014001,51.3133078],[37.9014627,51.3132593],[37.9015849,51.3131482],[37.901897,51.3128589],[37.9020592,51.3127036]]}},
{"type":"Feature","properties":{"full_id":"w30304223","osm_id":"30304223","osm_type":"way","highway":"footway","tactile_paving":null,"handrail":null,"traffic_signals:vibration":null,"traffic_signals:sound":null,"button_operated":null,"access":null,"layer":null,"tunnel":null,"postal_code":null,"footway":null,"crossing:markings":null,"crossing:island":null,"crossing":null,"surface":null,"oneway":null,"old_name":null,"name:etymology:wikidata":null,"name":null,"maxspeed":null,"lit":null,"lanes":null,"service":null},"geometry":{"type":"LineString","coordinates":[[37.9006409,51.3112968],[37.9008566,51.3114778],[37.9011193,51.3116057],[37.9012012,51.3116397]]}},
{"type":"Feature","properties":{"full_id":"w30304224","osm_id":"30304224","osm_type":"way","highway":"service","tactile_paving":null,"handrail":null,"traffic_signals:vibration":null,"traffic_signals:sound":null,"button_operated":null,"access":null,"layer":null,"tunnel":null,"postal_code":null,"footway":null,"crossing:markings":null,"crossing:island":null,"crossing":null,"surface":null,"oneway":null,"old_name":null,"name:etymology:wikidata":null,"name":null,"maxspeed":null,"lit":null,"lanes":null,"service":null},"geometry":{"type":"LineString","coordinates":[[37.9007366,51.3106132],[37.9010215,51.3107134],[37.9012276,51.3108116],[37.9013287,51.3108224],[37.9014011,51.3108031],[37.9017424,51.3104932]]}},
{"type":"Feature","properties":{"full_id":"w30304225","osm_id":"30304225","osm_type":"way","highway":"service","tactile_paving":null,"handrail":null,"traffic_signals:vibration":null,"traffic_signals:sound":null,"button_operated":null,"access":null,"layer":null,"tunnel":null,"postal_code":null,"footway":null,"crossing:markings":null,"crossing:island":null,"crossing":null,"surface":null,"oneway":null,"old_name":null,"name:etymology:wikidata":null,"name":null,"maxspeed":null,"lit":null,"lanes":null,"service":null},"geometry":{"type":"LineString","coordinates":[[37.9009989,51.3121677],[37.9011818,51.3120107],[37.9014271,51.3118019],[37.9015634,51.3116738],[37.9017075,51.3115438],[37.9018495,51.3114136],[37.9018795,51.3113879],[37.9028535,51.3104845],[37.9028941,51.3104485],[37.9030044,51.3103409],[37.9034847,51.3099164],[37.9035661,51.3099463],[37.9036307,51.3099399],[37.9036621,51.3099459]]}},
{"type":"Feature","properties":{"full_id":"w30304226","osm_id":"30304226","osm_type":"way","highway":"service","tactile_paving":null,"handrail":null,"traffic_signals:vibration":null,"traffic_signals:sound":null,"button_operated":null,"access":null,"layer":null,"tunnel":null,"postal_code":null,"footway":null,"crossing:markings":null,"crossing:island":null,"crossing":null,"surface":null,"oneway":null,"old_name":null,"name:etymology:wikidata":null,"name":null,"maxspeed":null,"lit":null,"lanes":null,"service":null},"geometry":{"type":"LineString","coordinates":[[37.9018795,51.3113879],[37.9022673,51.3115401],[37.9024887,51.3117001],[37.9027217,51.3118006],[37.9030667,51.3119496],[37.9038307,51.3122793]]}},
{"type":"Feature","properties":{"full_id":"w30304227","osm_id":"30304227","osm_type":"way","highway":"service","tactile_paving":null,"handrail":null,"traffic_signals:vibration":null,"traffic_signals:sound":null,"button_operated":null,"access":null,"layer":null,"tunnel":null,"postal_code":null,"footway":null,"crossing:markings":null,"crossing:island":null,"crossing":null,"surface":null,"oneway":null,"old_name":null,"name:etymology:wikidata":null,"name":null,"maxspeed":null,"lit":null,"lanes":null,"service":"parking_aisle"},"geometry":{"type":"LineString","coordinates":[[37.9028772,51.3103969],[37.9028441,51.3103437],[37.9030493,51.3101324],[37.9029895,51.3100769],[37.9029735,51.3100714],[37.902765,51.3099773],[37.9028146,51.3099153],[37.9028267,51.309834],[37.9028079,51.3097619],[37.9027516,51.3096982],[37.9026885,51.3096621],[37.902592,51.309632],[37.902478,51.309632],[37.9023734,51.3096454],[37.9022755,51.3096781],[37.9022151,51.3097292],[37.9021856,51.3098088],[37.9021923,51.3098784],[37.9022419,51.3099514],[37.9023452,51.3100109],[37.9024605,51.3100276],[37.9025705,51.310026],[37.9026698,51.3100109],[37.902765,51.3099773]]}},
{"type":"Feature","properties":{"full_id":"w30304228","osm_id":"30304228","osm_type":"way","highway":"service","tactile_paving":null,"handrail":null,"traffic_signals:vibration":null,"traffic_signals:sound":null,"button_operated":null,"access":null,"layer":null,"tunnel":null,"postal_code":null,"footway":null,"crossing:markings":null,"crossing:island":null,"crossing":null,"surface":null,"oneway":null,"old_name":null,"name:etymology:wikidata":null,"name":null,"maxspeed":null,"lit":null,"lanes":null,"service":null},"geometry":{"type":"LineString","coordinates":[[37.9025625,51.3113098],[37.9037124,51.311812],[37.9041247,51.3120051],[37.9041988,51.3120357],[37.9046983,51.3122399],[37.904729,51.3122907]]}},
{"type":"Feature","properties":{"full_id":"w30304229","osm_id":"30304229","osm_type":"way","highway":"service","tactile_paving":null,"handrail":null,"traffic_signals:vibration":null,"traffic_signals:sound":null,"button_operated":null,"access":null,"layer":null,"tunnel":null,"postal_code":null,"footway":null,"crossing:markings":null,"crossing:island":null,"crossing":null,"surface":null,"oneway":null,"old_name":null,"name:etymology:wikidata":null,"name":null,"maxspeed":null,"lit":null,"lanes":null,"service":null},"geometry":{"type":"LineString","coordinates":[[37.9038631,51.3133946],[37.9040102,51.3132629],[37.9041878,51.3130974]]}},
{"type":"Feature","properties":{"full_id":"w30304234","osm_id":"30304234","osm_type":"way","highway":"service","tactile_paving":null,"handrail":null,"traffic_signals:vibration":null,"traffic_signals:sound":null,"button_operated":null,"access":null,"layer":null,"tunnel":null,"postal_code":null,"footway":null,"crossing:markings":null,"crossing:island":null,"crossing":null,"surface":null,"oneway":null,"old_name":null,"name:etymology:wikidata":null,"name":null,"maxspeed":null,"lit":null,"lanes":null,"service":null},"geometry":{"type":"LineString","coordinates":[[37.898337,51.3106396],[37.8986208,51.3107703],[37.8988447,51.3108427],[37.8989683,51.31084],[37.8991411,51.3107078]]}},
{"type":"Feature","properties":{"full_id":"w30304236","osm_id":"30304236","osm_type":"way","highway":"service","tactile_paving":null,"handrail":null,"traffic_signals:vibration":null,"traffic_signals:sound":null,"button_operated":null,"access":null,"layer":null,"tunnel":null,"postal_code":null,"footway":null,"crossing:markings":null,"crossing:island":null,"crossing":null,"surface":null,"oneway":null,"old_name":null,"name:etymology:wikidata":null,"name":null,"maxspeed":null,"lit":null,"lanes":null,"service":null},"geometry":{"type":"LineString","coordinates":[[37.8992472,51.311097],[37.8991862,51.3111563],[37.8990352,51.3112954]]}},
{"type":"Feature","properties":{"full_id":"w30304237","osm_id":"30304237","osm_type":"way","highway":"service","tactile_paving":null,"handrail":null,"traffic_signals:vibration":null,"traffic_signals:sound":null,"button_operated":null,"access":null,"layer":null,"tunnel":null,"postal_code":null,"footway":null,"crossing:markings":null,"crossing:island":null,"crossing":null,"surface":null,"oneway":null,"old_name":null,"name:etymology:wikidata":null,"name":null,"maxspeed":null,"lit":null,"lanes":null,"service":null},"geometry":{"type":"LineString","coordinates":[[37.8996787,51.3115788],[37.8998389,51.3114268],[37.8998786,51.3113914],[37.9001879,51.3110943],[37.9004918,51.3108278],[37.9007366,51.3106132],[37.9005226,51.3103769],[37.8999733,51.3101413],[37.8999426,51.3100612],[37.9000834,51.309927],[37.9002712,51.3098457],[37.9004744,51.3096802],[37.9005696,51.3096018],[37.9007091,51.3095391],[37.9008304,51.3094446],[37.9008646,51.3093842],[37.900927,51.3093333],[37.9011099,51.3091689],[37.9011094,51.3091323],[37.9010993,51.3091042],[37.9010738,51.3090711],[37.9009771,51.3090311]]}},
{"type":"Feature","properties":{"full_id":"w30304238","osm_id":"30304238","osm_type":"way","highway":"service","tactile_paving":null,"handrail":null,"traffic_signals:vibration":null,"traffic_signals:sound":null,"button_operated":null,"access":null,"layer":null,"tunnel":null,"postal_code":null,"footway":null,"crossing:markings":null,"crossing:island":null,"crossing":null,"surface":null,"oneway":null,"old_name":null,"name:etymology:wikidata":null,"name":null,"maxspeed":null,"lit":null,"lanes":null,"service":null},"geometry":{"type":"LineString","coordinates":[[37.8998786,51.3113914],[37.9000977,51.3114945]]}},
{"type":"Feature","properties":{"full_id":"w30304239","osm_id":"30304239","osm_type":"way","highway":"service","tactile_paving":null,"handrail":null,"traffic_signals:vibration":null,"traffic_signals:sound":null,"button_operated":null,"access":null,"layer":null,"tunnel":null,"postal_code":null,"footway":null,"crossing:markings":null,"crossing:island":null,"crossing":null,"surface":null,"oneway":null,"old_name":null,"name:etymology:wikidata":null,"name":null,"maxspeed":null,"lit":null,"lanes":null,"service":null},"geometry":{"type":"LineString","coordinates":[[37.9001879,51.3110943],[37.9006409,51.3112968]]}},
{"type":"Feature","properties":{"full_id":"w30304244","osm_id":"30304244","osm_type":"way","highway":"service","tactile_paving":null,"handrail":null,"traffic_signals:vibration":null,"traffic_signals:sound":null,"button_operated":null,"access":null,"layer":null,"tunnel":null,"postal_code":null,"footway":null,"crossing:markings":null,"crossing:island":null,"crossing":null,"surface":null,"oneway":null,"old_name":null,"name:etymology:wikidata":null,"name":null,"maxspeed":null,"lit":null,"lanes":null,"service":null},"geometry":{"type":"LineString","coordinates":[[37.900927,51.3093333],[37.9014844,51.3095663],[37.901558,51.3095783],[37.9016344,51.3095498],[37.9021106,51.3091269],[37.9021306,51.3090862],[37.9021159,51.3090325],[37.9020408,51.3089906],[37.901727,51.3088732],[37.9016156,51.3088039],[37.9015178,51.308784],[37.901071,51.3085881],[37.9007458,51.308453]]}},
{"type":"Feature","properties":{"full_id":"w30304246","osm_id":"30304246","osm_type":"way","highway":"service","tactile_paving":null,"handrail":null,"traffic_signals:vibration":null,"traffic_signals:sound":null,"button_operated":null,"access":null,"layer":null,"tunnel":null,"postal_code":null,"footway":null,"crossing:markings":null,"crossing:island":null,"crossing":null,"surface":null,"oneway":null,"old_name":null,"name:etymology:wikidata":null,"name":null,"maxspeed":null,"lit":null,"lanes":null,"service":null},"geometry":{"type":"LineString","coordinates":[[37.9024529,51.3081744],[37.9028604,51.308349],[37.9029313,51.3083526],[37.9030169,51.3083048],[37.9034154,51.3079443],[37.9035087,51.3078295],[37.9036331,51.3077075],[37.9035589,51.3076559],[37.9032317,51.307516],[37.9031699,51.3074683],[37.9031901,51.3074095],[37.9035602,51.3070605],[37.9037048,51.3069256],[37.9037936,51.3068821],[37.9038934,51.3068893],[37.9042243,51.307026],[37.9043576,51.307013],[37.9044225,51.3070066],[37.9045311,51.3070142],[37.9046425,51.3070674],[37.905069,51.3072879],[37.9055692,51.3075042],[37.9056025,51.3075532],[37.9051723,51.3079293],[37.9050478,51.3079498],[37.9049436,51.3079374],[37.9044243,51.3077375],[37.9039523,51.3078091]]}},
{"type":"Feature","properties":{"full_id":"w30304250","osm_id":"30304250","osm_type":"way","highway":"service","tactile_paving":null,"handrail":null,"traffic_signals:vibration":null,"traffic_signals:sound":null,"button_operated":null,"access":null,"layer":null,"tunnel":null,"postal_code":null,"footway":null,"crossing:markings":null,"crossing:island":null,"crossing":null,"surface":null,"oneway":null,"old_name":null,"name:etymology:wikidata":null,"name":null,"maxspeed":null,"lit":null,"lanes":null,"service":null},"geometry":{"type":"LineString","coordinates":[[37.9031715,51.3107603],[37.9042392,51.311224],[37.904259,51.311286],[37.9037124,51.311812]]}},
{"type":"Feature","properties":{"full_id":"w30304251","osm_id":"30304251","osm_type":"way","highway":"service","tactile_paving":null,"handrail":null,"traffic_signals:vibration":null,"traffic_signals:sound":null,"button_operated":null,"access":null,"layer":null,"tunnel":null,"postal_code":null,"footway":null,"crossing:markings":null,"crossing:island":null,"crossing":null,"surface":null,"oneway":null,"old_name":null,"name:etymology:wikidata":null,"name":null,"maxspeed":null,"lit":null,"lanes":null,"service":null},"geometry":{"type":"LineString","coordinates":[[37.9029759,51.3130204],[37.903152,51.3128683],[37.9033819,51.3126675],[37.9037249,51.3123708],[37.9038307,51.3122793],[37.9041247,51.3120051],[37.9047718,51.3114761],[37.9048316,51.3113983]]}},
{"type":"Feature","properties":{"full_id":"w30304407","osm_id":"30304407","osm_type":"way","highway":"service","tactile_paving":null,"handrail":null,"traffic_signals:vibration":null,"traffic_signals:sound":null,"button_operated":null,"access":null,"layer":null,"tunnel":null,"postal_code":null,"footway":null,"crossing:markings":null,"crossing:island":null,"crossing":null,"surface":null,"oneway":null,"old_name":null,"name:etymology:wikidata":null,"name":null,"maxspeed":null,"lit":null,"lanes":null,"service":null},"geometry":{"type":"LineString","coordinates":[[37.9046242,51.3145443],[37.9048093,51.3146384],[37.9045962,51.3148558]]}},
{"type":"Feature","properties":{"full_id":"w30304408","osm_id":"30304408","osm_type":"way","highway":"service","tactile_paving":null,"handrail":null,"traffic_signals:vibration":null,"traffic_signals:sound":null,"button_operated":null,"access":null,"layer":null,"tunnel":null,"postal_code":null,"footway":null,"crossing:markings":null,"crossing:island":null,"crossing":null,"surface":null,"oneway":null,"old_name":null,"name:etymology:wikidata":null,"name":null,"maxspeed":null,"lit":null,"lanes":null,"service":null},"geometry":{"type":"LineString","coordinates":[[37.9043834,51.314764],[37.9044883,51.3148118],[37.9045962,51.3148558],[37.9047898,51.3149425],[37.9050019,51.3150372],[37.9050439,51.3151242]]}},
{"type":"Feature","properties":{"full_id":"w30304411","osm_id":"30304411","osm_type":"way","highway":"secondary","tactile_paving":null,"handrail":null,"traffic_signals:vibration":null,"traffic_signals:sound":null,"button_operated":null,"access":null,"layer":null,"tunnel":null,"postal_code":null,"footway":null,"crossing:markings":null,"crossing:island":null,"crossing":null,"surface":"asphalt","oneway":"yes","old_name":null,"name:etymology:wikidata":null,"name":"улица Надежды","maxspeed":null,"lit":null,"lanes":"3","service":null},"geometry":{"type":"LineString","coordinates":[[37.9018362,51.3166307],[37.9019992,51.3165888],[37.9021268,51.3165381],[37.9022889,51.3164312],[37.9024293,51.3163147],[37.9027135,51.3160636],[37.9029061,51.3158933],[37.9034731,51.3153734],[37.9040237,51.314867]]}},
{"type":"Feature","properties":{"full_id":"w30304414","osm_id":"30304414","osm_type":"way","highway":"secondary","tactile_paving":null,"handrail":null,"traffic_signals:vibration":null,"traffic_signals:sound":null,"button_operated":null,"access":null,"layer":null,"tunnel":null,"postal_code":null,"footway":null,"crossing:markings":null,"crossing:island":null,"crossing":null,"surface":"asphalt","oneway":"yes","old_name":null,"name:etymology:wikidata":null,"name":"улица Надежды","maxspeed":null,"lit":null,"lanes":"3","service":null},"geometry":{"type":"LineString","coordinates":[[37.9050991,51.3141759],[37.9049663,51.3142329],[37.9048967,51.3142904],[37.9046242,51.3145443],[37.9043834,51.314764],[37.9036188,51.315457],[37.9030638,51.3159616],[37.903,51.316019],[37.9025795,51.3164047],[37.9024026,51.3166139],[37.9023479,51.316728],[37.9023098,51.316863]]}},
{"type":"Feature","properties":{"full_id":"w30304417","osm_id":"30304417","osm_type":"way","highway":"service","tactile_paving":null,"handrail":null,"traffic_signals:vibration":null,"traffic_signals:sound":null,"button_operated":null,"access":null,"layer":null,"tunnel":null,"postal_code":null,"footway":null,"crossing:markings":null,"crossing:island":null,"crossing":null,"surface":null,"oneway":null,"old_name":null,"name:etymology:wikidata":null,"name":null,"maxspeed":null,"lit":null,"lanes":null,"service":"parking_aisle"},"geometry":{"type":"LineString","coordinates":[[37.9039914,51.3153233],[37.9037681,51.3155187],[37.9032776,51.3159872],[37.9033273,51.3160079],[37.9034303,51.3160508],[37.9039368,51.315591],[37.9041558,51.3153945]]}},
{"type":"Feature","properties":{"full_id":"w30304419","osm_id":"30304419","osm_type":"way","highway":"service","tactile_paving":null,"handrail":null,"traffic_signals:vibration":null,"traffic_signals:sound":null,"button_operated":null,"access":null,"layer":null,"tunnel":null,"postal_code":null,"footway":null,"crossing:markings":null,"crossing:island":null,"crossing":null,"surface":null,"oneway":null,"old_name":null,"name:etymology:wikidata":null,"name":null,"maxspeed":null,"lit":null,"lanes":null,"service":null},"geometry":{"type":"LineString","coordinates":[[37.9036188,51.315457],[37.9037681,51.3155187]]}},
{"type":"Feature","properties":{"full_id":"w30304729","osm_id":"30304729","osm_type":"way","highway":"service","tactile_paving":null,"handrail":null,"traffic_signals:vibration":null,"traffic_signals:sound":null,"button_operated":null,"access":null,"layer":null,"tunnel":null,"postal_code":null,"footway":null,"crossing:markings":null,"crossing:island":null,"crossing":null,"surface":null,"oneway":null,"old_name":null,"name:etymology:wikidata":null,"name":null,"maxspeed":null,"lit":null,"lanes":null,"service":null},"geometry":{"type":"LineString","coordinates":[[37.904729,51.3122907],[37.9045217,51.3124908],[37.90442,51.3125234],[37.9042026,51.3127396],[37.9041817,51.3128],[37.904393,51.3129096],[37.9047094,51.3130497],[37.9047646,51.3130631],[37.9048115,51.313059],[37.9048477,51.3130397],[37.9050473,51.3128375],[37.9051238,51.3127634],[37.9055367,51.3123945],[37.9056993,51.3122534],[37.9057784,51.3121997],[37.9058295,51.312204],[37.9059957,51.3120446],[37.9060346,51.3119717],[37.9060031,51.3118951],[37.9055316,51.3116825],[37.9053816,51.3117025],[37.9051516,51.3119057],[37.9047941,51.3122215],[37.9046983,51.3122399]]}},
{"type":"Feature","properties":{"full_id":"w30304749","osm_id":"30304749","osm_type":"way","highway":"service","tactile_paving":null,"handrail":null,"traffic_signals:vibration":null,"traffic_signals:sound":null,"button_operated":null,"access":null,"layer":null,"tunnel":null,"postal_code":null,"footway":null,"crossing:markings":null,"crossing:island":null,"crossing":null,"surface":null,"oneway":null,"old_name":null,"name:etymology:wikidata":null,"name":null,"maxspeed":null,"lit":null,"lanes":null,"service":null},"geometry":{"type":"LineString","coordinates":[[37.9039523,51.3078091],[37.9036331,51.3077075]]}},
{"type":"Feature","properties":{"full_id":"w30304752","osm_id":"30304752","osm_type":"way","highway":"service","tactile_paving":null,"handrail":null,"traffic_signals:vibration":null,"traffic_signals:sound":null,"button_operated":null,"access":null,"layer":null,"tunnel":null,"postal_code":null,"footway":null,"crossing:markings":null,"crossing:island":null,"crossing":null,"surface":null,"oneway":null,"old_name":null,"name:etymology:wikidata":null,"name":null,"maxspeed":null,"lit":null,"lanes":null,"service":null},"geometry":{"type":"LineString","coordinates":[[37.879395,51.3099831],[37.8796464,51.3097688]]}},
{"type":"Feature","properties":{"full_id":"w30304755","osm_id":"30304755","osm_type":"way","highway":"service","tactile_paving":null,"handrail":null,"traffic_signals:vibration":null,"traffic_signals:sound":null,"button_operated":null,"access":null,"layer":null,"tunnel":null,"postal_code":null,"footway":null,"crossing:markings":null,"crossing:island":null,"crossing":null,"surface":null,"oneway":null,"old_name":null,"name:etymology:wikidata":null,"name":null,"maxspeed":null,"lit":null,"lanes":null,"service":null},"geometry":{"type":"LineString","coordinates":[[37.8807585,51.3148662],[37.8812261,51.3150818]]}},
{"type":"Feature","properties":{"full_id":"w30305750","osm_id":"30305750","osm_type":"way","highway":"service","tactile_paving":null,"handrail":null,"traffic_signals:vibration":null,"traffic_signals:sound":null,"button_operated":null,"access":null,"layer":null,"tunnel":null,"postal_code":null,"footway":null,"crossing:markings":null,"crossing:island":null,"crossing":null,"surface":"asphalt","oneway":null,"old_name":null,"name:etymology:wikidata":null,"name":null,"maxspeed":null,"lit":null,"lanes":null,"service":null},"geometry":{"type":"LineString","coordinates":[[37.8771157,51.3123251],[37.8777391,51.3118255]]}},
{"type":"Feature","properties":{"full_id":"w30305787","osm_id":"30305787","osm_type":"way","highway":"residential","tactile_paving":null,"handrail":null,"traffic_signals:vibration":null,"traffic_signals:sound":null,"button_operated":null,"access":null,"layer":null,"tunnel":null,"postal_code":null,"footway":null,"crossing:markings":null,"crossing:island":null,"crossing":null,"surface":"asphalt","oneway":null,"old_name":null,"name:etymology:wikidata":null,"name":"Молодёжный проспект (Ольминский дублёр)","maxspeed":null,"lit":null,"lanes":null,"service":null},"geometry":{"type":"LineString","coordinates":[[37.8786476,51.3106845],[37.8777789,51.3105298],[37.8775886,51.310481]]}},
{"type":"Feature","properties":{"full_id":"w30305795","osm_id":"30305795","osm_type":"way","highway":"service","tactile_paving":null,"handrail":null,"traffic_signals:vibration":null,"traffic_signals:sound":null,"button_operated":null,"access":null,"layer":null,"tunnel":null,"postal_code":null,"footway":null,"crossing:markings":null,"crossing:island":null,"crossing":null,"surface":null,"oneway":null,"old_name":null,"name:etymology:wikidata":null,"name":null,"maxspeed":null,"lit":null,"lanes":null,"service":null},"geometry":{"type":"LineString","coordinates":[[37.8784494,51.3121244],[37.8783743,51.3120916],[37.8782034,51.312014],[37.8777391,51.3118255],[37.8774969,51.3117157],[37.8774002,51.3116744],[37.8766463,51.3113095],[37.8771511,51.3108806],[37.8772951,51.3107424],[37.8774635,51.3105808],[37.8775886,51.310481]]}},
{"type":"Feature","properties":{"full_id":"w30305796","osm_id":"30305796","osm_type":"way","highway":"service","tactile_paving":null,"handrail":null,"traffic_signals:vibration":null,"traffic_signals:sound":null,"button_operated":null,"access":null,"layer":null,"tunnel":null,"postal_code":null,"footway":null,"crossing:markings":null,"crossing:island":null,"crossing":null,"surface":"asphalt","oneway":null,"old_name":null,"name:etymology:wikidata":null,"name":null,"maxspeed":null,"lit":null,"lanes":null,"service":null},"geometry":{"type":"LineString","coordinates":[[37.8774969,51.3117157],[37.8780834,51.3112608]]}},
{"type":"Feature","properties":{"full_id":"w30305799","osm_id":"30305799","osm_type":"way","highway":"footway","tactile_paving":null,"handrail":null,"traffic_signals:vibration":null,"traffic_signals:sound":null,"button_operated":null,"access":null,"layer":null,"tunnel":null,"postal_code":null,"footway":null,"crossing:markings":null,"crossing:island":null,"crossing":null,"surface":null,"oneway":null,"old_name":null,"name:etymology:wikidata":null,"name":null,"maxspeed":null,"lit":null,"lanes":null,"service":null},"geometry":{"type":"LineString","coordinates":[[37.877491,51.3110337],[37.8775847,51.3110701],[37.8778252,51.3111635]]}},
{"type":"Feature","properties":{"full_id":"w30306091","osm_id":"30306091","osm_type":"way","highway":"service","tactile_paving":null,"handrail":null,"traffic_signals:vibration":null,"traffic_signals:sound":null,"button_operated":null,"access":null,"layer":null,"tunnel":null,"postal_code":null,"footway":null,"crossing:markings":null,"crossing:island":null,"crossing":null,"surface":null,"oneway":null,"old_name":null,"name:etymology:wikidata":null,"name":null,"maxspeed":null,"lit":null,"lanes":null,"service":null},"geometry":{"type":"LineString","coordinates":[[37.8777167,51.3070922],[37.8777078,51.3071395],[37.8777346,51.3072502],[37.8778105,51.3073139],[37.8779979,51.3073921],[37.8783462,51.3075577],[37.8789215,51.3078022],[37.879045,51.3078604]]}},
{"type":"Feature","properties":{"full_id":"w30306092","osm_id":"30306092","osm_type":"way","highway":"service","tactile_paving":null,"handrail":null,"traffic_signals:vibration":null,"traffic_signals:sound":null,"button_operated":null,"access":null,"layer":null,"tunnel":null,"postal_code":null,"footway":null,"crossing:markings":null,"crossing:island":null,"crossing":null,"surface":null,"oneway":null,"old_name":null,"name:etymology:wikidata":null,"name":null,"maxspeed":null,"lit":null,"lanes":null,"service":null},"geometry":{"type":"LineString","coordinates":[[37.8766882,51.3096993],[37.8767843,51.3096376],[37.8769519,51.30953],[37.8770656,51.3094246],[37.8773235,51.3091875],[37.8777928,51.308753],[37.8778933,51.3086673]]}},
{"type":"Feature","properties":{"full_id":"w30306093","osm_id":"30306093","osm_type":"way","highway":"service","tactile_paving":null,"handrail":null,"traffic_signals:vibration":null,"traffic_signals:sound":null,"button_operated":null,"access":null,"layer":null,"tunnel":null,"postal_code":null,"footway":null,"crossing:markings":null,"crossing:island":null,"crossing":null,"surface":null,"oneway":null,"old_name":null,"name:etymology:wikidata":null,"name":null,"maxspeed":null,"lit":null,"lanes":null,"service":null},"geometry":{"type":"LineString","coordinates":[[37.8773235,51.3091875],[37.8764766,51.3088062],[37.8764663,51.3087707],[37.8769213,51.308371],[37.8777928,51.308753]]}},
{"type":"Feature","properties":{"full_id":"w30306094","osm_id":"30306094","osm_type":"way","highway":"service","tactile_paving":null,"handrail":null,"traffic_signals:vibration":null,"traffic_signals:sound":null,"button_operated":null,"access":null,"layer":null,"tunnel":null,"postal_code":null,"footway":null,"crossing:markings":null,"crossing:island":null,"crossing":null,"surface":null,"oneway":null,"old_name":null,"name:etymology:wikidata":null,"name":null,"maxspeed":null,"lit":null,"lanes":null,"service":null},"geometry":{"type":"LineString","coordinates":[[37.8778933,51.3086673],[37.8783953,51.3088705]]}},
{"type":"Feature","properties":{"full_id":"w30306095","osm_id":"30306095","osm_type":"way","highway":"service","tactile_paving":null,"handrail":null,"traffic_signals:vibration":null,"traffic_signals:sound":null,"button_operated":null,"access":null,"layer":null,"tunnel":null,"postal_code":null,"footway":null,"crossing:markings":null,"crossing:island":null,"crossing":null,"surface":null,"oneway":null,"old_name":null,"name:etymology:wikidata":null,"name":null,"maxspeed":null,"lit":null,"lanes":null,"service":null},"geometry":{"type":"LineString","coordinates":[[37.8805676,51.3101956],[37.8804611,51.3101542],[37.8802876,51.3100869],[37.8801107,51.3099928],[37.8796464,51.3097688],[37.8793774,51.3096463],[37.8791447,51.3095379],[37.8789979,51.3095498],[37.8787978,51.3097334],[37.8788196,51.3098281],[37.8792608,51.3099991],[37.879395,51.3099831]]}},
{"type":"Feature","properties":{"full_id":"w30306096","osm_id":"30306096","osm_type":"way","highway":"service","tactile_paving":null,"handrail":null,"traffic_signals:vibration":null,"traffic_signals:sound":null,"button_operated":null,"access":null,"layer":null,"tunnel":null,"postal_code":null,"footway":null,"crossing:markings":null,"crossing:island":null,"crossing":null,"surface":null,"oneway":null,"old_name":null,"name:etymology:wikidata":null,"name":null,"maxspeed":null,"lit":null,"lanes":null,"service":null},"geometry":{"type":"LineString","coordinates":[[37.8798113,51.3093992],[37.8801231,51.3095406],[37.8802556,51.3094835],[37.8810504,51.3087777],[37.8808098,51.3086712],[37.8808039,51.3085796],[37.8809379,51.3084433],[37.8811343,51.308262],[37.8818028,51.3075758],[37.882393,51.3070792]]}},
{"type":"Feature","properties":{"full_id":"w30306097","osm_id":"30306097","osm_type":"way","highway":"service","tactile_paving":null,"handrail":null,"traffic_signals:vibration":null,"traffic_signals:sound":null,"button_operated":null,"access":null,"layer":null,"tunnel":null,"postal_code":null,"footway":null,"crossing:markings":null,"crossing:island":null,"crossing":null,"surface":null,"oneway":null,"old_name":null,"name:etymology:wikidata":null,"name":null,"maxspeed":null,"lit":null,"lanes":null,"service":"parking_aisle"},"geometry":{"type":"LineString","coordinates":[[37.8814532,51.307437],[37.8814998,51.3073976],[37.8816122,51.3072885],[37.8815091,51.307062],[37.881358,51.3069879],[37.8812036,51.306938],[37.8810538,51.3069232],[37.8808433,51.3069483],[37.8807588,51.3069643],[37.8806046,51.3070993],[37.8805818,51.3071429],[37.8805818,51.3073357],[37.8806019,51.3073768],[37.8807071,51.3074224],[37.8810565,51.307578],[37.8811733,51.3075634],[37.8813301,51.3074287],[37.8814532,51.307437],[37.8816754,51.3075309]]}},
{"type":"Feature","properties":{"full_id":"w30306098","osm_id":"30306098","osm_type":"way","highway":"service","tactile_paving":null,"handrail":null,"traffic_signals:vibration":null,"traffic_signals:sound":null,"button_operated":null,"access":null,"layer":null,"tunnel":null,"postal_code":null,"footway":null,"crossing:markings":null,"crossing:island":null,"crossing":null,"surface":null,"oneway":null,"old_name":null,"name:etymology:wikidata":null,"name":null,"maxspeed":null,"lit":null,"lanes":null,"service":null},"geometry":{"type":"LineString","coordinates":[[37.8820059,51.3069219],[37.882393,51.3070792],[37.8829195,51.3073036],[37.8832353,51.3073833],[37.883281,51.3073935],[37.8834517,51.3074648],[37.8835725,51.3075169]]}},
{"type":"Feature","properties":{"full_id":"w30306102","osm_id":"30306102","osm_type":"way","highway":"service","tactile_paving":null,"handrail":null,"traffic_signals:vibration":null,"traffic_signals:sound":null,"button_operated":null,"access":null,"layer":null,"tunnel":null,"postal_code":null,"footway":null,"crossing:markings":null,"crossing:island":null,"crossing":null,"surface":null,"oneway":null,"old_name":null,"name:etymology:wikidata":null,"name":null,"maxspeed":null,"lit":null,"lanes":null,"service":null},"geometry":{"type":"LineString","coordinates":[[37.8811343,51.308262],[37.8812846,51.3083215]]}},
{"type":"Feature","properties":{"full_id":"w30306107","osm_id":"30306107","osm_type":"way","highway":"service","tactile_paving":null,"handrail":null,"traffic_signals:vibration":null,"traffic_signals:sound":null,"button_operated":null,"access":null,"layer":null,"tunnel":null,"postal_code":null,"footway":null,"crossing:markings":null,"crossing:island":null,"crossing":null,"surface":null,"oneway":"yes","old_name":null,"name:etymology:wikidata":null,"name":null,"maxspeed":null,"lit":null,"lanes":null,"service":"parking_aisle"},"geometry":{"type":"LineString","coordinates":[[37.8840043,51.3077932],[37.8827632,51.3089213]]}},
{"type":"Feature","properties":{"full_id":"w30306108","osm_id":"30306108","osm_type":"way","highway":"service","tactile_paving":null,"handrail":null,"traffic_signals:vibration":null,"traffic_signals:sound":null,"button_operated":null,"access":null,"layer":null,"tunnel":null,"postal_code":null,"footway":null,"crossing:markings":null,"crossing:island":null,"crossing":null,"surface":null,"oneway":null,"old_name":null,"name:etymology:wikidata":null,"name":null,"maxspeed":null,"lit":null,"lanes":null,"service":null},"geometry":{"type":"LineString","coordinates":[[37.8842807,51.3079049],[37.8843431,51.3078321],[37.8844311,51.3077538]]}},
{"type":"Feature","properties":{"full_id":"w30306110","osm_id":"30306110","osm_type":"way","highway":"service","tactile_paving":null,"handrail":null,"traffic_signals:vibration":null,"traffic_signals:sound":null,"button_operated":null,"access":null,"layer":null,"tunnel":null,"postal_code":null,"footway":null,"crossing:markings":null,"crossing:island":null,"crossing":null,"surface":null,"oneway":null,"old_name":null,"name:etymology:wikidata":null,"name":null,"maxspeed":null,"lit":null,"lanes":null,"service":null},"geometry":{"type":"LineString","coordinates":[[37.8833445,51.3091896],[37.8835755,51.3089977]]}},
{"type":"Feature","properties":{"full_id":"w30306123","osm_id":"30306123","osm_type":"way","highway":"footway","tactile_paving":null,"handrail":null,"traffic_signals:vibration":null,"traffic_signals:sound":null,"button_operated":null,"access":null,"layer":null,"tunnel":null,"postal_code":null,"footway":null,"crossing:markings":null,"crossing:island":null,"crossing":null,"surface":null,"oneway":null,"old_name":null,"name:etymology:wikidata":null,"name":null,"maxspeed":null,"lit":null,"lanes":null,"service":null},"geometry":{"type":"LineString","coordinates":[[37.8825822,51.308837],[37.8826132,51.3089806],[37.881355,51.3101743],[37.8808915,51.3105959],[37.8810019,51.3108591],[37.8811519,51.3109425]]}},
{"type":"Feature","properties":{"full_id":"w30306125","osm_id":"30306125","osm_type":"way","highway":"service","tactile_paving":null,"handrail":null,"traffic_signals:vibration":null,"traffic_signals:sound":null,"button_operated":null,"access":null,"layer":null,"tunnel":null,"postal_code":null,"footway":null,"crossing:markings":null,"crossing:island":null,"crossing":null,"surface":null,"oneway":null,"old_name":null,"name:etymology:wikidata":null,"name":null,"maxspeed":null,"lit":null,"lanes":null,"service":null},"geometry":{"type":"LineString","coordinates":[[37.881311,51.3113363],[37.8813639,51.3112844],[37.8816267,51.3110268],[37.88181,51.3108472],[37.8820886,51.310799],[37.8823463,51.310837],[37.882664,51.3109946],[37.8826802,51.3110035],[37.8830386,51.3111619],[37.8829933,51.3113733],[37.8825253,51.3117971],[37.8824016,51.3119055]]}},
{"type":"Feature","properties":{"full_id":"w30306127","osm_id":"30306127","osm_type":"way","highway":"service","tactile_paving":null,"handrail":null,"traffic_signals:vibration":null,"traffic_signals:sound":null,"button_operated":null,"access":null,"layer":null,"tunnel":null,"postal_code":null,"footway":null,"crossing:markings":null,"crossing:island":null,"crossing":null,"surface":null,"oneway":null,"old_name":null,"name:etymology:wikidata":null,"name":null,"maxspeed":null,"lit":null,"lanes":null,"service":"parking_aisle"},"geometry":{"type":"LineString","coordinates":[[37.879822,51.3102433],[37.8801107,51.3099928]]}},
{"type":"Feature","properties":{"full_id":"w30306130","osm_id":"30306130","osm_type":"way","highway":"footway","tactile_paving":null,"handrail":null,"traffic_signals:vibration":null,"traffic_signals:sound":null,"button_operated":null,"access":null,"layer":null,"tunnel":null,"postal_code":null,"footway":null,"crossing:markings":null,"crossing:island":null,"crossing":null,"surface":null,"oneway":null,"old_name":null,"name:etymology:wikidata":null,"name":null,"maxspeed":null,"lit":null,"lanes":null,"service":null},"geometry":{"type":"LineString","coordinates":[[37.8833673,51.3121581],[37.8838592,51.311726]]}},
{"type":"Feature","properties":{"full_id":"w30306131","osm_id":"30306131","osm_type":"way","highway":"footway","tactile_paving":null,"handrail":null,"traffic_signals:vibration":null,"traffic_signals:sound":null,"button_operated":null,"access":null,"layer":null,"tunnel":null,"postal_code":null,"footway":null,"crossing:markings":null,"crossing:island":null,"crossing":null,"surface":null,"oneway":null,"old_name":null,"name:etymology:wikidata":null,"name":null,"maxspeed":null,"lit":null,"lanes":null,"service":null},"geometry":{"type":"LineString","coordinates":[[37.8838592,51.311726],[37.8840754,51.3117124]]}},
{"type":"Feature","properties":{"full_id":"w30306132","osm_id":"30306132","osm_type":"way","highway":"service","tactile_paving":null,"handrail":null,"traffic_signals:vibration":null,"traffic_signals:sound":null,"button_operated":null,"access":null,"layer":null,"tunnel":null,"postal_code":null,"footway":null,"crossing:markings":null,"crossing:island":null,"crossing":null,"surface":null,"oneway":null,"old_name":null,"name:etymology:wikidata":null,"name":null,"maxspeed":null,"lit":null,"lanes":null,"service":null},"geometry":{"type":"LineString","coordinates":[[37.8826744,51.3120187],[37.8828048,51.3119155],[37.8833345,51.3114825],[37.8837462,51.3116574]]}},
{"type":"Feature","properties":{"full_id":"w30306133","osm_id":"30306133","osm_type":"way","highway":"footway","tactile_paving":null,"handrail":null,"traffic_signals:vibration":null,"traffic_signals:sound":null,"button_operated":null,"access":null,"layer":null,"tunnel":null,"postal_code":null,"footway":"crossing","crossing:markings":"zebra:bicolour","crossing:island":"yes","crossing":"uncontrolled","surface":"asphalt","oneway":null,"old_name":null,"name:etymology:wikidata":null,"name":null,"maxspeed":null,"lit":null,"lanes":null,"service":null},"geometry":{"type":"LineString","coordinates":[[37.8821769,51.3122891],[37.8822209,51.3122488],[37.8823302,51.3121469],[37.8823799,51.3121033]]}},
{"type":"Feature","properties":{"full_id":"w30306134","osm_id":"30306134","osm_type":"way","highway":"residential","tactile_paving":null,"handrail":null,"traffic_signals:vibration":null,"traffic_signals:sound":null,"button_operated":null,"access":null,"layer":null,"tunnel":null,"postal_code":null,"footway":null,"crossing:markings":null,"crossing:island":null,"crossing":null,"surface":"asphalt","oneway":"no","old_name":null,"name:etymology:wikidata":null,"name":null,"maxspeed":null,"lit":null,"lanes":null,"service":null},"geometry":{"type":"LineString","coordinates":[[37.8918385,51.3157501],[37.8919272,51.3155716],[37.8921148,51.3150872]]}},
{"type":"Feature","properties":{"full_id":"w30306137","osm_id":"30306137","osm_type":"way","highway":"service","tactile_paving":null,"handrail":null,"traffic_signals:vibration":null,"traffic_signals:sound":null,"button_operated":null,"access":null,"layer":null,"tunnel":null,"postal_code":null,"footway":null,"crossing:markings":null,"crossing:island":null,"crossing":null,"surface":null,"oneway":null,"old_name":null,"name:etymology:wikidata":null,"name":null,"maxspeed":null,"lit":null,"lanes":null,"service":null},"geometry":{"type":"LineString","coordinates":[[37.882664,51.3109946],[37.8824336,51.3110765],[37.8823008,51.3110973],[37.8822116,51.3110685],[37.8821847,51.3110351],[37.8821894,51.310993],[37.8823463,51.310837]]}},
{"type":"Feature","properties":{"full_id":"w30306151","osm_id":"30306151","osm_type":"way","highway":"service","tactile_paving":null,"handrail":null,"traffic_signals:vibration":null,"traffic_signals:sound":null,"button_operated":null,"access":null,"layer":null,"tunnel":null,"postal_code":null,"footway":null,"crossing:markings":null,"crossing:island":null,"crossing":null,"surface":null,"oneway":null,"old_name":null,"name:etymology:wikidata":null,"name":null,"maxspeed":null,"lit":null,"lanes":null,"service":null},"geometry":{"type":"LineString","coordinates":[[37.8770366,51.3135769],[37.8771459,51.313624],[37.8774039,51.3137305],[37.877647,51.31384],[37.8776893,51.313856]]}},
{"type":"Feature","properties":{"full_id":"w30306152","osm_id":"30306152","osm_type":"way","highway":"service","tactile_paving":null,"handrail":null,"traffic_signals:vibration":null,"traffic_signals:sound":null,"button_operated":null,"access":null,"layer":null,"tunnel":null,"postal_code":null,"footway":null,"crossing:markings":null,"crossing:island":null,"crossing":null,"surface":null,"oneway":null,"old_name":null,"name:etymology:wikidata":null,"name":null,"maxspeed":null,"lit":null,"lanes":null,"service":null},"geometry":{"type":"LineString","coordinates":[[37.8777494,51.3129164],[37.877862,51.3129684],[37.878142,51.313082],[37.8783613,51.3131812],[37.8784144,51.313204]]}},
{"type":"Feature","properties":{"full_id":"w30306153","osm_id":"30306153","osm_type":"way","highway":"service","tactile_paving":null,"handrail":null,"traffic_signals:vibration":null,"traffic_signals:sound":null,"button_operated":null,"access":null,"layer":null,"tunnel":null,"postal_code":null,"footway":null,"crossing:markings":null,"crossing:island":null,"crossing":null,"surface":null,"oneway":null,"old_name":null,"name:etymology:wikidata":null,"name":null,"maxspeed":null,"lit":null,"lanes":null,"service":null},"geometry":{"type":"LineString","coordinates":[[37.8779244,51.3147499],[37.8779762,51.3147104],[37.8781598,51.3145416],[37.877961,51.3144448]]}},
{"type":"Feature","properties":{"full_id":"w30306156","osm_id":"30306156","osm_type":"way","highway":"service","tactile_paving":null,"handrail":null,"traffic_signals:vibration":null,"traffic_signals:sound":null,"button_operated":null,"access":null,"layer":null,"tunnel":null,"postal_code":null,"footway":null,"crossing:markings":null,"crossing:island":null,"crossing":null,"surface":null,"oneway":null,"old_name":null,"name:etymology:wikidata":null,"name":null,"maxspeed":null,"lit":null,"lanes":null,"service":null},"geometry":{"type":"LineString","coordinates":[[37.8764756,51.3141154],[37.8765999,51.3141699],[37.8767214,51.3142286],[37.8768235,51.3142718],[37.8772528,51.3144582],[37.8779244,51.3147499],[37.8780597,51.3147835],[37.87919,51.3152339],[37.8793898,51.3153135]]}},
{"type":"Feature","properties":{"full_id":"w30306157","osm_id":"30306157","osm_type":"way","highway":"service","tactile_paving":null,"handrail":null,"traffic_signals:vibration":null,"traffic_signals:sound":null,"button_operated":null,"access":null,"layer":null,"tunnel":null,"postal_code":null,"footway":null,"crossing:markings":null,"crossing:island":null,"crossing":null,"surface":null,"oneway":null,"old_name":null,"name:etymology:wikidata":null,"name":null,"maxspeed":null,"lit":null,"lanes":null,"service":null},"geometry":{"type":"LineString","coordinates":[[37.8774564,51.3158822],[37.8775826,51.3157624],[37.8776696,51.3156774],[37.8778821,51.3155075],[37.8778918,51.3154572],[37.8777334,51.3151651]]}},
{"type":"Feature","properties":{"full_id":"w30306158","osm_id":"30306158","osm_type":"way","highway":"service","tactile_paving":null,"handrail":null,"traffic_signals:vibration":null,"traffic_signals:sound":null,"button_operated":null,"access":null,"layer":null,"tunnel":null,"postal_code":null,"footway":null,"crossing:markings":null,"crossing:island":null,"crossing":null,"surface":null,"oneway":null,"old_name":null,"name:etymology:wikidata":null,"name":null,"maxspeed":null,"lit":null,"lanes":null,"service":null},"geometry":{"type":"LineString","coordinates":[[37.8776696,51.3156774],[37.8773271,51.3155624],[37.8772307,51.3153467],[37.8772693,51.3152942],[37.8773317,51.3152496],[37.8777334,51.3151651],[37.8778525,51.3151337],[37.8781775,51.3151932],[37.878899,51.315495],[37.87919,51.3152339]]}},
{"type":"Feature","properties":{"full_id":"w30306184","osm_id":"30306184","osm_type":"way","highway":"service","tactile_paving":null,"handrail":null,"traffic_signals:vibration":null,"traffic_signals:sound":null,"button_operated":null,"access":null,"layer":null,"tunnel":null,"postal_code":null,"footway":null,"crossing:markings":null,"crossing:island":null,"crossing":null,"surface":null,"oneway":null,"old_name":null,"name:etymology:wikidata":null,"name":null,"maxspeed":null,"lit":null,"lanes":null,"service":null},"geometry":{"type":"LineString","coordinates":[[37.8845956,51.3151579],[37.8847857,51.3152401],[37.8849232,51.3151254],[37.8849822,51.3150886]]}},
{"type":"Feature","properties":{"full_id":"w30306185","osm_id":"30306185","osm_type":"way","highway":"service","tactile_paving":null,"handrail":null,"traffic_signals:vibration":null,"traffic_signals:sound":null,"button_operated":null,"access":null,"layer":null,"tunnel":null,"postal_code":null,"footway":null,"crossing:markings":null,"crossing:island":null,"crossing":null,"surface":null,"oneway":null,"old_name":null,"name:etymology:wikidata":null,"name":null,"maxspeed":null,"lit":null,"lanes":null,"service":null},"geometry":{"type":"LineString","coordinates":[[37.8818818,51.3152824],[37.8821669,51.3154038],[37.8823435,51.3152431],[37.8825934,51.3153541],[37.883101,51.3155482]]}},
{"type":"Feature","properties":{"full_id":"w30306186","osm_id":"30306186","osm_type":"way","highway":"footway","tactile_paving":null,"handrail":null,"traffic_signals:vibration":null,"traffic_signals:sound":null,"button_operated":null,"access":null,"layer":null,"tunnel":null,"postal_code":null,"footway":null,"crossing:markings":null,"crossing:island":null,"crossing":null,"surface":null,"oneway":null,"old_name":null,"name:etymology:wikidata":null,"name":null,"maxspeed":null,"lit":null,"lanes":null,"service":null},"geometry":{"type":"LineString","coordinates":[[37.8815264,51.3153338],[37.8816452,51.3157974]]}},
{"type":"Feature","properties":{"full_id":"w30306187","osm_id":"30306187","osm_type":"way","highway":"service","tactile_paving":null,"handrail":null,"traffic_signals:vibration":null,"traffic_signals:sound":null,"button_operated":null,"access":null,"layer":null,"tunnel":null,"postal_code":null,"footway":null,"crossing:markings":null,"crossing:island":null,"crossing":null,"surface":null,"oneway":null,"old_name":null,"name:etymology:wikidata":null,"name":null,"maxspeed":null,"lit":null,"lanes":null,"service":null},"geometry":{"type":"LineString","coordinates":[[37.8825934,51.3153541],[37.8818843,51.3159397],[37.8818864,51.3162538]]}},
{"type":"Feature","properties":{"full_id":"w30306188","osm_id":"30306188","osm_type":"way","highway":"service","tactile_paving":null,"handrail":null,"traffic_signals:vibration":null,"traffic_signals:sound":null,"button_operated":null,"access":null,"layer":null,"tunnel":null,"postal_code":null,"footway":null,"crossing:markings":null,"crossing:island":null,"crossing":null,"surface":"asphalt","oneway":null,"old_name":null,"name:etymology:wikidata":null,"name":null,"maxspeed":null,"lit":null,"lanes":null,"service":null},"geometry":{"type":"LineString","coordinates":[[37.887519,51.3161343],[37.887426,51.3161406],[37.886566,51.3157803],[37.8871287,51.315266],[37.8872243,51.3153568],[37.8880249,51.3157237]]}},
{"type":"Feature","properties":{"full_id":"w30306189","osm_id":"30306189","osm_type":"way","highway":"service","tactile_paving":null,"handrail":null,"traffic_signals:vibration":null,"traffic_signals:sound":null,"button_operated":null,"access":null,"layer":null,"tunnel":null,"postal_code":null,"footway":null,"crossing:markings":null,"crossing:island":null,"crossing":null,"surface":"asphalt","oneway":null,"old_name":null,"name:etymology:wikidata":null,"name":null,"maxspeed":null,"lit":null,"lanes":null,"service":null},"geometry":{"type":"LineString","coordinates":[[37.8871287,51.315266],[37.8870925,51.3152043],[37.8870342,51.3151408],[37.8864782,51.3149243]]}},
{"type":"Feature","properties":{"full_id":"w30306190","osm_id":"30306190","osm_type":"way","highway":"service","tactile_paving":null,"handrail":null,"traffic_signals:vibration":null,"traffic_signals:sound":null,"button_operated":null,"access":null,"layer":null,"tunnel":null,"postal_code":null,"footway":null,"crossing:markings":null,"crossing:island":null,"crossing":null,"surface":null,"oneway":null,"old_name":null,"name:etymology:wikidata":null,"name":null,"maxspeed":null,"lit":null,"lanes":null,"service":null},"geometry":{"type":"LineString","coordinates":[[37.8869007,51.3145069],[37.8867777,51.3146273],[37.8864782,51.3149243],[37.8864264,51.3149535],[37.8863716,51.3149876],[37.8859771,51.3153322],[37.8858429,51.3154494],[37.8849822,51.3150886],[37.8855389,51.3146101],[37.8863716,51.3149876]]}},
{"type":"Feature","properties":{"full_id":"w30306191","osm_id":"30306191","osm_type":"way","highway":"service","tactile_paving":null,"handrail":null,"traffic_signals:vibration":null,"traffic_signals:sound":null,"button_operated":null,"access":null,"layer":null,"tunnel":null,"postal_code":null,"footway":null,"crossing:markings":null,"crossing:island":null,"crossing":null,"surface":null,"oneway":null,"old_name":null,"name:etymology:wikidata":null,"name":null,"maxspeed":null,"lit":null,"lanes":null,"service":null},"geometry":{"type":"LineString","coordinates":[[37.8855389,51.3146101],[37.8855687,51.3145564],[37.8855581,51.3144731],[37.8849637,51.3142042],[37.8848569,51.3141563]]}},
{"type":"Feature","properties":{"full_id":"w30306192","osm_id":"30306192","osm_type":"way","highway":"service","tactile_paving":null,"handrail":null,"traffic_signals:vibration":null,"traffic_signals:sound":null,"button_operated":null,"access":null,"layer":null,"tunnel":null,"postal_code":null,"footway":null,"crossing:markings":null,"crossing:island":null,"crossing":null,"surface":null,"oneway":null,"old_name":null,"name:etymology:wikidata":null,"name":null,"maxspeed":null,"lit":null,"lanes":null,"service":null},"geometry":{"type":"LineString","coordinates":[[37.8950163,51.3136161],[37.8953024,51.3137403],[37.8953646,51.3137513],[37.8954419,51.3139922]]}},
{"type":"Feature","properties":{"full_id":"w30306193","osm_id":"30306193","osm_type":"way","highway":"service","tactile_paving":null,"handrail":null,"traffic_signals:vibration":null,"traffic_signals:sound":null,"button_operated":null,"access":null,"layer":null,"tunnel":null,"postal_code":null,"footway":null,"crossing:markings":null,"crossing:island":null,"crossing":null,"surface":null,"oneway":null,"old_name":null,"name:etymology:wikidata":null,"name":null,"maxspeed":null,"lit":null,"lanes":null,"service":null},"geometry":{"type":"LineString","coordinates":[[37.8954419,51.3139922],[37.8956228,51.3139668]]}},
{"type":"Feature","properties":{"full_id":"w30306197","osm_id":"30306197","osm_type":"way","highway":"residential","tactile_paving":null,"handrail":null,"traffic_signals:vibration":null,"traffic_signals:sound":null,"button_operated":null,"access":null,"layer":null,"tunnel":null,"postal_code":null,"footway":null,"crossing:markings":null,"crossing:island":null,"crossing":null,"surface":"asphalt","oneway":"yes","old_name":null,"name:etymology:wikidata":null,"name":"Молодежный проспект (Студенческий дублёр)","maxspeed":null,"lit":null,"lanes":null,"service":null},"geometry":{"type":"LineString","coordinates":[[37.8899696,51.3156412],[37.8890993,51.3154329],[37.8887527,51.3152957],[37.8885783,51.3152267]]}},
{"type":"Feature","properties":{"full_id":"w30306198","osm_id":"30306198","osm_type":"way","highway":"residential","tactile_paving":null,"handrail":null,"traffic_signals:vibration":null,"traffic_signals:sound":null,"button_operated":null,"access":null,"layer":null,"tunnel":null,"postal_code":null,"footway":null,"crossing:markings":null,"crossing:island":null,"crossing":null,"surface":null,"oneway":"yes","old_name":null,"name:etymology:wikidata":null,"name":"Молодёжный проспект","maxspeed":null,"lit":null,"lanes":null,"service":null},"geometry":{"type":"LineString","coordinates":[[37.8896203,51.3150334],[37.8901498,51.3155567]]}},
{"type":"Feature","properties":{"full_id":"w30306201","osm_id":"30306201","osm_type":"way","highway":"primary","tactile_paving":null,"handrail":null,"traffic_signals:vibration":null,"traffic_signals:sound":null,"button_operated":null,"access":null,"layer":null,"tunnel":null,"postal_code":"309516","footway":null,"crossing:markings":null,"crossing:island":null,"crossing":null,"surface":"asphalt","oneway":"yes","old_name":null,"name:etymology:wikidata":null,"name":"Молодёжный проспект","maxspeed":null,"lit":null,"lanes":"3","service":null},"geometry":{"type":"LineString","coordinates":[[37.8745704,51.3088474],[37.8758408,51.3093311],[37.8764021,51.309567],[37.8765507,51.3096304],[37.8766882,51.3096993],[37.8786813,51.3105552]]}},
{"type":"Feature","properties":{"full_id":"w30306210","osm_id":"30306210","osm_type":"way","highway":"service","tactile_paving":null,"handrail":null,"traffic_signals:vibration":null,"traffic_signals:sound":null,"button_operated":null,"access":null,"layer":null,"tunnel":null,"postal_code":null,"footway":null,"crossing:markings":null,"crossing:island":null,"crossing":null,"surface":null,"oneway":null,"old_name":null,"name:etymology:wikidata":null,"name":null,"maxspeed":null,"lit":null,"lanes":null,"service":null},"geometry":{"type":"LineString","coordinates":[[37.8852508,51.3138007],[37.8851255,51.313917],[37.8848569,51.3141563],[37.8844313,51.3145682],[37.8842288,51.3147299],[37.8838698,51.3150467],[37.8834037,51.315449],[37.8833133,51.3155025],[37.883101,51.3155482],[37.8829806,51.3156901],[37.8828256,51.3159112],[37.8827876,51.3159847],[37.882281,51.3164475]]}},
{"type":"Feature","properties":{"full_id":"w30306214","osm_id":"30306214","osm_type":"way","highway":"service","tactile_paving":null,"handrail":null,"traffic_signals:vibration":null,"traffic_signals:sound":null,"button_operated":null,"access":null,"layer":null,"tunnel":null,"postal_code":null,"footway":null,"crossing:markings":null,"crossing:island":null,"crossing":null,"surface":null,"oneway":null,"old_name":null,"name:etymology:wikidata":null,"name":null,"maxspeed":null,"lit":null,"lanes":null,"service":null},"geometry":{"type":"LineString","coordinates":[[37.8783315,51.3123837],[37.8784454,51.3124302],[37.878591,51.3124851],[37.8787221,51.3125454],[37.8789406,51.3126395],[37.8798917,51.3130491],[37.8800925,51.3131452],[37.8803229,51.3132456],[37.8814904,51.3137263],[37.8816951,51.3138128]]}},
{"type":"Feature","properties":{"full_id":"w30306215","osm_id":"30306215","osm_type":"way","highway":"service","tactile_paving":null,"handrail":null,"traffic_signals:vibration":null,"traffic_signals:sound":null,"button_operated":null,"access":null,"layer":null,"tunnel":null,"postal_code":null,"footway":null,"crossing:markings":null,"crossing:island":null,"crossing":null,"surface":null,"oneway":null,"old_name":null,"name:etymology:wikidata":null,"name":null,"maxspeed":null,"lit":null,"lanes":null,"service":null},"geometry":{"type":"LineString","coordinates":[[37.8803229,51.3132456],[37.8804005,51.3131749],[37.8804929,51.3130904]]}},
{"type":"Feature","properties":{"full_id":"w30306216","osm_id":"30306216","osm_type":"way","highway":"service","tactile_paving":null,"handrail":null,"traffic_signals:vibration":null,"traffic_signals:sound":null,"button_operated":null,"access":null,"layer":null,"tunnel":null,"postal_code":null,"footway":null,"crossing:markings":null,"crossing:island":null,"crossing":null,"surface":null,"oneway":null,"old_name":null,"name:etymology:wikidata":null,"name":null,"maxspeed":null,"lit":null,"lanes":null,"service":null},"geometry":{"type":"LineString","coordinates":[[37.8817256,51.3138257],[37.8819254,51.3136517],[37.8820644,51.3135236],[37.8824174,51.3132317]]}},
{"type":"Feature","properties":{"full_id":"w30306218","osm_id":"30306218","osm_type":"way","highway":"service","tactile_paving":null,"handrail":null,"traffic_signals:vibration":null,"traffic_signals:sound":null,"button_operated":null,"access":null,"layer":null,"tunnel":null,"postal_code":null,"footway":null,"crossing:markings":null,"crossing:island":null,"crossing":null,"surface":null,"oneway":"yes","old_name":null,"name:etymology:wikidata":null,"name":"Транспортный дублер","maxspeed":null,"lit":null,"lanes":null,"service":null},"geometry":{"type":"LineString","coordinates":[[37.8938786,51.3091509],[37.89367,51.3091308],[37.8925343,51.3086457],[37.8924428,51.3086148]]}},
{"type":"Feature","properties":{"full_id":"w30306219","osm_id":"30306219","osm_type":"way","highway":"service","tactile_paving":null,"handrail":null,"traffic_signals:vibration":null,"traffic_signals:sound":null,"button_operated":null,"access":null,"layer":null,"tunnel":null,"postal_code":null,"footway":null,"crossing:markings":null,"crossing:island":null,"crossing":null,"surface":null,"oneway":null,"old_name":null,"name:etymology:wikidata":null,"name":null,"maxspeed":null,"lit":null,"lanes":null,"service":null},"geometry":{"type":"LineString","coordinates":[[37.895917,51.3100353],[37.8957512,51.3101871],[37.8956604,51.3102704],[37.895595,51.3103122],[37.8955191,51.3103793],[37.8952181,51.3106453],[37.8945849,51.3112525]]}},
{"type":"Feature","properties":{"full_id":"w30306222","osm_id":"30306222","osm_type":"way","highway":"residential","tactile_paving":null,"handrail":null,"traffic_signals:vibration":null,"traffic_signals:sound":null,"button_operated":null,"access":null,"layer":null,"tunnel":null,"postal_code":null,"footway":null,"crossing:markings":null,"crossing:island":null,"crossing":null,"surface":null,"oneway":null,"old_name":null,"name:etymology:wikidata":null,"name":"проспект Алексея Угарова","maxspeed":null,"lit":null,"lanes":null,"service":null},"geometry":{"type":"LineString","coordinates":[[37.8953309,51.3126001],[37.8958196,51.3118564],[37.8957876,51.3117679]]}},
{"type":"Feature","properties":{"full_id":"w30306223","osm_id":"30306223","osm_type":"way","highway":"service","tactile_paving":null,"handrail":null,"traffic_signals:vibration":null,"traffic_signals:sound":null,"button_operated":null,"access":null,"layer":null,"tunnel":null,"postal_code":null,"footway":null,"crossing:markings":null,"crossing:island":null,"crossing":null,"surface":null,"oneway":null,"old_name":null,"name:etymology:wikidata":null,"name":null,"maxspeed":null,"lit":null,"lanes":null,"service":null},"geometry":{"type":"LineString","coordinates":[[37.8916656,51.3098602],[37.8915731,51.309972],[37.8915519,51.3099751],[37.8912771,51.3102009]]}},
{"type":"Feature","properties":{"full_id":"w30306225","osm_id":"30306225","osm_type":"way","highway":"service","tactile_paving":null,"handrail":null,"traffic_signals:vibration":null,"traffic_signals:sound":null,"button_operated":null,"access":null,"layer":null,"tunnel":null,"postal_code":null,"footway":null,"crossing:markings":null,"crossing:island":null,"crossing":null,"surface":null,"oneway":null,"old_name":null,"name:etymology:wikidata":null,"name":null,"maxspeed":null,"lit":null,"lanes":null,"service":null},"geometry":{"type":"LineString","coordinates":[[37.8915519,51.3099751],[37.891493,51.3099336],[37.8903627,51.3094214],[37.8902281,51.3095425],[37.8900747,51.3096771],[37.8892772,51.3103958],[37.8892262,51.3104343],[37.8896876,51.3106321]]}},
{"type":"Feature","properties":{"full_id":"w30306226","osm_id":"30306226","osm_type":"way","highway":"service","tactile_paving":null,"handrail":null,"traffic_signals:vibration":null,"traffic_signals:sound":null,"button_operated":null,"access":null,"layer":null,"tunnel":null,"postal_code":null,"footway":null,"crossing:markings":null,"crossing:island":null,"crossing":null,"surface":null,"oneway":null,"old_name":null,"name:etymology:wikidata":null,"name":null,"maxspeed":null,"lit":null,"lanes":null,"service":null},"geometry":{"type":"LineString","coordinates":[[37.8945849,51.3112525],[37.8944891,51.311223],[37.8941414,51.3110623],[37.8940835,51.3110291],[37.8939299,51.3108808],[37.8936742,51.3107196],[37.8926113,51.3102512],[37.892265,51.3101044],[37.8920509,51.3100142],[37.8916656,51.3098602],[37.8917192,51.3098042],[37.8916472,51.309725],[37.8914702,51.3096152],[37.8914477,51.3095493],[37.8922323,51.3088111],[37.8923477,51.3087042],[37.8924428,51.3086148]]}},
{"type":"Feature","properties":{"full_id":"w30306229","osm_id":"30306229","osm_type":"way","highway":"service","tactile_paving":null,"handrail":null,"traffic_signals:vibration":null,"traffic_signals:sound":null,"button_operated":null,"access":null,"layer":null,"tunnel":null,"postal_code":null,"footway":null,"crossing:markings":null,"crossing:island":null,"crossing":null,"surface":null,"oneway":null,"old_name":null,"name:etymology:wikidata":null,"name":null,"maxspeed":null,"lit":null,"lanes":null,"service":null},"geometry":{"type":"LineString","coordinates":[[37.8816398,51.3122317],[37.8815535,51.3123105],[37.8815501,51.3123546],[37.8814326,51.3124808],[37.881269,51.31268]]}},
{"type":"Feature","properties":{"full_id":"w30306230","osm_id":"30306230","osm_type":"way","highway":"service","tactile_paving":null,"handrail":null,"traffic_signals:vibration":null,"traffic_signals:sound":null,"button_operated":null,"access":null,"layer":null,"tunnel":null,"postal_code":null,"footway":null,"crossing:markings":null,"crossing:island":null,"crossing":null,"surface":null,"oneway":null,"old_name":null,"name:etymology:wikidata":null,"name":null,"maxspeed":null,"lit":null,"lanes":null,"service":null},"geometry":{"type":"LineString","coordinates":[[37.8818699,51.3132134],[37.8817178,51.3133595],[37.8820644,51.3135236]]}},
{"type":"Feature","properties":{"full_id":"w30306231","osm_id":"30306231","osm_type":"way","highway":"service","tactile_paving":null,"handrail":null,"traffic_signals:vibration":null,"traffic_signals:sound":null,"button_operated":null,"access":null,"layer":null,"tunnel":null,"postal_code":null,"footway":null,"crossing:markings":null,"crossing:island":null,"crossing":null,"surface":null,"oneway":null,"old_name":null,"name:etymology:wikidata":null,"name":null,"maxspeed":null,"lit":null,"lanes":null,"service":null},"geometry":{"type":"LineString","coordinates":[[37.8800925,51.3131452],[37.8799929,51.3132352],[37.8793497,51.3138011],[37.879123,51.3140026],[37.8789773,51.3141143],[37.8784598,51.3145816],[37.8781598,51.3145416]]}},
{"type":"Feature","properties":{"full_id":"w30306234","osm_id":"30306234","osm_type":"way","highway":"service","tactile_paving":null,"handrail":null,"traffic_signals:vibration":null,"traffic_signals:sound":null,"button_operated":null,"access":null,"layer":null,"tunnel":null,"postal_code":null,"footway":null,"crossing:markings":null,"crossing:island":null,"crossing":null,"surface":null,"oneway":null,"old_name":null,"name:etymology:wikidata":null,"name":null,"maxspeed":null,"lit":null,"lanes":null,"service":null},"geometry":{"type":"LineString","coordinates":[[37.8798917,51.3130491],[37.8799585,51.3129898],[37.8799768,51.3129708]]}},
{"type":"Feature","properties":{"full_id":"w30306237","osm_id":"30306237","osm_type":"way","highway":"residential","tactile_paving":null,"handrail":null,"traffic_signals:vibration":null,"traffic_signals:sound":null,"button_operated":null,"access":null,"layer":null,"tunnel":null,"postal_code":null,"footway":null,"crossing:markings":null,"crossing:island":null,"crossing":null,"surface":"asphalt","oneway":"yes","old_name":null,"name:etymology:wikidata":null,"name":"Дублёр","maxspeed":"40","lit":null,"lanes":null,"service":null},"geometry":{"type":"LineString","coordinates":[[37.8810298,51.3115794],[37.8819485,51.311721],[37.8824016,51.3119055],[37.8825388,51.311964],[37.8826744,51.3120187],[37.8833936,51.3123336],[37.8836141,51.312427],[37.8839169,51.3125583],[37.8857795,51.3133701],[37.8858408,51.3133991],[37.8872607,51.314017],[37.8873794,51.3140681],[37.889461,51.3149575]]}},
{"type":"Feature","properties":{"full_id":"w30306238","osm_id":"30306238","osm_type":"way","highway":"service","tactile_paving":null,"handrail":null,"traffic_signals:vibration":null,"traffic_signals:sound":null,"button_operated":null,"access":null,"layer":null,"tunnel":null,"postal_code":null,"footway":null,"crossing:markings":null,"crossing:island":null,"crossing":null,"surface":null,"oneway":null,"old_name":null,"name:etymology:wikidata":null,"name":null,"maxspeed":null,"lit":null,"lanes":null,"service":null},"geometry":{"type":"LineString","coordinates":[[37.8819254,51.3136517],[37.8820869,51.3137134],[37.8822128,51.3137635],[37.8825161,51.3134942]]}},
{"type":"Feature","properties":{"full_id":"w30306251","osm_id":"30306251","osm_type":"way","highway":"footway","tactile_paving":null,"handrail":null,"traffic_signals:vibration":null,"traffic_signals:sound":null,"button_operated":null,"access":null,"layer":null,"tunnel":null,"postal_code":null,"footway":null,"crossing:markings":null,"crossing:island":null,"crossing":null,"surface":null,"oneway":null,"old_name":null,"name:etymology:wikidata":null,"name":null,"maxspeed":null,"lit":null,"lanes":null,"service":null},"geometry":{"type":"LineString","coordinates":[[37.8819204,51.3139079],[37.8818768,51.3141472]]}},
{"type":"Feature","properties":{"full_id":"w30306259","osm_id":"30306259","osm_type":"way","highway":"service","tactile_paving":null,"handrail":null,"traffic_signals:vibration":null,"traffic_signals:sound":null,"button_operated":null,"access":null,"layer":null,"tunnel":null,"postal_code":null,"footway":null,"crossing:markings":null,"crossing:island":null,"crossing":null,"surface":null,"oneway":null,"old_name":null,"name:etymology:wikidata":null,"name":null,"maxspeed":null,"lit":null,"lanes":null,"service":null},"geometry":{"type":"LineString","coordinates":[[37.8866179,51.3110848],[37.8865107,51.3111642],[37.8864641,51.3112035],[37.8863981,51.3112642],[37.8860719,51.3115916]]}},
{"type":"Feature","properties":{"full_id":"w30306260","osm_id":"30306260","osm_type":"way","highway":"service","tactile_paving":null,"handrail":null,"traffic_signals:vibration":null,"traffic_signals:sound":null,"button_operated":null,"access":null,"layer":null,"tunnel":null,"postal_code":null,"footway":null,"crossing:markings":null,"crossing:island":null,"crossing":null,"surface":null,"oneway":null,"old_name":null,"name:etymology:wikidata":null,"name":null,"maxspeed":null,"lit":null,"lanes":null,"service":null},"geometry":{"type":"LineString","coordinates":[[37.8839169,51.3125583],[37.8840435,51.3124417],[37.8852636,51.3113142],[37.8853379,51.3113022],[37.8854987,51.3113431],[37.8860719,51.3115916],[37.8867236,51.3118639],[37.8867921,51.3118968],[37.8868313,51.3119264],[37.8868313,51.311986],[37.8867893,51.312036],[37.8862545,51.3124514],[37.8860974,51.3126465],[37.8860732,51.3129253],[37.8861698,51.3130262],[37.8861794,51.3130929],[37.8859211,51.3132677],[37.8857795,51.3133701]]}},
{"type":"Feature","properties":{"full_id":"w30306261","osm_id":"30306261","osm_type":"way","highway":"service","tactile_paving":null,"handrail":null,"traffic_signals:vibration":null,"traffic_signals:sound":null,"button_operated":null,"access":null,"layer":null,"tunnel":null,"postal_code":null,"footway":null,"crossing:markings":null,"crossing:island":null,"crossing":null,"surface":null,"oneway":null,"old_name":null,"name:etymology:wikidata":null,"name":null,"maxspeed":null,"lit":null,"lanes":null,"service":null},"geometry":{"type":"LineString","coordinates":[[37.8862545,51.3124514],[37.8859691,51.3123331],[37.8859757,51.3122534],[37.8860946,51.3121335],[37.8860897,51.3120455],[37.8855337,51.3118061],[37.8853883,51.3118317],[37.8848183,51.3123422],[37.8848405,51.3124106],[37.8858925,51.3128754],[37.8860732,51.3129253]]}},
{"type":"Feature","properties":{"full_id":"w30306262","osm_id":"30306262","osm_type":"way","highway":"service","tactile_paving":null,"handrail":null,"traffic_signals:vibration":null,"traffic_signals:sound":null,"button_operated":null,"access":null,"layer":null,"tunnel":null,"postal_code":null,"footway":null,"crossing:markings":null,"crossing:island":null,"crossing":null,"surface":null,"oneway":null,"old_name":null,"name:etymology:wikidata":null,"name":null,"maxspeed":null,"lit":null,"lanes":null,"service":null},"geometry":{"type":"LineString","coordinates":[[37.885624,51.3103014],[37.8852716,51.3101785],[37.8851844,51.3101911],[37.8851414,51.3102212],[37.8849961,51.3103366],[37.8841269,51.3111268],[37.884082,51.3111921],[37.8840914,51.3112893],[37.8842188,51.3113623],[37.884243,51.3114167],[37.8842215,51.311483],[37.8841534,51.311543],[37.8841692,51.3115928],[37.8841554,51.311627],[37.8840754,51.3117124],[37.8835277,51.3122176],[37.8833936,51.3123336]]}},
{"type":"Feature","properties":{"full_id":"w30306263","osm_id":"30306263","osm_type":"way","highway":"service","tactile_paving":null,"handrail":null,"traffic_signals:vibration":null,"traffic_signals:sound":null,"button_operated":null,"access":null,"layer":null,"tunnel":null,"postal_code":null,"footway":null,"crossing:markings":null,"crossing:island":null,"crossing":null,"surface":null,"oneway":null,"old_name":null,"name:etymology:wikidata":null,"name":null,"maxspeed":null,"lit":null,"lanes":null,"service":null},"geometry":{"type":"LineString","coordinates":[[37.8841534,51.311543],[37.8818558,51.3105325],[37.8817797,51.3104231],[37.8818264,51.3103513],[37.881355,51.3101743],[37.8810579,51.3100595],[37.880963,51.3100178]]}},
{"type":"Feature","properties":{"full_id":"w30306264","osm_id":"30306264","osm_type":"way","highway":"service","tactile_paving":null,"handrail":null,"traffic_signals:vibration":null,"traffic_signals:sound":null,"button_operated":null,"access":null,"layer":null,"tunnel":null,"postal_code":null,"footway":null,"crossing:markings":null,"crossing:island":null,"crossing":null,"surface":null,"oneway":null,"old_name":null,"name:etymology:wikidata":null,"name":null,"maxspeed":null,"lit":null,"lanes":null,"service":null},"geometry":{"type":"LineString","coordinates":[[37.8818264,51.3103513],[37.8819926,51.3101995],[37.8821254,51.310132],[37.8820959,51.3100662],[37.8821268,51.3099975],[37.8831456,51.3090971]]}},
{"type":"Feature","properties":{"full_id":"w30306265","osm_id":"30306265","osm_type":"way","highway":"service","tactile_paving":null,"handrail":null,"traffic_signals:vibration":null,"traffic_signals:sound":null,"button_operated":null,"access":null,"layer":null,"tunnel":null,"postal_code":null,"footway":null,"crossing:markings":null,"crossing:island":null,"crossing":null,"surface":null,"oneway":null,"old_name":null,"name:etymology:wikidata":null,"name":null,"maxspeed":null,"lit":null,"lanes":null,"service":null},"geometry":{"type":"LineString","coordinates":[[37.8821254,51.310132],[37.8823821,51.310242],[37.8831718,51.3106055],[37.8839793,51.3099032],[37.8842457,51.3096646],[37.884264,51.309621],[37.8841759,51.3095682],[37.8836887,51.309349],[37.8833445,51.3091896],[37.8831456,51.3090971],[37.8827632,51.3089213],[37.8825822,51.308837],[37.8824835,51.3087978],[37.8823642,51.3087495]]}},
{"type":"Feature","properties":{"full_id":"w30306267","osm_id":"30306267","osm_type":"way","highway":"service","tactile_paving":null,"handrail":null,"traffic_signals:vibration":null,"traffic_signals:sound":null,"button_operated":null,"access":null,"layer":null,"tunnel":null,"postal_code":null,"footway":null,"crossing:markings":null,"crossing:island":null,"crossing":null,"surface":null,"oneway":null,"old_name":null,"name:etymology:wikidata":null,"name":null,"maxspeed":null,"lit":null,"lanes":null,"service":null},"geometry":{"type":"LineString","coordinates":[[37.8880686,51.3132741],[37.8880464,51.3133339],[37.8880887,51.3133838],[37.8881067,51.3134051],[37.8882584,51.3134842]]}},
{"type":"Feature","properties":{"full_id":"w30306268","osm_id":"30306268","osm_type":"way","highway":"service","tactile_paving":null,"handrail":null,"traffic_signals:vibration":null,"traffic_signals:sound":null,"button_operated":null,"access":null,"layer":null,"tunnel":null,"postal_code":null,"footway":null,"crossing:markings":null,"crossing:island":null,"crossing":null,"surface":null,"oneway":null,"old_name":null,"name:etymology:wikidata":null,"name":null,"maxspeed":null,"lit":null,"lanes":null,"service":null},"geometry":{"type":"LineString","coordinates":[[37.8880686,51.3132741],[37.8882136,51.3131197],[37.8886729,51.3127291],[37.8887333,51.3126712],[37.8888297,51.3125851],[37.8891622,51.312271],[37.8894553,51.311999],[37.8897525,51.3117335],[37.8899184,51.3117302],[37.8900429,51.3117155],[37.8911567,51.3121877],[37.8913513,51.3122703]]}},
{"type":"Feature","properties":{"full_id":"w30306269","osm_id":"30306269","osm_type":"way","highway":"service","tactile_paving":null,"handrail":null,"traffic_signals:vibration":null,"traffic_signals:sound":null,"button_operated":null,"access":null,"layer":null,"tunnel":null,"postal_code":null,"footway":null,"crossing:markings":null,"crossing:island":null,"crossing":null,"surface":null,"oneway":null,"old_name":null,"name:etymology:wikidata":null,"name":null,"maxspeed":null,"lit":null,"lanes":null,"service":null},"geometry":{"type":"LineString","coordinates":[[37.8886306,51.3135006],[37.8887396,51.3133918],[37.8888493,51.3133586],[37.8890672,51.3132928],[37.8895191,51.3128849],[37.8889757,51.3126374],[37.8888297,51.3125851]]}},
{"type":"Feature","properties":{"full_id":"w30306270","osm_id":"30306270","osm_type":"way","highway":"service","tactile_paving":null,"handrail":null,"traffic_signals:vibration":null,"traffic_signals:sound":null,"button_operated":null,"access":null,"layer":null,"tunnel":null,"postal_code":null,"footway":null,"crossing:markings":null,"crossing:island":null,"crossing":null,"surface":null,"oneway":null,"old_name":null,"name:etymology:wikidata":null,"name":null,"maxspeed":null,"lit":null,"lanes":null,"service":null},"geometry":{"type":"LineString","coordinates":[[37.8875033,51.3111602],[37.8876519,51.3110053],[37.8879627,51.310732]]}},
{"type":"Feature","properties":{"full_id":"w30306271","osm_id":"30306271","osm_type":"way","highway":"service","tactile_paving":null,"handrail":null,"traffic_signals:vibration":null,"traffic_signals:sound":null,"button_operated":null,"access":null,"layer":null,"tunnel":null,"postal_code":null,"footway":null,"crossing:markings":null,"crossing:island":null,"crossing":null,"surface":null,"oneway":null,"old_name":null,"name:etymology:wikidata":null,"name":null,"maxspeed":null,"lit":null,"lanes":null,"service":null},"geometry":{"type":"LineString","coordinates":[[37.8869054,51.3107379],[37.8868686,51.3108588],[37.8866179,51.3110848],[37.8868192,51.3110403],[37.8870631,51.3111169]]}},
{"type":"Feature","properties":{"full_id":"w30306272","osm_id":"30306272","osm_type":"way","highway":"service","tactile_paving":null,"handrail":null,"traffic_signals:vibration":null,"traffic_signals:sound":null,"button_operated":null,"access":null,"layer":null,"tunnel":null,"postal_code":null,"footway":null,"crossing:markings":null,"crossing:island":null,"crossing":null,"surface":null,"oneway":null,"old_name":null,"name:etymology:wikidata":null,"name":null,"maxspeed":null,"lit":null,"lanes":null,"service":null},"geometry":{"type":"LineString","coordinates":[[37.8869054,51.3107379],[37.8865086,51.3105588],[37.886126,51.3109007],[37.8861286,51.3110001],[37.8865107,51.3111642]]}},
{"type":"Feature","properties":{"full_id":"w30306273","osm_id":"30306273","osm_type":"way","highway":"service","tactile_paving":null,"handrail":null,"traffic_signals:vibration":null,"traffic_signals:sound":null,"button_operated":null,"access":null,"layer":null,"tunnel":null,"postal_code":null,"footway":null,"crossing:markings":null,"crossing:island":null,"crossing":null,"surface":null,"oneway":null,"old_name":null,"name:etymology:wikidata":null,"name":null,"maxspeed":null,"lit":null,"lanes":null,"service":null},"geometry":{"type":"LineString","coordinates":[[37.8894553,51.311999],[37.8893328,51.3119489],[37.8890731,51.3118484],[37.8875033,51.3111602],[37.887164,51.3111214],[37.8870631,51.3111169],[37.8867994,51.3113555],[37.8868784,51.3113912],[37.8873736,51.3116099],[37.8874652,51.311741],[37.8878935,51.3119306],[37.8880162,51.3120734],[37.8880476,51.3121098],[37.8883251,51.3123246],[37.8885654,51.3125183],[37.8886901,51.3126063],[37.8887333,51.3126712]]}},
{"type":"Feature","properties":{"full_id":"w30306275","osm_id":"30306275","osm_type":"way","highway":"service","tactile_paving":null,"handrail":null,"traffic_signals:vibration":null,"traffic_signals:sound":null,"button_operated":null,"access":null,"layer":null,"tunnel":null,"postal_code":null,"footway":null,"crossing:markings":null,"crossing:island":null,"crossing":null,"surface":null,"oneway":null,"old_name":null,"name:etymology:wikidata":null,"name":null,"maxspeed":null,"lit":null,"lanes":null,"service":null},"geometry":{"type":"LineString","coordinates":[[37.886126,51.3109007],[37.8859703,51.3108752],[37.8857224,51.3107675],[37.8854382,51.3110185],[37.885409,51.3110676],[37.8854352,51.3111267],[37.8853641,51.3112214],[37.8853379,51.3113022]]}},
{"type":"Feature","properties":{"full_id":"w30306276","osm_id":"30306276","osm_type":"way","highway":"service","tactile_paving":null,"handrail":null,"traffic_signals:vibration":null,"traffic_signals:sound":null,"button_operated":null,"access":null,"layer":null,"tunnel":null,"postal_code":null,"footway":null,"crossing:markings":null,"crossing:island":null,"crossing":null,"surface":null,"oneway":null,"old_name":null,"name:etymology:wikidata":null,"name":null,"maxspeed":null,"lit":null,"lanes":null,"service":null},"geometry":{"type":"LineString","coordinates":[[37.8927403,51.3132329],[37.8927058,51.3132968],[37.8925739,51.3134068],[37.8924192,51.3135462],[37.8923726,51.3135646],[37.8923604,51.3135167],[37.8923162,51.3134867],[37.8923247,51.313469],[37.8923843,51.3133544],[37.8920616,51.3132098],[37.8919926,51.313214],[37.8916564,51.3135316],[37.8915555,51.3136255],[37.8913777,51.3137815],[37.8913508,51.3138243],[37.8913891,51.3138793],[37.891627,51.313978],[37.8917277,51.3139911],[37.8917773,51.3139593],[37.8919138,51.3138506],[37.8919838,51.313831],[37.8920675,51.3138465],[37.8923168,51.3139554],[37.8923565,51.3140014]]}},
{"type":"Feature","properties":{"full_id":"w30306277","osm_id":"30306277","osm_type":"way","highway":"service","tactile_paving":null,"handrail":null,"traffic_signals:vibration":null,"traffic_signals:sound":null,"button_operated":null,"access":null,"layer":null,"tunnel":null,"postal_code":null,"footway":null,"crossing:markings":null,"crossing:island":null,"crossing":null,"surface":null,"oneway":null,"old_name":null,"name:etymology:wikidata":null,"name":null,"maxspeed":null,"lit":null,"lanes":null,"service":null},"geometry":{"type":"LineString","coordinates":[[37.8913295,51.315006],[37.8915667,51.3149886],[37.8919396,51.3146524],[37.8919715,51.3146218]]}},
{"type":"Feature","properties":{"full_id":"w30306278","osm_id":"30306278","osm_type":"way","highway":"footway","tactile_paving":null,"handrail":null,"traffic_signals:vibration":null,"traffic_signals:sound":null,"button_operated":null,"access":null,"layer":null,"tunnel":null,"postal_code":null,"footway":null,"crossing:markings":null,"crossing:island":null,"crossing":null,"surface":null,"oneway":null,"old_name":null,"name:etymology:wikidata":null,"name":null,"maxspeed":null,"lit":null,"lanes":null,"service":null},"geometry":{"type":"LineString","coordinates":[[37.8943092,51.3122652],[37.8943512,51.3122854],[37.8943738,51.3122939]]}},
{"type":"Feature","properties":{"full_id":"w30306279","osm_id":"30306279","osm_type":"way","highway":"service","tactile_paving":null,"handrail":null,"traffic_signals:vibration":null,"traffic_signals:sound":null,"button_operated":null,"access":null,"layer":null,"tunnel":null,"postal_code":null,"footway":null,"crossing:markings":null,"crossing:island":null,"crossing":null,"surface":null,"oneway":null,"old_name":null,"name:etymology:wikidata":null,"name":null,"maxspeed":null,"lit":null,"lanes":null,"service":null},"geometry":{"type":"LineString","coordinates":[[37.8918219,51.3145529],[37.8918515,51.3144821],[37.8923565,51.3140014],[37.8930251,51.313438],[37.8931537,51.3133224],[37.8932345,51.3132453],[37.8940969,51.312455],[37.8941679,51.3123932],[37.8943092,51.3122652],[37.8948734,51.3117716],[37.8948578,51.3117353],[37.8945707,51.3116085],[37.8943294,51.3115039],[37.8942723,51.3115109],[37.8938713,51.3118806]]}},
{"type":"Feature","properties":{"full_id":"w30306280","osm_id":"30306280","osm_type":"way","highway":"service","tactile_paving":null,"handrail":null,"traffic_signals:vibration":null,"traffic_signals:sound":null,"button_operated":null,"access":null,"layer":null,"tunnel":null,"postal_code":null,"footway":null,"crossing:markings":null,"crossing:island":null,"crossing":null,"surface":null,"oneway":null,"old_name":null,"name:etymology:wikidata":null,"name":null,"maxspeed":null,"lit":null,"lanes":null,"service":null},"geometry":{"type":"LineString","coordinates":[[37.8950376,51.3114518],[37.8960445,51.3105104],[37.895595,51.3103122]]}},
{"type":"Feature","properties":{"full_id":"w30306281","osm_id":"30306281","osm_type":"way","highway":"service","tactile_paving":null,"handrail":null,"traffic_signals:vibration":null,"traffic_signals:sound":null,"button_operated":null,"access":null,"layer":null,"tunnel":null,"postal_code":null,"footway":null,"crossing:markings":null,"crossing:island":null,"crossing":null,"surface":null,"oneway":null,"old_name":null,"name:etymology:wikidata":null,"name":null,"maxspeed":null,"lit":null,"lanes":null,"service":null},"geometry":{"type":"LineString","coordinates":[[37.8945707,51.3116085],[37.8947676,51.3114307],[37.8948272,51.3113723]]}},
{"type":"Feature","properties":{"full_id":"w30306282","osm_id":"30306282","osm_type":"way","highway":"service","tactile_paving":null,"handrail":null,"traffic_signals:vibration":null,"traffic_signals:sound":null,"button_operated":null,"access":null,"layer":null,"tunnel":null,"postal_code":null,"footway":null,"crossing:markings":null,"crossing:island":null,"crossing":null,"surface":"asphalt","oneway":null,"old_name":null,"name:etymology:wikidata":null,"name":null,"maxspeed":null,"lit":null,"lanes":null,"service":null},"geometry":{"type":"LineString","coordinates":[[37.8898665,51.3145968],[37.8897396,51.314541],[37.8894159,51.3143996],[37.8894237,51.3143507],[37.8897881,51.3140472],[37.8897482,51.3139794],[37.8886306,51.3135006],[37.8882584,51.3134842],[37.888053,51.3136905],[37.8877765,51.3137205],[37.8875022,51.3139547],[37.8874867,51.3139646],[37.8873794,51.3140681]]}},
{"type":"Feature","properties":{"full_id":"w30306283","osm_id":"30306283","osm_type":"way","highway":"service","tactile_paving":null,"handrail":null,"traffic_signals:vibration":null,"traffic_signals:sound":null,"button_operated":null,"access":null,"layer":null,"tunnel":null,"postal_code":null,"footway":null,"crossing:markings":null,"crossing:island":null,"crossing":null,"surface":null,"oneway":null,"old_name":null,"name:etymology:wikidata":null,"name":null,"maxspeed":null,"lit":null,"lanes":null,"service":"parking_aisle"},"geometry":{"type":"LineString","coordinates":[[37.8938673,51.3111253],[37.893842,51.31114],[37.8937885,51.3111827],[37.8935156,51.3114006],[37.8928327,51.311465],[37.8926195,51.3113975],[37.8925726,51.311343],[37.8925672,51.3111803],[37.89259,51.3111208],[37.892649,51.3111032],[37.8934443,51.3110152],[37.8935489,51.3110018],[37.8936522,51.3110144],[37.893738,51.3110957],[37.8937823,51.3111636],[37.8937885,51.3111827]]}},
{"type":"Feature","properties":{"full_id":"w30306284","osm_id":"30306284","osm_type":"way","highway":"service","tactile_paving":null,"handrail":null,"traffic_signals:vibration":null,"traffic_signals:sound":null,"button_operated":null,"access":null,"layer":null,"tunnel":null,"postal_code":null,"footway":null,"crossing:markings":null,"crossing:island":null,"crossing":null,"surface":null,"oneway":null,"old_name":null,"name:etymology:wikidata":null,"name":null,"maxspeed":null,"lit":null,"lanes":null,"service":null},"geometry":{"type":"LineString","coordinates":[[37.8905642,51.3098755],[37.8898162,51.3105137],[37.8896876,51.3106321],[37.8896634,51.310664],[37.8894783,51.3108588],[37.8898207,51.3109736],[37.8899475,51.3110275]]}},
{"type":"Feature","properties":{"full_id":"w30306286","osm_id":"30306286","osm_type":"way","highway":"service","tactile_paving":null,"handrail":null,"traffic_signals:vibration":null,"traffic_signals:sound":null,"button_operated":null,"access":null,"layer":null,"tunnel":null,"postal_code":null,"footway":null,"crossing:markings":null,"crossing:island":null,"crossing":null,"surface":null,"oneway":null,"old_name":null,"name:etymology:wikidata":null,"name":null,"maxspeed":null,"lit":null,"lanes":null,"service":null},"geometry":{"type":"LineString","coordinates":[[37.8900747,51.3096771],[37.8901639,51.3097115],[37.8905642,51.3098755],[37.8912497,51.3101773],[37.8912771,51.3102009]]}},
{"type":"Feature","properties":{"full_id":"w30306287","osm_id":"30306287","osm_type":"way","highway":"service","tactile_paving":null,"handrail":null,"traffic_signals:vibration":null,"traffic_signals:sound":null,"button_operated":null,"access":null,"layer":null,"tunnel":null,"postal_code":null,"footway":null,"crossing:markings":null,"crossing:island":null,"crossing":null,"surface":null,"oneway":null,"old_name":null,"name:etymology:wikidata":null,"name":null,"maxspeed":null,"lit":null,"lanes":null,"service":null},"geometry":{"type":"LineString","coordinates":[[37.8912771,51.3102009],[37.8911456,51.3102875],[37.8909659,51.3104267],[37.8906246,51.3107182],[37.8906555,51.3107845],[37.890812,51.3108539],[37.8908499,51.3108827],[37.8908669,51.3109161],[37.8908385,51.3109544],[37.8907986,51.3110081],[37.8903275,51.3114441],[37.8900429,51.3117155]]}},
{"type":"Feature","properties":{"full_id":"w30306288","osm_id":"30306288","osm_type":"way","highway":"service","tactile_paving":null,"handrail":null,"traffic_signals:vibration":null,"traffic_signals:sound":null,"button_operated":null,"access":null,"layer":null,"tunnel":null,"postal_code":null,"footway":null,"crossing:markings":null,"crossing:island":null,"crossing":null,"surface":null,"oneway":null,"old_name":null,"name:etymology:wikidata":null,"name":null,"maxspeed":null,"lit":null,"lanes":null,"service":null},"geometry":{"type":"LineString","coordinates":[[37.8912771,51.3102009],[37.8911583,51.3102194],[37.8910451,51.3102855],[37.8905113,51.3106371],[37.8899475,51.3110275],[37.8895183,51.3113582],[37.8894781,51.3114107],[37.8893995,51.3114922],[37.8894455,51.3115902],[37.8897525,51.3117335]]}},
{"type":"Feature","properties":{"full_id":"w30306289","osm_id":"30306289","osm_type":"way","highway":"service","tactile_paving":null,"handrail":null,"traffic_signals:vibration":null,"traffic_signals:sound":null,"button_operated":null,"access":null,"layer":null,"tunnel":null,"postal_code":null,"footway":null,"crossing:markings":null,"crossing:island":null,"crossing":null,"surface":null,"oneway":null,"old_name":null,"name:etymology:wikidata":null,"name":null,"maxspeed":null,"lit":null,"lanes":null,"service":null},"geometry":{"type":"LineString","coordinates":[[37.890814,51.3147985],[37.8910306,51.3148869]]}},
{"type":"Feature","properties":{"full_id":"w30306290","osm_id":"30306290","osm_type":"way","highway":"service","tactile_paving":null,"handrail":null,"traffic_signals:vibration":null,"traffic_signals:sound":null,"button_operated":null,"access":null,"layer":null,"tunnel":null,"postal_code":null,"footway":null,"crossing:markings":null,"crossing:island":null,"crossing":null,"surface":null,"oneway":null,"old_name":null,"name:etymology:wikidata":null,"name":null,"maxspeed":null,"lit":null,"lanes":null,"service":null},"geometry":{"type":"LineString","coordinates":[[37.8907986,51.3110081],[37.8914547,51.3113021],[37.8909548,51.3117205],[37.8914999,51.3119626],[37.891548,51.312027],[37.89155,51.3120596],[37.8915523,51.3120955],[37.891432,51.3121996],[37.8913513,51.3122703],[37.891305,51.3123183],[37.8912446,51.312381],[37.891211,51.3124159],[37.8911894,51.3124747],[37.8912715,51.3125294],[37.8914863,51.312608],[37.8914729,51.3126457],[37.8919284,51.3128452],[37.8925189,51.3131252],[37.8927403,51.3132329],[37.8928435,51.3132123],[37.8929071,51.3132004],[37.893101,51.3132794],[37.8931537,51.3133224],[37.8931992,51.3133526]]}},
{"type":"Feature","properties":{"full_id":"w30306291","osm_id":"30306291","osm_type":"way","highway":"service","tactile_paving":null,"handrail":null,"traffic_signals:vibration":null,"traffic_signals:sound":null,"button_operated":null,"access":null,"layer":null,"tunnel":null,"postal_code":null,"footway":null,"crossing:markings":null,"crossing:island":null,"crossing":null,"surface":null,"oneway":null,"old_name":null,"name:etymology:wikidata":null,"name":null,"maxspeed":null,"lit":null,"lanes":null,"service":null},"geometry":{"type":"LineString","coordinates":[[37.8915207,51.3144265],[37.891448,51.3144965],[37.8912174,51.3147152]]}},
{"type":"Feature","properties":{"full_id":"w30306292","osm_id":"30306292","osm_type":"way","highway":"service","tactile_paving":null,"handrail":null,"traffic_signals:vibration":null,"traffic_signals:sound":null,"button_operated":null,"access":null,"layer":null,"tunnel":null,"postal_code":null,"footway":null,"crossing:markings":null,"crossing:island":null,"crossing":null,"surface":"asphalt","oneway":null,"old_name":null,"name:etymology:wikidata":null,"name":null,"maxspeed":null,"lit":null,"lanes":null,"service":null},"geometry":{"type":"LineString","coordinates":[[37.8923971,51.3148183],[37.8922266,51.3147385],[37.8919715,51.3146218],[37.8918219,51.3145529],[37.8915207,51.3144265],[37.891324,51.314339],[37.8907004,51.3140666],[37.8904939,51.3140741],[37.8899141,51.3145588],[37.8898665,51.3145968],[37.8895895,51.3148424]]}},
{"type":"Feature","properties":{"full_id":"w30306294","osm_id":"30306294","osm_type":"way","highway":"service","tactile_paving":null,"handrail":null,"traffic_signals:vibration":null,"traffic_signals:sound":null,"button_operated":null,"access":null,"layer":null,"tunnel":null,"postal_code":null,"footway":null,"crossing:markings":null,"crossing:island":null,"crossing":null,"surface":null,"oneway":null,"old_name":null,"name:etymology:wikidata":null,"name":null,"maxspeed":null,"lit":null,"lanes":null,"service":null},"geometry":{"type":"LineString","coordinates":[[37.8988726,51.3079042],[37.8980362,51.3086913],[37.8977514,51.3089521],[37.8973442,51.3093117],[37.8972622,51.3094111]]}},
{"type":"Feature","properties":{"full_id":"w30306296","osm_id":"30306296","osm_type":"way","highway":"service","tactile_paving":null,"handrail":null,"traffic_signals:vibration":null,"traffic_signals:sound":null,"button_operated":null,"access":null,"layer":null,"tunnel":null,"postal_code":null,"footway":null,"crossing:markings":null,"crossing:island":null,"crossing":null,"surface":null,"oneway":null,"old_name":null,"name:etymology:wikidata":null,"name":null,"maxspeed":null,"lit":null,"lanes":null,"service":null},"geometry":{"type":"LineString","coordinates":[[37.8988778,51.3074961],[37.8989591,51.3073845],[37.8989762,51.3072615],[37.8990515,51.307173],[37.8993773,51.3068804],[37.8993989,51.3068333],[37.8989683,51.3066449],[37.898861,51.3064956],[37.898543,51.3063505],[37.8980329,51.3061229],[37.8979029,51.3060649]]}},
{"type":"Feature","properties":{"full_id":"w30306303","osm_id":"30306303","osm_type":"way","highway":"service","tactile_paving":null,"handrail":null,"traffic_signals:vibration":null,"traffic_signals:sound":null,"button_operated":null,"access":null,"layer":null,"tunnel":null,"postal_code":null,"footway":null,"crossing:markings":null,"crossing:island":null,"crossing":null,"surface":null,"oneway":null,"old_name":null,"name:etymology:wikidata":null,"name":null,"maxspeed":null,"lit":null,"lanes":null,"service":null},"geometry":{"type":"LineString","coordinates":[[37.8940865,51.3091618],[37.8942148,51.309052],[37.8943073,51.308894],[37.8945078,51.308666],[37.8948612,51.3082863]]}},
{"type":"Feature","properties":{"full_id":"w30306304","osm_id":"30306304","osm_type":"way","highway":"service","tactile_paving":null,"handrail":null,"traffic_signals:vibration":null,"traffic_signals:sound":null,"button_operated":null,"access":null,"layer":null,"tunnel":null,"postal_code":null,"footway":null,"crossing:markings":null,"crossing:island":null,"crossing":null,"surface":null,"oneway":null,"old_name":null,"name:etymology:wikidata":null,"name":null,"maxspeed":null,"lit":null,"lanes":null,"service":null},"geometry":{"type":"LineString","coordinates":[[37.8940243,51.3078872],[37.8936267,51.3082562],[37.8936064,51.3083578],[37.8939103,51.3084874],[37.8940076,51.3084851],[37.8940612,51.3084457]]}},
{"type":"Feature","properties":{"full_id":"w30306305","osm_id":"30306305","osm_type":"way","highway":"service","tactile_paving":null,"handrail":null,"traffic_signals:vibration":null,"traffic_signals:sound":null,"button_operated":null,"access":null,"layer":null,"tunnel":null,"postal_code":null,"footway":null,"crossing:markings":null,"crossing:island":null,"crossing":null,"surface":null,"oneway":null,"old_name":null,"name:etymology:wikidata":null,"name":null,"maxspeed":null,"lit":null,"lanes":null,"service":null},"geometry":{"type":"LineString","coordinates":[[37.8957416,51.3086636],[37.8949148,51.3083093],[37.8948612,51.3082863],[37.8946325,51.308185],[37.8946038,51.3081222],[37.8940243,51.3078872],[37.8939928,51.3078354],[37.8935612,51.3076292],[37.8934993,51.3075981]]}},
{"type":"Feature","properties":{"full_id":"w30306306","osm_id":"30306306","osm_type":"way","highway":"service","tactile_paving":null,"handrail":null,"traffic_signals:vibration":null,"traffic_signals:sound":null,"button_operated":null,"access":null,"layer":null,"tunnel":null,"postal_code":null,"footway":null,"crossing:markings":null,"crossing:island":null,"crossing":null,"surface":null,"oneway":null,"old_name":null,"name:etymology:wikidata":null,"name":null,"maxspeed":null,"lit":null,"lanes":null,"service":null},"geometry":{"type":"LineString","coordinates":[[37.8948166,51.3094742],[37.894923,51.3093763],[37.8951588,51.3091474],[37.8953604,51.3089854],[37.8957416,51.3086636],[37.8957953,51.3086586],[37.8958744,51.308641],[37.895949,51.3086026],[37.8967904,51.3078563],[37.8974019,51.3073156],[37.8974744,51.3072712],[37.8974757,51.3071932],[37.8973925,51.3071554]]}},
{"type":"Feature","properties":{"full_id":"w30306307","osm_id":"30306307","osm_type":"way","highway":"service","tactile_paving":null,"handrail":null,"traffic_signals:vibration":null,"traffic_signals:sound":null,"button_operated":null,"access":null,"layer":null,"tunnel":null,"postal_code":null,"footway":null,"crossing:markings":null,"crossing:island":null,"crossing":null,"surface":null,"oneway":null,"old_name":null,"name:etymology:wikidata":null,"name":null,"maxspeed":null,"lit":null,"lanes":null,"service":null},"geometry":{"type":"LineString","coordinates":[[37.8966449,51.3091252],[37.8962425,51.3094702],[37.895835,51.3092935],[37.8962421,51.3089492],[37.8967179,51.3084953],[37.8976925,51.3089261],[37.8977514,51.3089521]]}},
{"type":"Feature","properties":{"full_id":"w30306308","osm_id":"30306308","osm_type":"way","highway":"service","tactile_paving":null,"handrail":null,"traffic_signals:vibration":null,"traffic_signals:sound":null,"button_operated":null,"access":null,"layer":null,"tunnel":null,"postal_code":null,"footway":null,"crossing:markings":null,"crossing:island":null,"crossing":null,"surface":null,"oneway":null,"old_name":null,"name:etymology:wikidata":null,"name":null,"maxspeed":null,"lit":null,"lanes":null,"service":null},"geometry":{"type":"LineString","coordinates":[[37.896777,51.3096588],[37.8969644,51.3097338],[37.8972622,51.3094111]]}},
{"type":"Feature","properties":{"full_id":"w30306309","osm_id":"30306309","osm_type":"way","highway":"service","tactile_paving":null,"handrail":null,"traffic_signals:vibration":null,"traffic_signals:sound":null,"button_operated":null,"access":null,"layer":null,"tunnel":null,"postal_code":null,"footway":null,"crossing:markings":null,"crossing:island":null,"crossing":null,"surface":null,"oneway":null,"old_name":null,"name:etymology:wikidata":null,"name":null,"maxspeed":null,"lit":null,"lanes":null,"service":null},"geometry":{"type":"LineString","coordinates":[[37.8980189,51.3097424],[37.8978772,51.3096793],[37.8972622,51.3094111],[37.8966449,51.3091252],[37.8962421,51.3089492]]}},
{"type":"Feature","properties":{"full_id":"w30306310","osm_id":"30306310","osm_type":"way","highway":"service","tactile_paving":null,"handrail":null,"traffic_signals:vibration":null,"traffic_signals:sound":null,"button_operated":null,"access":null,"layer":null,"tunnel":null,"postal_code":null,"footway":null,"crossing:markings":null,"crossing:island":null,"crossing":null,"surface":null,"oneway":null,"old_name":null,"name:etymology:wikidata":null,"name":null,"maxspeed":null,"lit":null,"lanes":null,"service":null},"geometry":{"type":"LineString","coordinates":[[37.8931063,51.3095631],[37.8930152,51.3096388],[37.8928523,51.3097941],[37.8928275,51.309857],[37.8928411,51.3099345],[37.8929996,51.3099784]]}},
{"type":"Feature","properties":{"full_id":"w30306311","osm_id":"30306311","osm_type":"way","highway":"service","tactile_paving":null,"handrail":null,"traffic_signals:vibration":null,"traffic_signals:sound":null,"button_operated":null,"access":null,"layer":null,"tunnel":null,"postal_code":null,"footway":null,"crossing:markings":null,"crossing:island":null,"crossing":null,"surface":null,"oneway":null,"old_name":null,"name:etymology:wikidata":null,"name":null,"maxspeed":null,"lit":null,"lanes":null,"service":null},"geometry":{"type":"LineString","coordinates":[[37.8936854,51.3099688],[37.8951116,51.3105888],[37.895187,51.3106288],[37.8952181,51.3106453]]}},
{"type":"Feature","properties":{"full_id":"w30306314","osm_id":"30306314","osm_type":"way","highway":"service","tactile_paving":null,"handrail":null,"traffic_signals:vibration":null,"traffic_signals:sound":null,"button_operated":null,"access":null,"layer":null,"tunnel":null,"postal_code":null,"footway":null,"crossing:markings":null,"crossing:island":null,"crossing":null,"surface":null,"oneway":null,"old_name":null,"name:etymology:wikidata":null,"name":null,"maxspeed":null,"lit":null,"lanes":null,"service":null},"geometry":{"type":"LineString","coordinates":[[37.8940902,51.309241],[37.8939098,51.3093935],[37.8938773,51.3094241],[37.8937984,51.3094984],[37.8937487,51.3095453],[37.8936634,51.3096257]]}},
{"type":"Feature","properties":{"full_id":"w30306316","osm_id":"30306316","osm_type":"way","highway":"service","tactile_paving":null,"handrail":null,"traffic_signals:vibration":null,"traffic_signals:sound":null,"button_operated":null,"access":null,"layer":null,"tunnel":null,"postal_code":null,"footway":null,"crossing:markings":null,"crossing:island":null,"crossing":null,"surface":null,"oneway":null,"old_name":null,"name:etymology:wikidata":null,"name":null,"maxspeed":null,"lit":null,"lanes":null,"service":null},"geometry":{"type":"LineString","coordinates":[[37.88803,51.3082109],[37.8880772,51.30817]]}},
{"type":"Feature","properties":{"full_id":"w30306317","osm_id":"30306317","osm_type":"way","highway":"service","tactile_paving":null,"handrail":null,"traffic_signals:vibration":null,"traffic_signals:sound":null,"button_operated":null,"access":null,"layer":null,"tunnel":null,"postal_code":null,"footway":null,"crossing:markings":null,"crossing:island":null,"crossing":null,"surface":null,"oneway":null,"old_name":null,"name:etymology:wikidata":null,"name":null,"maxspeed":null,"lit":null,"lanes":null,"service":null},"geometry":{"type":"LineString","coordinates":[[37.8888098,51.3081263],[37.8883425,51.3079364],[37.8882579,51.3078998],[37.8874104,51.3075288],[37.8872514,51.3074592],[37.8871693,51.3074246],[37.8870338,51.3073642],[37.8852781,51.3066081],[37.8850222,51.3064948],[37.8849203,51.3064507]]}},
{"type":"Feature","properties":{"full_id":"w30306318","osm_id":"30306318","osm_type":"way","highway":"service","tactile_paving":null,"handrail":null,"traffic_signals:vibration":null,"traffic_signals:sound":null,"button_operated":null,"access":null,"layer":null,"tunnel":null,"postal_code":null,"footway":null,"crossing:markings":null,"crossing:island":null,"crossing":null,"surface":null,"oneway":null,"old_name":null,"name:etymology:wikidata":null,"name":null,"maxspeed":null,"lit":null,"lanes":null,"service":null},"geometry":{"type":"LineString","coordinates":[[37.8836887,51.309349],[37.8840311,51.3090334],[37.8841008,51.3089554],[37.8843476,51.3087383],[37.8844495,51.3086695],[37.8849841,51.3081888]]}},
{"type":"Feature","properties":{"full_id":"w30306319","osm_id":"30306319","osm_type":"way","highway":"service","tactile_paving":null,"handrail":null,"traffic_signals:vibration":null,"traffic_signals:sound":null,"button_operated":null,"access":null,"layer":null,"tunnel":null,"postal_code":null,"footway":null,"crossing:markings":null,"crossing:island":null,"crossing":null,"surface":null,"oneway":null,"old_name":null,"name:etymology:wikidata":null,"name":null,"maxspeed":null,"lit":null,"lanes":null,"service":null},"geometry":{"type":"LineString","coordinates":[[37.8835941,51.3076236],[37.8837186,51.3076727],[37.8838652,51.3077331],[37.8840043,51.3077932],[37.8842807,51.3079049],[37.8847893,51.3080998],[37.8849841,51.3081888],[37.8852727,51.3083067],[37.8861982,51.3086977],[37.8868725,51.3089749],[37.8869997,51.3089864],[37.8876401,51.3089721],[37.8879417,51.3090963],[37.8880544,51.3091231],[37.8881401,51.3091016],[37.8886405,51.3086276],[37.8886592,51.3085681],[37.8886352,51.3085109],[37.8882336,51.308332],[37.8880692,51.3082587],[37.88803,51.3082109],[37.8879514,51.3081771],[37.8877474,51.3080892],[37.8870992,51.3078087],[37.8869249,51.3077349],[37.8868284,51.3076921],[37.8866473,51.3076192],[37.8857771,51.3072589],[37.8849442,51.3079757],[37.8847893,51.3080998]]}},
{"type":"Feature","properties":{"full_id":"w30306327","osm_id":"30306327","osm_type":"way","highway":"residential","tactile_paving":null,"handrail":null,"traffic_signals:vibration":null,"traffic_signals:sound":null,"button_operated":null,"access":null,"layer":null,"tunnel":null,"postal_code":null,"footway":null,"crossing:markings":null,"crossing:island":null,"crossing":null,"surface":null,"oneway":"yes","old_name":null,"name:etymology:wikidata":null,"name":"проспект Алексея Угарова (Олимпийский дублёр)","maxspeed":null,"lit":null,"lanes":null,"service":null},"geometry":{"type":"LineString","coordinates":[[37.897195,51.3104972],[37.8973174,51.31038],[37.8975853,51.3101486],[37.8980189,51.3097424],[37.8996543,51.3082545],[37.89974,51.3081793],[37.9010678,51.3069345],[37.9013003,51.3067256],[37.9014552,51.3065861],[37.9016822,51.306382]]}},
{"type":"Feature","properties":{"full_id":"w30306352","osm_id":"30306352","osm_type":"way","highway":"service","tactile_paving":null,"handrail":null,"traffic_signals:vibration":null,"traffic_signals:sound":null,"button_operated":null,"access":null,"layer":null,"tunnel":null,"postal_code":null,"footway":null,"crossing:markings":null,"crossing:island":null,"crossing":null,"surface":null,"oneway":null,"old_name":null,"name:etymology:wikidata":null,"name":null,"maxspeed":null,"lit":null,"lanes":null,"service":"parking_aisle"},"geometry":{"type":"LineString","coordinates":[[37.8894273,51.3068669],[37.8899354,51.3070914],[37.8899948,51.3071208],[37.8904075,51.3073026]]}},
{"type":"Feature","properties":{"full_id":"w30306353","osm_id":"30306353","osm_type":"way","highway":"service","tactile_paving":null,"handrail":null,"traffic_signals:vibration":null,"traffic_signals:sound":null,"button_operated":null,"access":null,"layer":null,"tunnel":null,"postal_code":null,"footway":null,"crossing:markings":null,"crossing:island":null,"crossing":null,"surface":null,"oneway":null,"old_name":null,"name:etymology:wikidata":null,"name":null,"maxspeed":null,"lit":null,"lanes":null,"service":null},"geometry":{"type":"LineString","coordinates":[[37.8897294,51.307276],[37.8898565,51.3071625],[37.8898782,51.3071458]]}},
{"type":"Feature","properties":{"full_id":"w30306354","osm_id":"30306354","osm_type":"way","highway":"service","tactile_paving":null,"handrail":null,"traffic_signals:vibration":null,"traffic_signals:sound":null,"button_operated":null,"access":null,"layer":null,"tunnel":null,"postal_code":null,"footway":null,"crossing:markings":null,"crossing:island":null,"crossing":null,"surface":null,"oneway":null,"old_name":null,"name:etymology:wikidata":null,"name":null,"maxspeed":null,"lit":null,"lanes":null,"service":"parking_aisle"},"geometry":{"type":"LineString","coordinates":[[37.890107,51.307022],[37.8899948,51.3071208],[37.8899384,51.3071699]]}},
{"type":"Feature","properties":{"full_id":"w30306355","osm_id":"30306355","osm_type":"way","highway":"service","tactile_paving":null,"handrail":null,"traffic_signals:vibration":null,"traffic_signals:sound":null,"button_operated":null,"access":null,"layer":null,"tunnel":null,"postal_code":null,"footway":null,"crossing:markings":null,"crossing:island":null,"crossing":null,"surface":null,"oneway":null,"old_name":null,"name:etymology:wikidata":null,"name":null,"maxspeed":null,"lit":null,"lanes":null,"service":"parking_aisle"},"geometry":{"type":"LineString","coordinates":[[37.8895436,51.3067764],[37.8900434,51.3069932],[37.890107,51.307022],[37.890527,51.3072042],[37.8905408,51.3072393],[37.890467,51.307303],[37.8904075,51.3073026]]}},
{"type":"Feature","properties":{"full_id":"w30308262","osm_id":"30308262","osm_type":"way","highway":"primary","tactile_paving":null,"handrail":null,"traffic_signals:vibration":null,"traffic_signals:sound":null,"button_operated":null,"access":null,"layer":null,"tunnel":null,"postal_code":"309516","footway":null,"crossing:markings":null,"crossing:island":null,"crossing":null,"surface":"asphalt","oneway":"yes","old_name":null,"name:etymology:wikidata":null,"name":"проспект Алексея Угарова","maxspeed":"RU:urban","lit":null,"lanes":"3","service":null},"geometry":{"type":"LineString","coordinates":[[37.9034558,51.3055082],[37.9027712,51.3061317],[37.9024968,51.306372],[37.9023789,51.3064758],[37.9002377,51.3084074],[37.8978031,51.3106087],[37.8976881,51.3107149]]}},
{"type":"Feature","properties":{"full_id":"w30529890","osm_id":"30529890","osm_type":"way","highway":"residential","tactile_paving":null,"handrail":null,"traffic_signals:vibration":null,"traffic_signals:sound":null,"button_operated":null,"access":null,"layer":null,"tunnel":null,"postal_code":null,"footway":null,"crossing:markings":null,"crossing:island":null,"crossing":null,"surface":"asphalt","oneway":null,"old_name":null,"name:etymology:wikidata":null,"name":"Молодёжный проспект (Ольминского дублёр)","maxspeed":null,"lit":null,"lanes":null,"service":null},"geometry":{"type":"LineString","coordinates":[[37.8775886,51.310481],[37.8771274,51.3102719],[37.8764888,51.3099694],[37.8764499,51.3099502],[37.8762558,51.3098809],[37.8754574,51.3095477],[37.8747456,51.3092524]]}},
{"type":"Feature","properties":{"full_id":"w30529897","osm_id":"30529897","osm_type":"way","highway":"service","tactile_paving":null,"handrail":null,"traffic_signals:vibration":null,"traffic_signals:sound":null,"button_operated":null,"access":null,"layer":null,"tunnel":null,"postal_code":null,"footway":null,"crossing:markings":null,"crossing:island":null,"crossing":null,"surface":null,"oneway":null,"old_name":null,"name:etymology:wikidata":null,"name":null,"maxspeed":null,"lit":null,"lanes":null,"service":null},"geometry":{"type":"LineString","coordinates":[[37.8957876,51.3117679],[37.8956029,51.3117015],[37.8950376,51.3114518],[37.8948272,51.3113723],[37.8945849,51.3112525]]}},
{"type":"Feature","properties":{"full_id":"w30529901","osm_id":"30529901","osm_type":"way","highway":"primary","tactile_paving":null,"handrail":null,"traffic_signals:vibration":null,"traffic_signals:sound":null,"button_operated":null,"access":null,"layer":null,"tunnel":null,"postal_code":"309516","footway":null,"crossing:markings":null,"crossing:island":null,"crossing":null,"surface":"asphalt","oneway":"yes","old_name":null,"name:etymology:wikidata":null,"name":"Молодёжный проспект","maxspeed":null,"lit":null,"lanes":null,"service":null},"geometry":{"type":"LineString","coordinates":[[37.8913098,51.3162219],[37.8909757,51.3160763],[37.890628,51.3159137],[37.8899696,51.3156412],[37.8871129,51.3143692],[37.8869508,51.3142947],[37.8853566,51.3136059],[37.8832999,51.312719],[37.882309,51.3122858],[37.8822209,51.3122488],[37.8808411,51.3116395],[37.8801029,51.3113174],[37.8796972,51.3111349]]}},
{"type":"Feature","properties":{"full_id":"w42440538","osm_id":"42440538","osm_type":"way","highway":"service","tactile_paving":null,"handrail":null,"traffic_signals:vibration":null,"traffic_signals:sound":null,"button_operated":null,"access":null,"layer":null,"tunnel":null,"postal_code":null,"footway":null,"crossing:markings":null,"crossing:island":null,"crossing":null,"surface":null,"oneway":null,"old_name":null,"name:etymology:wikidata":null,"name":null,"maxspeed":null,"lit":null,"lanes":null,"service":null},"geometry":{"type":"LineString","coordinates":[[37.8934072,51.3098487],[37.8935515,51.3099087],[37.8936854,51.3099688]]}},
{"type":"Feature","properties":{"full_id":"w42450481","osm_id":"42450481","osm_type":"way","highway":"service","tactile_paving":null,"handrail":null,"traffic_signals:vibration":null,"traffic_signals:sound":null,"button_operated":null,"access":null,"layer":null,"tunnel":null,"postal_code":null,"footway":null,"crossing:markings":null,"crossing:island":null,"crossing":null,"surface":null,"oneway":null,"old_name":null,"name:etymology:wikidata":null,"name":null,"maxspeed":null,"lit":null,"lanes":null,"service":null},"geometry":{"type":"LineString","coordinates":[[37.8997134,51.3128854],[37.900008,51.3126169],[37.9004401,51.3122069],[37.9005851,51.3120644]]}},
{"type":"Feature","properties":{"full_id":"w43153845","osm_id":"43153845","osm_type":"way","highway":"service","tactile_paving":null,"handrail":null,"traffic_signals:vibration":null,"traffic_signals:sound":null,"button_operated":null,"access":null,"layer":null,"tunnel":null,"postal_code":null,"footway":null,"crossing:markings":null,"crossing:island":null,"crossing":null,"surface":"asphalt","oneway":null,"old_name":null,"name:etymology:wikidata":null,"name":null,"maxspeed":null,"lit":null,"lanes":null,"service":null},"geometry":{"type":"LineString","coordinates":[[37.8861698,51.3130262],[37.8862305,51.3130512],[37.886716,51.3132626],[37.8877524,51.3137137],[37.8877765,51.3137205]]}},
{"type":"Feature","properties":{"full_id":"w43153847","osm_id":"43153847","osm_type":"way","highway":"service","tactile_paving":null,"handrail":null,"traffic_signals:vibration":null,"traffic_signals:sound":null,"button_operated":null,"access":null,"layer":null,"tunnel":null,"postal_code":null,"footway":null,"crossing:markings":null,"crossing:island":null,"crossing":null,"surface":null,"oneway":null,"old_name":null,"name:etymology:wikidata":null,"name":null,"maxspeed":null,"lit":null,"lanes":null,"service":null},"geometry":{"type":"LineString","coordinates":[[37.8867994,51.3113555],[37.8864641,51.3112035]]}},
{"type":"Feature","properties":{"full_id":"w43153848","osm_id":"43153848","osm_type":"way","highway":"service","tactile_paving":null,"handrail":null,"traffic_signals:vibration":null,"traffic_signals:sound":null,"button_operated":null,"access":null,"layer":null,"tunnel":null,"postal_code":null,"footway":null,"crossing:markings":null,"crossing:island":null,"crossing":null,"surface":null,"oneway":null,"old_name":null,"name:etymology:wikidata":null,"name":null,"maxspeed":null,"lit":null,"lanes":null,"service":null},"geometry":{"type":"LineString","coordinates":[[37.8849961,51.3103366],[37.8839793,51.3099032]]}},
{"type":"Feature","properties":{"full_id":"w43153849","osm_id":"43153849","osm_type":"way","highway":"service","tactile_paving":null,"handrail":null,"traffic_signals:vibration":null,"traffic_signals:sound":null,"button_operated":null,"access":null,"layer":null,"tunnel":null,"postal_code":null,"footway":null,"crossing:markings":null,"crossing:island":null,"crossing":null,"surface":null,"oneway":null,"old_name":null,"name:etymology:wikidata":null,"name":null,"maxspeed":null,"lit":null,"lanes":null,"service":null},"geometry":{"type":"LineString","coordinates":[[37.8880692,51.3082587],[37.8876814,51.3086244],[37.8877795,51.3086922],[37.8878141,51.3087698],[37.8876401,51.3089721]]}},
{"type":"Feature","properties":{"full_id":"w43198742","osm_id":"43198742","osm_type":"way","highway":"service","tactile_paving":null,"handrail":null,"traffic_signals:vibration":null,"traffic_signals:sound":null,"button_operated":null,"access":null,"layer":null,"tunnel":null,"postal_code":null,"footway":null,"crossing:markings":null,"crossing:island":null,"crossing":null,"surface":null,"oneway":null,"old_name":null,"name:etymology:wikidata":null,"name":null,"maxspeed":null,"lit":null,"lanes":null,"service":null},"geometry":{"type":"LineString","coordinates":[[37.8861982,51.3086977],[37.8862195,51.3086654],[37.8864454,51.3084697]]}},
{"type":"Feature","properties":{"full_id":"w43198743","osm_id":"43198743","osm_type":"way","highway":"service","tactile_paving":null,"handrail":null,"traffic_signals:vibration":null,"traffic_signals:sound":null,"button_operated":null,"access":null,"layer":null,"tunnel":null,"postal_code":null,"footway":null,"crossing:markings":null,"crossing:island":null,"crossing":null,"surface":null,"oneway":null,"old_name":null,"name:etymology:wikidata":null,"name":null,"maxspeed":null,"lit":null,"lanes":null,"service":null},"geometry":{"type":"LineString","coordinates":[[37.8894783,51.3108588],[37.8892015,51.310743],[37.8885705,51.3104787],[37.8887874,51.3102766],[37.8889626,51.3103307],[37.8892262,51.3104343]]}},
{"type":"Feature","properties":{"full_id":"w43198744","osm_id":"43198744","osm_type":"way","highway":"service","tactile_paving":null,"handrail":null,"traffic_signals:vibration":null,"traffic_signals:sound":null,"button_operated":null,"access":null,"layer":null,"tunnel":null,"postal_code":null,"footway":null,"crossing:markings":null,"crossing:island":null,"crossing":null,"surface":"asphalt","oneway":null,"old_name":null,"name:etymology:wikidata":null,"name":null,"maxspeed":null,"lit":null,"lanes":null,"service":null},"geometry":{"type":"LineString","coordinates":[[37.8875022,51.3139547],[37.8894551,51.3147809],[37.8895895,51.3148424]]}},
{"type":"Feature","properties":{"full_id":"w43839194","osm_id":"43839194","osm_type":"way","highway":"service","tactile_paving":null,"handrail":null,"traffic_signals:vibration":null,"traffic_signals:sound":null,"button_operated":null,"access":null,"layer":null,"tunnel":null,"postal_code":null,"footway":null,"crossing:markings":null,"crossing:island":null,"crossing":null,"surface":null,"oneway":null,"old_name":null,"name:etymology:wikidata":null,"name":null,"maxspeed":null,"lit":null,"lanes":null,"service":null},"geometry":{"type":"LineString","coordinates":[[37.901199,51.3114875],[37.901304,51.3115462],[37.9015634,51.3116738]]}},
{"type":"Feature","properties":{"full_id":"w48623396","osm_id":"48623396","osm_type":"way","highway":"residential","tactile_paving":null,"handrail":null,"traffic_signals:vibration":null,"traffic_signals:sound":null,"button_operated":null,"access":null,"layer":null,"tunnel":null,"postal_code":null,"footway":null,"crossing:markings":null,"crossing:island":null,"crossing":null,"surface":null,"oneway":null,"old_name":null,"name:etymology:wikidata":null,"name":"проспект Алексея Угарова (Королёвский дублер)","maxspeed":null,"lit":null,"lanes":null,"service":null},"geometry":{"type":"LineString","coordinates":[[37.898069,51.310876],[37.8981919,51.3107646],[37.898337,51.3106396],[37.9003211,51.3088417],[37.9006104,51.3085672],[37.9006501,51.3085337],[37.9007458,51.308453],[37.9016632,51.3076714],[37.9027476,51.306625],[37.9030636,51.306341],[37.9031766,51.306258],[37.9033866,51.3061647],[37.9036313,51.3061171],[37.9038871,51.3061184],[37.9039965,51.3061369],[37.9042191,51.3061942],[37.9046233,51.3063565],[37.9055871,51.3067753]]}},
{"type":"Feature","properties":{"full_id":"w48623397","osm_id":"48623397","osm_type":"way","highway":"secondary","tactile_paving":null,"handrail":null,"traffic_signals:vibration":null,"traffic_signals:sound":null,"button_operated":null,"access":null,"layer":null,"tunnel":null,"postal_code":null,"footway":null,"crossing:markings":null,"crossing:island":null,"crossing":null,"surface":"asphalt","oneway":"yes","old_name":"улица XXV Партсъезда","name:etymology:wikidata":"Q270706","name":"проспект Победы","maxspeed":"RU:urban","lit":null,"lanes":null,"service":null},"geometry":{"type":"LineString","coordinates":[[37.898069,51.310876],[37.8983543,51.3110055],[37.8989001,51.3112373],[37.8990352,51.3112954]]}},
{"type":"Feature","properties":{"full_id":"w48623399","osm_id":"48623399","osm_type":"way","highway":"residential","tactile_paving":null,"handrail":null,"traffic_signals:vibration":null,"traffic_signals:sound":null,"button_operated":null,"access":null,"layer":null,"tunnel":null,"postal_code":null,"footway":null,"crossing:markings":null,"crossing:island":null,"crossing":null,"surface":null,"oneway":null,"old_name":null,"name:etymology:wikidata":null,"name":"проспект Алексея Угарова (Ворошиловский дублёр)","maxspeed":null,"lit":null,"lanes":null,"service":null},"geometry":{"type":"LineString","coordinates":[[37.8920128,51.3163155],[37.8925936,51.3158195],[37.8927076,51.3157151],[37.8931014,51.3153518],[37.8931284,51.3153257],[37.8934433,51.3150397],[37.8942858,51.3142742],[37.8944461,51.3141303],[37.8950163,51.3136161],[37.8957753,51.3129305],[37.8965729,51.3122187],[37.896878,51.3119333],[37.8969137,51.3118996],[37.8969931,51.3118247],[37.8970407,51.3117804],[37.8979837,51.310951]]}},
{"type":"Feature","properties":{"full_id":"w48904393","osm_id":"48904393","osm_type":"way","highway":"secondary","tactile_paving":null,"handrail":null,"traffic_signals:vibration":null,"traffic_signals:sound":null,"button_operated":null,"access":null,"layer":null,"tunnel":null,"postal_code":null,"footway":null,"crossing:markings":null,"crossing:island":null,"crossing":null,"surface":"asphalt","oneway":"yes","old_name":"улица XXV Партсъезда","name:etymology:wikidata":"Q270706","name":"проспект Победы","maxspeed":"RU:urban","lit":null,"lanes":null,"service":null},"geometry":{"type":"LineString","coordinates":[[37.8990352,51.3112954],[37.8994837,51.3114896],[37.8996787,51.3115788],[37.8997778,51.3116215],[37.9006441,51.3120116],[37.9009989,51.3121677],[37.9019783,51.3125913],[37.9021222,51.3126525],[37.9029759,51.3130204],[37.9038631,51.3133946],[37.9046257,51.3137325],[37.9047686,51.3137807],[37.9050105,51.3138185]]}},
{"type":"Feature","properties":{"full_id":"w77167379","osm_id":"77167379","osm_type":"way","highway":"footway","tactile_paving":null,"handrail":null,"traffic_signals:vibration":null,"traffic_signals:sound":null,"button_operated":null,"access":null,"layer":null,"tunnel":null,"postal_code":null,"footway":null,"crossing:markings":null,"crossing:island":null,"crossing":null,"surface":null,"oneway":null,"old_name":null,"name:etymology:wikidata":null,"name":null,"maxspeed":null,"lit":null,"lanes":null,"service":null},"geometry":{"type":"LineString","coordinates":[[37.9039188,51.3078426],[37.9040972,51.3079259],[37.9052363,51.308397],[37.9053191,51.3084312],[37.9053934,51.308464],[37.9054217,51.308475],[37.9055038,51.3085074],[37.9056475,51.3085847],[37.9059133,51.3086981],[37.9061526,51.3088003],[37.9072334,51.3092949],[37.9073448,51.3092949],[37.9074778,51.309258],[37.9079698,51.3088129],[37.9081838,51.308708],[37.9082236,51.3086741]]}},
{"type":"Feature","properties":{"full_id":"w77167380","osm_id":"77167380","osm_type":"way","highway":"footway","tactile_paving":null,"handrail":null,"traffic_signals:vibration":null,"traffic_signals:sound":null,"button_operated":null,"access":null,"layer":null,"tunnel":null,"postal_code":null,"footway":null,"crossing:markings":null,"crossing:island":null,"crossing":null,"surface":null,"oneway":null,"old_name":null,"name:etymology:wikidata":null,"name":null,"maxspeed":null,"lit":null,"lanes":null,"service":null},"geometry":{"type":"LineString","coordinates":[[37.9048024,51.3090762],[37.9045701,51.3090761],[37.9044427,51.30916],[37.9036316,51.3099008],[37.902625,51.3094612],[37.9024998,51.3094082],[37.9018006,51.3100297],[37.9011679,51.310597],[37.9010215,51.3107134]]}},
{"type":"Feature","properties":{"full_id":"w77202467","osm_id":"77202467","osm_type":"way","highway":"footway","tactile_paving":null,"handrail":null,"traffic_signals:vibration":null,"traffic_signals:sound":null,"button_operated":null,"access":null,"layer":null,"tunnel":null,"postal_code":null,"footway":null,"crossing:markings":null,"crossing:island":null,"crossing":null,"surface":null,"oneway":null,"old_name":null,"name:etymology:wikidata":null,"name":null,"maxspeed":null,"lit":null,"lanes":null,"service":null},"geometry":{"type":"LineString","coordinates":[[37.9023833,51.3122875],[37.9023725,51.3122584],[37.9023957,51.3122275],[37.9024226,51.3122151],[37.9024566,51.3122048],[37.9024998,51.3122093],[37.9025314,51.3122174],[37.9025582,51.3122395],[37.9025679,51.3122633],[37.9025523,51.312298],[37.9025221,51.3123178],[37.9024729,51.3123235],[37.9024239,51.3123138],[37.9023833,51.3122875]]}},
{"type":"Feature","properties":{"full_id":"w77202488","osm_id":"77202488","osm_type":"way","highway":"footway","tactile_paving":null,"handrail":null,"traffic_signals:vibration":null,"traffic_signals:sound":null,"button_operated":null,"access":null,"layer":null,"tunnel":null,"postal_code":null,"footway":null,"crossing:markings":null,"crossing:island":null,"crossing":null,"surface":null,"oneway":null,"old_name":null,"name:etymology:wikidata":null,"name":null,"maxspeed":null,"lit":null,"lanes":null,"service":null},"geometry":{"type":"LineString","coordinates":[[37.9028535,51.3104845],[37.9027923,51.3104588],[37.9026025,51.3103786],[37.902537,51.3103437],[37.9018006,51.3100297],[37.9016384,51.309966],[37.9008036,51.309606],[37.9007091,51.3095391]]}},
{"type":"Feature","properties":{"full_id":"w77202490","osm_id":"77202490","osm_type":"way","highway":"footway","tactile_paving":null,"handrail":null,"traffic_signals:vibration":null,"traffic_signals:sound":null,"button_operated":null,"access":null,"layer":null,"tunnel":null,"postal_code":null,"footway":null,"crossing:markings":null,"crossing:island":null,"crossing":null,"surface":null,"oneway":null,"old_name":null,"name:etymology:wikidata":null,"name":null,"maxspeed":null,"lit":null,"lanes":null,"service":null},"geometry":{"type":"LineString","coordinates":[[37.9020345,51.3125552],[37.9019783,51.3125913],[37.9019094,51.3126457],[37.901734,51.3127824],[37.901897,51.3128589],[37.9034765,51.3135593],[37.9040842,51.3138288],[37.9043745,51.3139575],[37.9036982,51.3145682],[37.9031039,51.3151122],[37.9026328,51.3155276],[37.9020614,51.3160553],[37.901798,51.3162158],[37.9012964,51.3162694],[37.9004281,51.3162821],[37.900323,51.3162838],[37.9000299,51.3162861],[37.8996912,51.3162854],[37.8995329,51.3162837],[37.8973073,51.3163254],[37.8969701,51.3163239],[37.8969283,51.3162802],[37.8954239,51.3162766],[37.8950499,51.3163342],[37.8948485,51.3162772],[37.8948011,51.316193],[37.894712,51.3161332],[37.8945942,51.3161656]]}},
{"type":"Feature","properties":{"full_id":"w77202501","osm_id":"77202501","osm_type":"way","highway":"footway","tactile_paving":null,"handrail":null,"traffic_signals:vibration":null,"traffic_signals:sound":null,"button_operated":null,"access":null,"layer":null,"tunnel":null,"postal_code":null,"footway":null,"crossing:markings":null,"crossing:island":null,"crossing":null,"surface":null,"oneway":null,"old_name":null,"name:etymology:wikidata":null,"name":null,"maxspeed":null,"lit":null,"lanes":null,"service":null},"geometry":{"type":"LineString","coordinates":[[37.9015119,51.3113433],[37.9017075,51.3115438],[37.9017704,51.3115758]]}},
{"type":"Feature","properties":{"full_id":"w77202511","osm_id":"77202511","osm_type":"way","highway":"footway","tactile_paving":null,"handrail":null,"traffic_signals:vibration":null,"traffic_signals:sound":null,"button_operated":null,"access":null,"layer":null,"tunnel":null,"postal_code":null,"footway":null,"crossing:markings":null,"crossing:island":null,"crossing":null,"surface":null,"oneway":null,"old_name":null,"name:etymology:wikidata":null,"name":null,"maxspeed":null,"lit":null,"lanes":null,"service":null},"geometry":{"type":"LineString","coordinates":[[37.9014271,51.3118019],[37.9023957,51.3122275]]}},
{"type":"Feature","properties":{"full_id":"w77202514","osm_id":"77202514","osm_type":"way","highway":"footway","tactile_paving":null,"handrail":null,"traffic_signals:vibration":null,"traffic_signals:sound":null,"button_operated":null,"access":null,"layer":null,"tunnel":null,"postal_code":null,"footway":null,"crossing:markings":null,"crossing:island":null,"crossing":null,"surface":null,"oneway":null,"old_name":null,"name:etymology:wikidata":null,"name":null,"maxspeed":null,"lit":null,"lanes":null,"service":null},"geometry":{"type":"LineString","coordinates":[[37.9047924,51.3111847],[37.9046895,51.3110118],[37.9041155,51.3107553],[37.9037866,51.3106169],[37.9030758,51.310318],[37.9034784,51.3099606],[37.9035661,51.3099463],[37.9036316,51.3099008]]}},
{"type":"Feature","properties":{"full_id":"w77202519","osm_id":"77202519","osm_type":"way","highway":"footway","tactile_paving":null,"handrail":null,"traffic_signals:vibration":null,"traffic_signals:sound":null,"button_operated":null,"access":null,"layer":null,"tunnel":null,"postal_code":null,"footway":null,"crossing:markings":null,"crossing:island":null,"crossing":null,"surface":null,"oneway":null,"old_name":null,"name:etymology:wikidata":null,"name":null,"maxspeed":null,"lit":null,"lanes":null,"service":null},"geometry":{"type":"LineString","coordinates":[[37.9025314,51.3122174],[37.9026466,51.3121049]]}},
{"type":"Feature","properties":{"full_id":"w77202520","osm_id":"77202520","osm_type":"way","highway":"footway","tactile_paving":null,"handrail":null,"traffic_signals:vibration":null,"traffic_signals:sound":null,"button_operated":null,"access":null,"layer":null,"tunnel":null,"postal_code":null,"footway":null,"crossing:markings":null,"crossing:island":null,"crossing":null,"surface":null,"oneway":null,"old_name":null,"name:etymology:wikidata":null,"name":null,"maxspeed":null,"lit":null,"lanes":null,"service":null},"geometry":{"type":"LineString","coordinates":[[37.9021668,51.3125457],[37.9020824,51.3125398],[37.9020345,51.3125552]]}},
{"type":"Feature","properties":{"full_id":"w77202523","osm_id":"77202523","osm_type":"way","highway":"footway","tactile_paving":null,"handrail":null,"traffic_signals:vibration":null,"traffic_signals:sound":null,"button_operated":null,"access":null,"layer":null,"tunnel":null,"postal_code":null,"footway":null,"crossing:markings":null,"crossing:island":null,"crossing":null,"surface":null,"oneway":null,"old_name":null,"name:etymology:wikidata":null,"name":null,"maxspeed":null,"lit":null,"lanes":null,"service":null},"geometry":{"type":"LineString","coordinates":[[37.9024123,51.3121486],[37.9023874,51.3121264],[37.9017704,51.3115758]]}},
{"type":"Feature","properties":{"full_id":"w77202526","osm_id":"77202526","osm_type":"way","highway":"footway","tactile_paving":null,"handrail":null,"traffic_signals:vibration":null,"traffic_signals:sound":null,"button_operated":null,"access":null,"layer":null,"tunnel":null,"postal_code":null,"footway":null,"crossing:markings":null,"crossing:island":null,"crossing":null,"surface":null,"oneway":null,"old_name":null,"name:etymology:wikidata":null,"name":null,"maxspeed":null,"lit":null,"lanes":null,"service":null},"geometry":{"type":"LineString","coordinates":[[37.9025523,51.312298],[37.9033819,51.3126675]]}},
{"type":"Feature","properties":{"full_id":"w77204069","osm_id":"77204069","osm_type":"way","highway":"footway","tactile_paving":null,"handrail":null,"traffic_signals:vibration":null,"traffic_signals:sound":null,"button_operated":null,"access":null,"layer":null,"tunnel":null,"postal_code":null,"footway":null,"crossing:markings":null,"crossing:island":null,"crossing":null,"surface":null,"oneway":null,"old_name":null,"name:etymology:wikidata":null,"name":null,"maxspeed":null,"lit":null,"lanes":null,"service":null},"geometry":{"type":"LineString","coordinates":[[37.9024998,51.3094082],[37.9031892,51.308741],[37.9034615,51.3084951],[37.9035177,51.3084443],[37.9038995,51.3081062],[37.9040972,51.3079259]]}},
{"type":"Feature","properties":{"full_id":"w77219558","osm_id":"77219558","osm_type":"way","highway":"service","tactile_paving":null,"handrail":null,"traffic_signals:vibration":null,"traffic_signals:sound":null,"button_operated":null,"access":null,"layer":null,"tunnel":null,"postal_code":null,"footway":null,"crossing:markings":null,"crossing:island":null,"crossing":null,"surface":null,"oneway":null,"old_name":null,"name:etymology:wikidata":null,"name":null,"maxspeed":null,"lit":null,"lanes":null,"service":"parking_aisle"},"geometry":{"type":"LineString","coordinates":[[37.9026448,51.3094424],[37.9028173,51.3092891],[37.9029792,51.3091368],[37.9030158,51.3092245],[37.9030844,51.3093506],[37.9035438,51.3095605],[37.9037602,51.3093704],[37.9038579,51.3093933],[37.9040135,51.3092719],[37.9039237,51.3090255],[37.9034611,51.308828],[37.9033211,51.3089469],[37.9031538,51.3089742],[37.9029792,51.3091368]]}},
{"type":"Feature","properties":{"full_id":"w77249249","osm_id":"77249249","osm_type":"way","highway":"footway","tactile_paving":null,"handrail":null,"traffic_signals:vibration":null,"traffic_signals:sound":null,"button_operated":null,"access":null,"layer":null,"tunnel":null,"postal_code":null,"footway":null,"crossing:markings":null,"crossing:island":null,"crossing":null,"surface":null,"oneway":null,"old_name":null,"name:etymology:wikidata":null,"name":null,"maxspeed":null,"lit":null,"lanes":null,"service":null},"geometry":{"type":"LineString","coordinates":[[37.8973667,51.3118784],[37.8975036,51.3119252],[37.8980292,51.3121353]]}},
{"type":"Feature","properties":{"full_id":"w77249250","osm_id":"77249250","osm_type":"way","highway":"footway","tactile_paving":null,"handrail":null,"traffic_signals:vibration":null,"traffic_signals:sound":null,"button_operated":null,"access":null,"layer":null,"tunnel":null,"postal_code":null,"footway":null,"crossing:markings":null,"crossing:island":null,"crossing":null,"surface":null,"oneway":null,"old_name":null,"name:etymology:wikidata":null,"name":null,"maxspeed":null,"lit":null,"lanes":null,"service":null},"geometry":{"type":"LineString","coordinates":[[37.901734,51.3127824],[37.9005007,51.3122286],[37.9004401,51.3122069],[37.8996677,51.3118845],[37.8992734,51.311687],[37.8987669,51.3114669],[37.8986966,51.3114371]]}},
{"type":"Feature","properties":{"full_id":"w77249255","osm_id":"77249255","osm_type":"way","highway":"service","tactile_paving":null,"handrail":null,"traffic_signals:vibration":null,"traffic_signals:sound":null,"button_operated":null,"access":null,"layer":null,"tunnel":null,"postal_code":null,"footway":null,"crossing:markings":null,"crossing:island":null,"crossing":null,"surface":null,"oneway":null,"old_name":null,"name:etymology:wikidata":null,"name":null,"maxspeed":null,"lit":null,"lanes":null,"service":"parking_aisle"},"geometry":{"type":"LineString","coordinates":[[37.897561,51.3118757],[37.8979138,51.3120268]]}},
{"type":"Feature","properties":{"full_id":"w77249267","osm_id":"77249267","osm_type":"way","highway":"service","tactile_paving":null,"handrail":null,"traffic_signals:vibration":null,"traffic_signals:sound":null,"button_operated":null,"access":null,"layer":null,"tunnel":null,"postal_code":null,"footway":null,"crossing:markings":null,"crossing:island":null,"crossing":null,"surface":null,"oneway":null,"old_name":null,"name:etymology:wikidata":null,"name":null,"maxspeed":null,"lit":null,"lanes":null,"service":"parking_aisle"},"geometry":{"type":"LineString","coordinates":[[37.8974649,51.3119609],[37.8975036,51.3119252],[37.897561,51.3118757],[37.8981301,51.3113564],[37.8981918,51.3113446],[37.8985326,51.311475]]}},
{"type":"Feature","properties":{"full_id":"w77249272","osm_id":"77249272","osm_type":"way","highway":"service","tactile_paving":null,"handrail":null,"traffic_signals:vibration":null,"traffic_signals:sound":null,"button_operated":null,"access":null,"layer":null,"tunnel":null,"postal_code":null,"footway":null,"crossing:markings":null,"crossing:island":null,"crossing":null,"surface":"asphalt","oneway":null,"old_name":null,"name:etymology:wikidata":null,"name":null,"maxspeed":null,"lit":null,"lanes":null,"service":null},"geometry":{"type":"LineString","coordinates":[[37.8974164,51.3120069],[37.8972842,51.3119519],[37.8969931,51.3118247]]}},
{"type":"Feature","properties":{"full_id":"w77249275","osm_id":"77249275","osm_type":"way","highway":"footway","tactile_paving":null,"handrail":null,"traffic_signals:vibration":null,"traffic_signals:sound":null,"button_operated":null,"access":null,"layer":null,"tunnel":null,"postal_code":null,"footway":null,"crossing:markings":null,"crossing:island":null,"crossing":null,"surface":null,"oneway":null,"old_name":null,"name:etymology:wikidata":null,"name":null,"maxspeed":null,"lit":null,"lanes":null,"service":null},"geometry":{"type":"LineString","coordinates":[[37.899685,51.3129661],[37.899781,51.3128678],[37.9000157,51.3126457],[37.9004422,51.3122534],[37.9005007,51.3122286]]}},
{"type":"Feature","properties":{"full_id":"w77249282","osm_id":"77249282","osm_type":"way","highway":"footway","tactile_paving":null,"handrail":null,"traffic_signals:vibration":null,"traffic_signals:sound":null,"button_operated":null,"access":null,"layer":null,"tunnel":null,"postal_code":null,"footway":null,"crossing:markings":null,"crossing:island":null,"crossing":null,"surface":null,"oneway":null,"old_name":null,"name:etymology:wikidata":null,"name":null,"maxspeed":null,"lit":null,"lanes":null,"service":null},"geometry":{"type":"LineString","coordinates":[[37.8987669,51.3114669],[37.8980292,51.3121353],[37.8979529,51.3122306],[37.8978396,51.3123491]]}},
{"type":"Feature","properties":{"full_id":"w77332711","osm_id":"77332711","osm_type":"way","highway":"footway","tactile_paving":null,"handrail":null,"traffic_signals:vibration":null,"traffic_signals:sound":null,"button_operated":null,"access":null,"layer":null,"tunnel":null,"postal_code":null,"footway":null,"crossing:markings":null,"crossing:island":null,"crossing":null,"surface":null,"oneway":null,"old_name":null,"name:etymology:wikidata":null,"name":null,"maxspeed":null,"lit":null,"lanes":null,"service":null},"geometry":{"type":"LineString","coordinates":[[37.8989683,51.31084],[37.8991568,51.310778],[37.8993855,51.3106736],[37.8996457,51.3106986],[37.8997106,51.3106422]]}},
{"type":"Feature","properties":{"full_id":"w77340334","osm_id":"77340334","osm_type":"way","highway":"footway","tactile_paving":null,"handrail":null,"traffic_signals:vibration":null,"traffic_signals:sound":null,"button_operated":null,"access":null,"layer":null,"tunnel":null,"postal_code":null,"footway":null,"crossing:markings":null,"crossing:island":null,"crossing":null,"surface":null,"oneway":null,"old_name":null,"name:etymology:wikidata":null,"name":null,"maxspeed":null,"lit":null,"lanes":null,"service":null},"geometry":{"type":"LineString","coordinates":[[37.9009138,51.3118981],[37.9006744,51.3117931],[37.8998389,51.3114268],[37.8996301,51.3113419],[37.8994759,51.3112779],[37.8991862,51.3111563],[37.8984997,51.3108712],[37.8983206,51.3108006],[37.8981919,51.3107646],[37.8980429,51.3107142],[37.8979913,51.3106905],[37.8978031,51.3106087],[37.8976205,51.3105287],[37.8973174,51.31038]]}},
{"type":"Feature","properties":{"full_id":"w77342365","osm_id":"77342365","osm_type":"way","highway":"service","tactile_paving":null,"handrail":null,"traffic_signals:vibration":null,"traffic_signals:sound":null,"button_operated":null,"access":null,"layer":null,"tunnel":"building_passage","postal_code":null,"footway":null,"crossing:markings":null,"crossing:island":null,"crossing":null,"surface":null,"oneway":null,"old_name":null,"name:etymology:wikidata":null,"name":null,"maxspeed":null,"lit":null,"lanes":null,"service":null},"geometry":{"type":"LineString","coordinates":[[37.8931992,51.3133526],[37.8933544,51.3134159]]}},
{"type":"Feature","properties":{"full_id":"w77342367","osm_id":"77342367","osm_type":"way","highway":"service","tactile_paving":null,"handrail":null,"traffic_signals:vibration":null,"traffic_signals:sound":null,"button_operated":null,"access":null,"layer":null,"tunnel":"building_passage","postal_code":null,"footway":null,"crossing:markings":null,"crossing:island":null,"crossing":null,"surface":null,"oneway":null,"old_name":null,"name:etymology:wikidata":null,"name":null,"maxspeed":null,"lit":null,"lanes":null,"service":null},"geometry":{"type":"LineString","coordinates":[[37.9023259,51.3079567],[37.9022559,51.3079262]]}},
{"type":"Feature","properties":{"full_id":"w77342370","osm_id":"77342370","osm_type":"way","highway":"footway","tactile_paving":null,"handrail":null,"traffic_signals:vibration":null,"traffic_signals:sound":null,"button_operated":null,"access":null,"layer":null,"tunnel":null,"postal_code":null,"footway":null,"crossing:markings":null,"crossing:island":null,"crossing":null,"surface":null,"oneway":null,"old_name":null,"name:etymology:wikidata":null,"name":null,"maxspeed":null,"lit":null,"lanes":null,"service":null},"geometry":{"type":"LineString","coordinates":[[37.8945291,51.3123577],[37.8947417,51.3124481]]}},
{"type":"Feature","properties":{"full_id":"w77342371","osm_id":"77342371","osm_type":"way","highway":"footway","tactile_paving":null,"handrail":null,"traffic_signals:vibration":null,"traffic_signals:sound":null,"button_operated":null,"access":null,"layer":null,"tunnel":null,"postal_code":null,"footway":null,"crossing:markings":null,"crossing:island":null,"crossing":null,"surface":null,"oneway":null,"old_name":null,"name:etymology:wikidata":null,"name":null,"maxspeed":null,"lit":null,"lanes":null,"service":null},"geometry":{"type":"LineString","coordinates":[[37.8941687,51.3159723],[37.894137,51.3159238],[37.8937887,51.3157916],[37.8937968,51.3154183],[37.8936006,51.3153509],[37.8935232,51.3153784]]}},
{"type":"Feature","properties":{"full_id":"w77342372","osm_id":"77342372","osm_type":"way","highway":"footway","tactile_paving":null,"handrail":null,"traffic_signals:vibration":null,"traffic_signals:sound":null,"button_operated":null,"access":null,"layer":null,"tunnel":null,"postal_code":null,"footway":null,"crossing:markings":null,"crossing:island":null,"crossing":null,"surface":null,"oneway":null,"old_name":null,"name:etymology:wikidata":null,"name":null,"maxspeed":null,"lit":null,"lanes":null,"service":null},"geometry":{"type":"LineString","coordinates":[[37.8936006,51.3153509],[37.8938131,51.3150934],[37.8940733,51.3148774],[37.8941135,51.3148386],[37.8945881,51.3143992],[37.8946107,51.3143834],[37.8947616,51.3142303],[37.8952729,51.3137726],[37.8953024,51.3137403],[37.8956921,51.3133902],[37.896053,51.3130445],[37.8968571,51.3123319],[37.8968869,51.3122861],[37.8971632,51.3120445],[37.8972842,51.3119519],[37.8973326,51.3119073],[37.8973667,51.3118784],[37.8976496,51.3116255],[37.8978032,51.3114918],[37.8980692,51.3112494],[37.8981202,51.3112074],[37.8982709,51.3110774],[37.8983543,51.3110055],[37.8984997,51.3108712],[37.8985986,51.3107866],[37.8986208,51.3107703],[37.8992874,51.3101645],[37.9005602,51.3090078],[37.9006211,51.3089544],[37.9006936,51.3088892],[37.9009042,51.3087046],[37.9009785,51.308661],[37.901071,51.3085881],[37.9019303,51.3077819],[37.902223,51.3075179],[37.9029686,51.3068423],[37.9034443,51.3064181],[37.9034932,51.3064017],[37.9037807,51.3063615],[37.9039076,51.3063514],[37.9040556,51.3063746],[37.9041568,51.3064188],[37.9046322,51.3066267],[37.9046893,51.3066543],[37.9047512,51.3066843],[37.9056701,51.3070718],[37.9058647,51.3071538],[37.9066418,51.3074815],[37.9067226,51.3075124],[37.9071506,51.3075099],[37.9071935,51.3075249],[37.9075921,51.3076923],[37.9077729,51.3077712],[37.9083925,51.3080413],[37.9084203,51.3080525],[37.9084721,51.3080716],[37.9082079,51.3083151]]}},
{"type":"Feature","properties":{"full_id":"w77342374","osm_id":"77342374","osm_type":"way","highway":"service","tactile_paving":null,"handrail":null,"traffic_signals:vibration":null,"traffic_signals:sound":null,"button_operated":null,"access":null,"layer":null,"tunnel":null,"postal_code":null,"footway":null,"crossing:markings":null,"crossing:island":null,"crossing":null,"surface":null,"oneway":null,"old_name":null,"name:etymology:wikidata":null,"name":null,"maxspeed":null,"lit":null,"lanes":null,"service":null},"geometry":{"type":"LineString","coordinates":[[37.8933544,51.3134159],[37.8935765,51.313518],[37.8937444,51.3135964]]}},
{"type":"Feature","properties":{"full_id":"w77342375","osm_id":"77342375","osm_type":"way","highway":"footway","tactile_paving":null,"handrail":null,"traffic_signals:vibration":null,"traffic_signals:sound":null,"button_operated":null,"access":null,"layer":null,"tunnel":null,"postal_code":null,"footway":null,"crossing:markings":null,"crossing:island":null,"crossing":null,"surface":null,"oneway":null,"old_name":null,"name:etymology:wikidata":null,"name":null,"maxspeed":null,"lit":null,"lanes":null,"service":null},"geometry":{"type":"LineString","coordinates":[[37.8992734,51.311687],[37.8993992,51.3115689],[37.8994837,51.3114896],[37.8995282,51.3114456],[37.8996301,51.3113419]]}},
{"type":"Feature","properties":{"full_id":"w77342379","osm_id":"77342379","osm_type":"way","highway":"service","tactile_paving":null,"handrail":null,"traffic_signals:vibration":null,"traffic_signals:sound":null,"button_operated":null,"access":null,"layer":null,"tunnel":null,"postal_code":null,"footway":null,"crossing:markings":null,"crossing:island":null,"crossing":null,"surface":null,"oneway":null,"old_name":null,"name:etymology:wikidata":null,"name":null,"maxspeed":null,"lit":null,"lanes":null,"service":null},"geometry":{"type":"LineString","coordinates":[[37.9022559,51.3079262],[37.9019303,51.3077819],[37.9016632,51.3076714]]}},
{"type":"Feature","properties":{"full_id":"w77342381","osm_id":"77342381","osm_type":"way","highway":"footway","tactile_paving":null,"handrail":null,"traffic_signals:vibration":null,"traffic_signals:sound":null,"button_operated":null,"access":null,"layer":null,"tunnel":"building_passage","postal_code":null,"footway":null,"crossing:markings":null,"crossing:island":null,"crossing":null,"surface":null,"oneway":null,"old_name":null,"name:etymology:wikidata":null,"name":null,"maxspeed":null,"lit":null,"lanes":null,"service":null},"geometry":{"type":"LineString","coordinates":[[37.8943738,51.3122939],[37.8945291,51.3123577]]}},
{"type":"Feature","properties":{"full_id":"w77357505","osm_id":"77357505","osm_type":"way","highway":"service","tactile_paving":null,"handrail":null,"traffic_signals:vibration":null,"traffic_signals:sound":null,"button_operated":null,"access":null,"layer":null,"tunnel":null,"postal_code":null,"footway":null,"crossing:markings":null,"crossing:island":null,"crossing":null,"surface":null,"oneway":null,"old_name":null,"name:etymology:wikidata":null,"name":null,"maxspeed":null,"lit":null,"lanes":null,"service":"parking_aisle"},"geometry":{"type":"LineString","coordinates":[[37.883601,51.3138143],[37.8837615,51.3138824],[37.8837182,51.3139231],[37.8840373,51.3140558],[37.8841206,51.3139776],[37.8838015,51.3138449],[37.8837615,51.3138824]]}},
{"type":"Feature","properties":{"full_id":"w77357512","osm_id":"77357512","osm_type":"way","highway":"service","tactile_paving":null,"handrail":null,"traffic_signals:vibration":null,"traffic_signals:sound":null,"button_operated":null,"access":null,"layer":null,"tunnel":null,"postal_code":null,"footway":null,"crossing:markings":null,"crossing:island":null,"crossing":null,"surface":null,"oneway":null,"old_name":null,"name:etymology:wikidata":null,"name":null,"maxspeed":null,"lit":null,"lanes":null,"service":null},"geometry":{"type":"LineString","coordinates":[[37.8832065,51.3136466],[37.8833034,51.3136882]]}},
{"type":"Feature","properties":{"full_id":"w77357522","osm_id":"77357522","osm_type":"way","highway":"service","tactile_paving":null,"handrail":null,"traffic_signals:vibration":null,"traffic_signals:sound":null,"button_operated":null,"access":null,"layer":null,"tunnel":"building_passage","postal_code":null,"footway":null,"crossing:markings":null,"crossing:island":null,"crossing":null,"surface":null,"oneway":null,"old_name":null,"name:etymology:wikidata":null,"name":null,"maxspeed":null,"lit":null,"lanes":null,"service":"parking_aisle"},"geometry":{"type":"LineString","coordinates":[[37.8833034,51.3136882],[37.883601,51.3138143]]}},
{"type":"Feature","properties":{"full_id":"w77468032","osm_id":"77468032","osm_type":"way","highway":"service","tactile_paving":null,"handrail":null,"traffic_signals:vibration":null,"traffic_signals:sound":null,"button_operated":null,"access":null,"layer":null,"tunnel":null,"postal_code":null,"footway":null,"crossing:markings":null,"crossing:island":null,"crossing":null,"surface":null,"oneway":null,"old_name":null,"name:etymology:wikidata":null,"name":null,"maxspeed":null,"lit":null,"lanes":null,"service":"parking_aisle"},"geometry":{"type":"LineString","coordinates":[[37.8991867,51.3138687],[37.8992081,51.3139226],[37.8994149,51.3144421],[37.8996193,51.3149287],[37.8999621,51.315681]]}},
{"type":"Feature","properties":{"full_id":"w77468035","osm_id":"77468035","osm_type":"way","highway":"path","tactile_paving":null,"handrail":null,"traffic_signals:vibration":null,"traffic_signals:sound":null,"button_operated":null,"access":null,"layer":null,"tunnel":null,"postal_code":null,"footway":null,"crossing:markings":null,"crossing:island":null,"crossing":null,"surface":null,"oneway":null,"old_name":null,"name:etymology:wikidata":null,"name":null,"maxspeed":null,"lit":null,"lanes":null,"service":null},"geometry":{"type":"LineString","coordinates":[[37.9006524,51.3149857],[37.9003765,51.314945],[37.9000345,51.3149149],[37.8996193,51.3149287],[37.8990903,51.3149354],[37.8988177,51.314929],[37.8984305,51.3149212]]}},
{"type":"Feature","properties":{"full_id":"w77614339","osm_id":"77614339","osm_type":"way","highway":"footway","tactile_paving":null,"handrail":null,"traffic_signals:vibration":null,"traffic_signals:sound":null,"button_operated":null,"access":null,"layer":null,"tunnel":null,"postal_code":null,"footway":null,"crossing:markings":null,"crossing:island":null,"crossing":null,"surface":null,"oneway":null,"old_name":null,"name:etymology:wikidata":null,"name":null,"maxspeed":null,"lit":null,"lanes":null,"service":null},"geometry":{"type":"LineString","coordinates":[[37.8889245,51.3111448],[37.8889747,51.3111644],[37.8892208,51.3112404],[37.8892895,51.3112642],[37.8893594,51.3112909],[37.889446,51.3113276],[37.8895183,51.3113582]]}},
{"type":"Feature","properties":{"full_id":"w77614340","osm_id":"77614340","osm_type":"way","highway":"footway","tactile_paving":null,"handrail":null,"traffic_signals:vibration":null,"traffic_signals:sound":null,"button_operated":null,"access":null,"layer":null,"tunnel":null,"postal_code":null,"footway":null,"crossing:markings":null,"crossing:island":null,"crossing":null,"surface":"asphalt","oneway":null,"old_name":null,"name:etymology:wikidata":null,"name":null,"maxspeed":null,"lit":null,"lanes":null,"service":null},"geometry":{"type":"LineString","coordinates":[[37.8859686,51.3133074],[37.8859855,51.3132964],[37.8859211,51.3132677],[37.8840876,51.3124601],[37.8840435,51.3124417],[37.88373,51.3123062],[37.8835277,51.3122176]]}},
{"type":"Feature","properties":{"full_id":"w77614342","osm_id":"77614342","osm_type":"way","highway":"footway","tactile_paving":null,"handrail":null,"traffic_signals:vibration":null,"traffic_signals:sound":null,"button_operated":null,"access":null,"layer":null,"tunnel":null,"postal_code":null,"footway":null,"crossing:markings":null,"crossing:island":null,"crossing":null,"surface":null,"oneway":null,"old_name":null,"name:etymology:wikidata":null,"name":null,"maxspeed":null,"lit":null,"lanes":null,"service":null},"geometry":{"type":"LineString","coordinates":[[37.8898384,51.3118688],[37.8898827,51.3117921],[37.8899184,51.3117302],[37.8899521,51.3116139],[37.8895988,51.3114658],[37.8894781,51.3114107]]}},
{"type":"Feature","properties":{"full_id":"w77614343","osm_id":"77614343","osm_type":"way","highway":"footway","tactile_paving":null,"handrail":null,"traffic_signals:vibration":null,"traffic_signals:sound":null,"button_operated":null,"access":null,"layer":null,"tunnel":null,"postal_code":null,"footway":null,"crossing:markings":null,"crossing:island":null,"crossing":null,"surface":null,"oneway":null,"old_name":null,"name:etymology:wikidata":null,"name":null,"maxspeed":null,"lit":null,"lanes":null,"service":null},"geometry":{"type":"LineString","coordinates":[[37.8831074,51.3137322],[37.8830685,51.3136894],[37.8829928,51.3133681],[37.8829492,51.3131628],[37.8830128,51.3130093]]}},
{"type":"Feature","properties":{"full_id":"w77614349","osm_id":"77614349","osm_type":"way","highway":"service","tactile_paving":null,"handrail":null,"traffic_signals:vibration":null,"traffic_signals:sound":null,"button_operated":null,"access":null,"layer":null,"tunnel":null,"postal_code":null,"footway":null,"crossing:markings":null,"crossing:island":null,"crossing":null,"surface":null,"oneway":null,"old_name":null,"name:etymology:wikidata":null,"name":null,"maxspeed":null,"lit":null,"lanes":null,"service":null},"geometry":{"type":"LineString","coordinates":[[37.8923726,51.3135646],[37.8920675,51.3138465]]}},
{"type":"Feature","properties":{"full_id":"w77614357","osm_id":"77614357","osm_type":"way","highway":"service","tactile_paving":null,"handrail":null,"traffic_signals:vibration":null,"traffic_signals:sound":null,"button_operated":null,"access":null,"layer":null,"tunnel":null,"postal_code":null,"footway":null,"crossing:markings":null,"crossing:island":null,"crossing":null,"surface":null,"oneway":null,"old_name":null,"name:etymology:wikidata":null,"name":null,"maxspeed":null,"lit":null,"lanes":null,"service":null},"geometry":{"type":"LineString","coordinates":[[37.8823435,51.3152431],[37.8821443,51.3151599],[37.8821669,51.3151367],[37.8824557,51.3148411],[37.882377,51.3148113],[37.8817872,51.3145884],[37.8814836,51.3148582]]}},
{"type":"Feature","properties":{"full_id":"w77614362","osm_id":"77614362","osm_type":"way","highway":"footway","tactile_paving":null,"handrail":null,"traffic_signals:vibration":null,"traffic_signals:sound":null,"button_operated":null,"access":null,"layer":null,"tunnel":null,"postal_code":null,"footway":null,"crossing:markings":null,"crossing:island":null,"crossing":null,"surface":null,"oneway":null,"old_name":null,"name:etymology:wikidata":null,"name":null,"maxspeed":null,"lit":null,"lanes":null,"service":null},"geometry":{"type":"LineString","coordinates":[[37.8878972,51.3155324],[37.8880232,51.3154905],[37.88843,51.3153759]]}},
{"type":"Feature","properties":{"full_id":"w77614368","osm_id":"77614368","osm_type":"way","highway":"footway","tactile_paving":null,"handrail":null,"traffic_signals:vibration":null,"traffic_signals:sound":null,"button_operated":null,"access":null,"layer":null,"tunnel":null,"postal_code":null,"footway":null,"crossing:markings":null,"crossing:island":null,"crossing":null,"surface":null,"oneway":null,"old_name":null,"name:etymology:wikidata":null,"name":null,"maxspeed":null,"lit":null,"lanes":null,"service":null},"geometry":{"type":"LineString","coordinates":[[37.887991,51.315628],[37.8880232,51.3154905],[37.8880455,51.3153949],[37.8878363,51.315096]]}},
{"type":"Feature","properties":{"full_id":"w77614370","osm_id":"77614370","osm_type":"way","highway":"footway","tactile_paving":null,"handrail":null,"traffic_signals:vibration":null,"traffic_signals:sound":null,"button_operated":null,"access":null,"layer":null,"tunnel":null,"postal_code":null,"footway":null,"crossing:markings":null,"crossing:island":null,"crossing":null,"surface":null,"oneway":null,"old_name":null,"name:etymology:wikidata":null,"name":null,"maxspeed":null,"lit":null,"lanes":null,"service":null},"geometry":{"type":"LineString","coordinates":[[37.8852636,51.3113142],[37.8848412,51.3113361]]}},
{"type":"Feature","properties":{"full_id":"w77614376","osm_id":"77614376","osm_type":"way","highway":"footway","tactile_paving":null,"handrail":null,"traffic_signals:vibration":null,"traffic_signals:sound":null,"button_operated":null,"access":null,"layer":null,"tunnel":null,"postal_code":null,"footway":null,"crossing:markings":null,"crossing:island":null,"crossing":null,"surface":null,"oneway":null,"old_name":null,"name:etymology:wikidata":null,"name":null,"maxspeed":null,"lit":null,"lanes":null,"service":null},"geometry":{"type":"LineString","coordinates":[[37.8855681,51.3161446],[37.8854925,51.3161391],[37.8853011,51.3160628],[37.8851268,51.3162099],[37.8850157,51.3162316],[37.8843047,51.3159459],[37.8836493,51.3156537],[37.8835223,51.3155993],[37.8833777,51.3155355],[37.8833133,51.3155025],[37.8827248,51.3152628],[37.8832354,51.3147953],[37.8838698,51.3150467],[37.8839679,51.3150895],[37.8858248,51.3159657],[37.8858597,51.3159312],[37.88611,51.3156651],[37.8859771,51.3153322]]}},
{"type":"Feature","properties":{"full_id":"w77614378","osm_id":"77614378","osm_type":"way","highway":"footway","tactile_paving":null,"handrail":null,"traffic_signals:vibration":null,"traffic_signals:sound":null,"button_operated":null,"access":null,"layer":null,"tunnel":null,"postal_code":null,"footway":null,"crossing:markings":null,"crossing:island":null,"crossing":null,"surface":null,"oneway":null,"old_name":null,"name:etymology:wikidata":null,"name":null,"maxspeed":null,"lit":null,"lanes":null,"service":null},"geometry":{"type":"LineString","coordinates":[[37.8833777,51.3155355],[37.8831915,51.3156555],[37.8830292,51.3158555],[37.8846835,51.3166051],[37.8848978,51.3167006],[37.8866785,51.3174635],[37.8869676,51.3175944]]}},
{"type":"Feature","properties":{"full_id":"w77614390","osm_id":"77614390","osm_type":"way","highway":"footway","tactile_paving":null,"handrail":null,"traffic_signals:vibration":null,"traffic_signals:sound":null,"button_operated":null,"access":null,"layer":null,"tunnel":null,"postal_code":null,"footway":null,"crossing:markings":null,"crossing:island":null,"crossing":null,"surface":null,"oneway":null,"old_name":null,"name:etymology:wikidata":null,"name":null,"maxspeed":null,"lit":null,"lanes":null,"service":null},"geometry":{"type":"LineString","coordinates":[[37.8821873,51.3134953],[37.8828355,51.3129294]]}},
{"type":"Feature","properties":{"full_id":"w77614391","osm_id":"77614391","osm_type":"way","highway":"footway","tactile_paving":null,"handrail":null,"traffic_signals:vibration":null,"traffic_signals:sound":null,"button_operated":null,"access":null,"layer":null,"tunnel":null,"postal_code":null,"footway":null,"crossing:markings":null,"crossing:island":null,"crossing":null,"surface":null,"oneway":null,"old_name":null,"name:etymology:wikidata":null,"name":null,"maxspeed":null,"lit":null,"lanes":null,"service":null},"geometry":{"type":"LineString","coordinates":[[37.8817256,51.3138257],[37.8815148,51.3136685],[37.8804005,51.3131749],[37.8799585,51.3129898],[37.8797253,51.3128931],[37.8791726,51.3126638],[37.8787808,51.3125013]]}},
{"type":"Feature","properties":{"full_id":"w77614393","osm_id":"77614393","osm_type":"way","highway":"footway","tactile_paving":null,"handrail":null,"traffic_signals:vibration":null,"traffic_signals:sound":null,"button_operated":null,"access":null,"layer":null,"tunnel":null,"postal_code":null,"footway":null,"crossing:markings":null,"crossing:island":null,"crossing":null,"surface":"asphalt","oneway":null,"old_name":null,"name:etymology:wikidata":null,"name":null,"maxspeed":null,"lit":null,"lanes":null,"service":null},"geometry":{"type":"LineString","coordinates":[[37.8817872,51.3145884],[37.8817958,51.3145461],[37.8818362,51.3143445]]}},
{"type":"Feature","properties":{"full_id":"w77614394","osm_id":"77614394","osm_type":"way","highway":"footway","tactile_paving":null,"handrail":null,"traffic_signals:vibration":null,"traffic_signals:sound":null,"button_operated":null,"access":null,"layer":null,"tunnel":null,"postal_code":null,"footway":null,"crossing:markings":null,"crossing:island":null,"crossing":null,"surface":null,"oneway":null,"old_name":null,"name:etymology:wikidata":null,"name":null,"maxspeed":null,"lit":null,"lanes":null,"service":null},"geometry":{"type":"LineString","coordinates":[[37.8930773,51.3134626],[37.8930251,51.313438],[37.8927058,51.3132968]]}},
{"type":"Feature","properties":{"full_id":"w77614397","osm_id":"77614397","osm_type":"way","highway":"footway","tactile_paving":null,"handrail":null,"traffic_signals:vibration":null,"traffic_signals:sound":null,"button_operated":null,"access":null,"layer":null,"tunnel":null,"postal_code":null,"footway":null,"crossing:markings":null,"crossing:island":null,"crossing":null,"surface":null,"oneway":null,"old_name":null,"name:etymology:wikidata":null,"name":null,"maxspeed":null,"lit":null,"lanes":null,"service":null},"geometry":{"type":"LineString","coordinates":[[37.8886726,51.3110375],[37.8886389,51.3110757],[37.8886346,51.311121],[37.8886853,51.3111706],[37.8887725,51.3111928],[37.8888628,51.3111846],[37.8889245,51.3111448],[37.8889449,51.3110963],[37.8889328,51.3110554],[37.8888899,51.3110173],[37.888791,51.3109987],[37.8887156,51.3110102],[37.8886726,51.3110375]]}},
{"type":"Feature","properties":{"full_id":"w77614400","osm_id":"77614400","osm_type":"way","highway":"footway","tactile_paving":null,"handrail":null,"traffic_signals:vibration":null,"traffic_signals:sound":null,"button_operated":null,"access":null,"layer":null,"tunnel":null,"postal_code":null,"footway":null,"crossing:markings":null,"crossing:island":null,"crossing":null,"surface":"asphalt","oneway":null,"old_name":null,"name:etymology:wikidata":null,"name":null,"maxspeed":null,"lit":null,"lanes":null,"service":null},"geometry":{"type":"LineString","coordinates":[[37.8907103,51.3162398],[37.8902968,51.3161721],[37.8887981,51.315511],[37.8885769,51.3154207],[37.8884416,51.3153623],[37.8883065,51.3153005],[37.8878363,51.315096],[37.8867777,51.3146273],[37.8866681,51.3145794],[37.885187,51.3139405],[37.8851255,51.313917],[37.8836006,51.3132613]]}},
{"type":"Feature","properties":{"full_id":"w77614406","osm_id":"77614406","osm_type":"way","highway":"footway","tactile_paving":null,"handrail":null,"traffic_signals:vibration":null,"traffic_signals:sound":null,"button_operated":null,"access":null,"layer":null,"tunnel":null,"postal_code":null,"footway":null,"crossing:markings":null,"crossing:island":null,"crossing":null,"surface":null,"oneway":null,"old_name":null,"name:etymology:wikidata":null,"name":null,"maxspeed":null,"lit":null,"lanes":null,"service":null},"geometry":{"type":"LineString","coordinates":[[37.88721,51.3104896],[37.8872806,51.3104296],[37.8873191,51.3103968]]}},
{"type":"Feature","properties":{"full_id":"w77614408","osm_id":"77614408","osm_type":"way","highway":"footway","tactile_paving":null,"handrail":null,"traffic_signals:vibration":null,"traffic_signals:sound":null,"button_operated":null,"access":null,"layer":null,"tunnel":null,"postal_code":null,"footway":null,"crossing:markings":null,"crossing:island":null,"crossing":null,"surface":null,"oneway":null,"old_name":null,"name:etymology:wikidata":null,"name":null,"maxspeed":null,"lit":null,"lanes":null,"service":null},"geometry":{"type":"LineString","coordinates":[[37.8895895,51.3148424],[37.8897223,51.314903],[37.8903168,51.315173],[37.8906709,51.315344],[37.8908619,51.3153923],[37.8909042,51.3154104],[37.8909252,51.3154153],[37.8910831,51.3154519],[37.8911979,51.3154268],[37.891351,51.3153935]]}},
{"type":"Feature","properties":{"full_id":"w77614416","osm_id":"77614416","osm_type":"way","highway":"footway","tactile_paving":null,"handrail":null,"traffic_signals:vibration":null,"traffic_signals:sound":null,"button_operated":null,"access":null,"layer":null,"tunnel":null,"postal_code":null,"footway":null,"crossing:markings":null,"crossing:island":null,"crossing":null,"surface":null,"oneway":null,"old_name":null,"name:etymology:wikidata":null,"name":null,"maxspeed":null,"lit":null,"lanes":null,"service":null},"geometry":{"type":"LineString","coordinates":[[37.8833066,51.3135488],[37.8831985,51.31333],[37.8830128,51.3130093]]}},
{"type":"Feature","properties":{"full_id":"w77614418","osm_id":"77614418","osm_type":"way","highway":"footway","tactile_paving":null,"handrail":null,"traffic_signals:vibration":null,"traffic_signals:sound":null,"button_operated":null,"access":null,"layer":null,"tunnel":null,"postal_code":null,"footway":null,"crossing:markings":null,"crossing:island":null,"crossing":null,"surface":null,"oneway":null,"old_name":null,"name:etymology:wikidata":null,"name":null,"maxspeed":null,"lit":null,"lanes":null,"service":null},"geometry":{"type":"LineString","coordinates":[[37.8880749,51.3107264],[37.8881904,51.3108201],[37.8882135,51.3108388],[37.8886277,51.3110143],[37.8886726,51.3110375]]}},
{"type":"Feature","properties":{"full_id":"w77619675","osm_id":"77619675","osm_type":"way","highway":"footway","tactile_paving":null,"handrail":null,"traffic_signals:vibration":null,"traffic_signals:sound":null,"button_operated":null,"access":null,"layer":null,"tunnel":null,"postal_code":null,"footway":null,"crossing:markings":null,"crossing:island":null,"crossing":null,"surface":"asphalt","oneway":null,"old_name":null,"name:etymology:wikidata":null,"name":null,"maxspeed":null,"lit":null,"lanes":null,"service":null},"geometry":{"type":"LineString","coordinates":[[37.891351,51.3153935],[37.8914746,51.3153832],[37.8915763,51.3153062],[37.8916894,51.315235],[37.8920491,51.3148984],[37.8922266,51.3147385],[37.8922965,51.3146786],[37.8934369,51.3136485],[37.8935765,51.313518],[37.8936398,51.3134609],[37.8946047,51.3125748],[37.8947417,51.3124481],[37.895537,51.3117398],[37.8956029,51.3117015],[37.8957806,51.3115383],[37.8964084,51.310961],[37.8966405,51.3107689],[37.8966883,51.3107302],[37.8967763,51.3106503],[37.8969546,51.3104881],[37.8970256,51.3104235]]}},
{"type":"Feature","properties":{"full_id":"w77619692","osm_id":"77619692","osm_type":"way","highway":"steps","tactile_paving":null,"handrail":null,"traffic_signals:vibration":null,"traffic_signals:sound":null,"button_operated":null,"access":null,"layer":null,"tunnel":null,"postal_code":null,"footway":null,"crossing:markings":null,"crossing:island":null,"crossing":null,"surface":null,"oneway":null,"old_name":null,"name:etymology:wikidata":null,"name":null,"maxspeed":null,"lit":null,"lanes":null,"service":null},"geometry":{"type":"LineString","coordinates":[[37.8820557,51.3124002],[37.8821769,51.3122891]]}},
{"type":"Feature","properties":{"full_id":"w77619704","osm_id":"77619704","osm_type":"way","highway":"steps","tactile_paving":null,"handrail":null,"traffic_signals:vibration":null,"traffic_signals:sound":null,"button_operated":null,"access":null,"layer":null,"tunnel":null,"postal_code":null,"footway":null,"crossing:markings":null,"crossing:island":null,"crossing":null,"surface":"paving_stones","oneway":null,"old_name":null,"name:etymology:wikidata":null,"name":null,"maxspeed":null,"lit":null,"lanes":null,"service":null},"geometry":{"type":"LineString","coordinates":[[37.886801,51.3144299],[37.8869508,51.3142947]]}},
{"type":"Feature","properties":{"full_id":"w77619715","osm_id":"77619715","osm_type":"way","highway":"footway","tactile_paving":null,"handrail":null,"traffic_signals:vibration":null,"traffic_signals:sound":null,"button_operated":null,"access":null,"layer":null,"tunnel":null,"postal_code":null,"footway":null,"crossing:markings":null,"crossing:island":null,"crossing":null,"surface":null,"oneway":null,"old_name":null,"name:etymology:wikidata":null,"name":null,"maxspeed":null,"lit":null,"lanes":null,"service":null},"geometry":{"type":"LineString","coordinates":[[37.8829884,51.3129983],[37.8831207,51.3128741],[37.8831768,51.3128242]]}},
{"type":"Feature","properties":{"full_id":"w77619725","osm_id":"77619725","osm_type":"way","highway":"steps","tactile_paving":null,"handrail":null,"traffic_signals:vibration":null,"traffic_signals:sound":null,"button_operated":null,"access":null,"layer":null,"tunnel":null,"postal_code":null,"footway":null,"crossing:markings":null,"crossing:island":null,"crossing":null,"surface":null,"oneway":null,"old_name":null,"name:etymology:wikidata":null,"name":null,"maxspeed":null,"lit":null,"lanes":null,"service":null},"geometry":{"type":"LineString","coordinates":[[37.8823799,51.3121033],[37.8825121,51.3119874]]}},
{"type":"Feature","properties":{"full_id":"w77619731","osm_id":"77619731","osm_type":"way","highway":"footway","tactile_paving":null,"handrail":null,"traffic_signals:vibration":null,"traffic_signals:sound":null,"button_operated":null,"access":null,"layer":null,"tunnel":null,"postal_code":null,"footway":null,"crossing:markings":null,"crossing:island":null,"crossing":null,"surface":null,"oneway":null,"old_name":null,"name:etymology:wikidata":null,"name":null,"maxspeed":null,"lit":null,"lanes":null,"service":null},"geometry":{"type":"LineString","coordinates":[[37.8832439,51.3127664],[37.8832999,51.312719],[37.8834099,51.3126166],[37.8834638,51.3125686]]}},
{"type":"Feature","properties":{"full_id":"w77619742","osm_id":"77619742","osm_type":"way","highway":"footway","tactile_paving":null,"handrail":null,"traffic_signals:vibration":null,"traffic_signals:sound":null,"button_operated":null,"access":null,"layer":null,"tunnel":null,"postal_code":null,"footway":null,"crossing:markings":null,"crossing:island":null,"crossing":null,"surface":null,"oneway":null,"old_name":null,"name:etymology:wikidata":null,"name":null,"maxspeed":null,"lit":null,"lanes":null,"service":null},"geometry":{"type":"LineString","coordinates":[[37.8825679,51.3119402],[37.8826741,51.3118531],[37.8828048,51.3119155],[37.8833673,51.3121581],[37.8835277,51.3122176]]}},
{"type":"Feature","properties":{"full_id":"w77619767","osm_id":"77619767","osm_type":"way","highway":"footway","tactile_paving":null,"handrail":null,"traffic_signals:vibration":null,"traffic_signals:sound":null,"button_operated":null,"access":null,"layer":null,"tunnel":null,"postal_code":null,"footway":null,"crossing:markings":null,"crossing:island":null,"crossing":null,"surface":"paving_stones","oneway":null,"old_name":null,"name:etymology:wikidata":null,"name":null,"maxspeed":null,"lit":null,"lanes":null,"service":null},"geometry":{"type":"LineString","coordinates":[[37.8869508,51.3142947],[37.8870579,51.3141957]]}},
{"type":"Feature","properties":{"full_id":"w77619771","osm_id":"77619771","osm_type":"way","highway":"footway","tactile_paving":null,"handrail":null,"traffic_signals:vibration":null,"traffic_signals:sound":null,"button_operated":null,"access":null,"layer":null,"tunnel":null,"postal_code":null,"footway":null,"crossing:markings":null,"crossing:island":null,"crossing":null,"surface":null,"oneway":null,"old_name":null,"name:etymology:wikidata":null,"name":null,"maxspeed":null,"lit":null,"lanes":null,"service":null},"geometry":{"type":"LineString","coordinates":[[37.8835362,51.3124998],[37.8836141,51.312427],[37.88373,51.3123062],[37.8848412,51.3113361],[37.8855365,51.3107015],[37.8857154,51.3105383],[37.8859932,51.3102984]]}},
{"type":"Feature","properties":{"full_id":"w77624272","osm_id":"77624272","osm_type":"way","highway":"service","tactile_paving":null,"handrail":null,"traffic_signals:vibration":null,"traffic_signals:sound":null,"button_operated":null,"access":null,"layer":null,"tunnel":null,"postal_code":null,"footway":null,"crossing:markings":null,"crossing:island":null,"crossing":null,"surface":null,"oneway":null,"old_name":null,"name:etymology:wikidata":null,"name":null,"maxspeed":null,"lit":null,"lanes":null,"service":"parking_aisle"},"geometry":{"type":"LineString","coordinates":[[37.8868725,51.3089749],[37.8868511,51.3090153],[37.8866069,51.3092235],[37.8864693,51.3093359],[37.886378,51.3094182],[37.8862964,51.3095141],[37.8862479,51.3097544],[37.8860527,51.3099293]]}},
{"type":"Feature","properties":{"full_id":"w77666576","osm_id":"77666576","osm_type":"way","highway":"footway","tactile_paving":null,"handrail":null,"traffic_signals:vibration":null,"traffic_signals:sound":null,"button_operated":null,"access":null,"layer":null,"tunnel":null,"postal_code":null,"footway":null,"crossing:markings":null,"crossing:island":null,"crossing":null,"surface":"asphalt","oneway":null,"old_name":null,"name:etymology:wikidata":null,"name":null,"maxspeed":null,"lit":null,"lanes":null,"service":null},"geometry":{"type":"LineString","coordinates":[[37.8845599,51.3063908],[37.8843543,51.3064394],[37.8838878,51.3068416],[37.8833019,51.3073467],[37.883281,51.3073935],[37.8832184,51.3074631],[37.8821294,51.3084306],[37.8819612,51.3085954],[37.8819203,51.308625],[37.8817043,51.3088138],[37.8815662,51.3089463],[37.8803954,51.3099908],[37.8802876,51.3100869],[37.8797308,51.3105732],[37.8794718,51.3107978]]}},
{"type":"Feature","properties":{"full_id":"w77666586","osm_id":"77666586","osm_type":"way","highway":"footway","tactile_paving":null,"handrail":null,"traffic_signals:vibration":null,"traffic_signals:sound":null,"button_operated":null,"access":null,"layer":null,"tunnel":null,"postal_code":null,"footway":null,"crossing:markings":null,"crossing:island":null,"crossing":null,"surface":null,"oneway":null,"old_name":null,"name:etymology:wikidata":null,"name":null,"maxspeed":null,"lit":null,"lanes":null,"service":null},"geometry":{"type":"LineString","coordinates":[[37.8925434,51.3104136],[37.8938181,51.3109645],[37.893944,51.3109892],[37.8940234,51.3110492],[37.8940711,51.3111216],[37.8941414,51.3110623],[37.8942275,51.3110051],[37.8944032,51.3108601],[37.8944421,51.3108467],[37.8945132,51.3108299],[37.8945775,51.3107721],[37.8946258,51.3107494],[37.894709,51.3107369],[37.8951059,51.3106824],[37.895187,51.3106288]]}},
{"type":"Feature","properties":{"full_id":"w77688111","osm_id":"77688111","osm_type":"way","highway":"footway","tactile_paving":null,"handrail":null,"traffic_signals:vibration":null,"traffic_signals:sound":null,"button_operated":null,"access":null,"layer":null,"tunnel":null,"postal_code":null,"footway":null,"crossing:markings":null,"crossing:island":null,"crossing":null,"surface":null,"oneway":null,"old_name":null,"name:etymology:wikidata":null,"name":null,"maxspeed":null,"lit":null,"lanes":null,"service":null},"geometry":{"type":"LineString","coordinates":[[37.8799527,51.3106757],[37.8799005,51.3106514],[37.8797308,51.3105732],[37.8770656,51.3094246],[37.8770029,51.3093909],[37.8768924,51.3094999],[37.8766603,51.3095807],[37.8766113,51.3095978]]}},
{"type":"Feature","properties":{"full_id":"w77688112","osm_id":"77688112","osm_type":"way","highway":"steps","tactile_paving":null,"handrail":null,"traffic_signals:vibration":null,"traffic_signals:sound":null,"button_operated":null,"access":null,"layer":null,"tunnel":null,"postal_code":null,"footway":null,"crossing:markings":null,"crossing:island":null,"crossing":null,"surface":null,"oneway":null,"old_name":null,"name:etymology:wikidata":null,"name":null,"maxspeed":null,"lit":null,"lanes":null,"service":null},"geometry":{"type":"LineString","coordinates":[[37.887982,51.3103357],[37.8880683,51.3102648]]}},
{"type":"Feature","properties":{"full_id":"w77688113","osm_id":"77688113","osm_type":"way","highway":"footway","tactile_paving":null,"handrail":null,"traffic_signals:vibration":null,"traffic_signals:sound":null,"button_operated":null,"access":null,"layer":null,"tunnel":null,"postal_code":null,"footway":null,"crossing:markings":null,"crossing:island":null,"crossing":null,"surface":null,"oneway":null,"old_name":null,"name:etymology:wikidata":null,"name":null,"maxspeed":null,"lit":null,"lanes":null,"service":null},"geometry":{"type":"LineString","coordinates":[[37.8883069,51.3095648],[37.8882247,51.3096328],[37.8880583,51.309775],[37.8880622,51.309974],[37.8880643,51.3100816]]}},
{"type":"Feature","properties":{"full_id":"w77688117","osm_id":"77688117","osm_type":"way","highway":"footway","tactile_paving":null,"handrail":null,"traffic_signals:vibration":null,"traffic_signals:sound":null,"button_operated":null,"access":null,"layer":null,"tunnel":null,"postal_code":null,"footway":null,"crossing:markings":null,"crossing:island":null,"crossing":null,"surface":null,"oneway":null,"old_name":null,"name:etymology:wikidata":null,"name":null,"maxspeed":null,"lit":null,"lanes":null,"service":null},"geometry":{"type":"LineString","coordinates":[[37.8927413,51.3084132],[37.8927255,51.3084725],[37.8926541,51.3085414],[37.8925826,51.3085997],[37.8925343,51.3086457],[37.8923507,51.3088046],[37.8923311,51.3088506],[37.8915731,51.3095666],[37.8915862,51.3096175],[37.891651,51.3096655],[37.8916472,51.309725],[37.8916151,51.309776],[37.8915229,51.3099049],[37.891493,51.3099336]]}},
{"type":"Feature","properties":{"full_id":"w77688118","osm_id":"77688118","osm_type":"way","highway":"footway","tactile_paving":null,"handrail":null,"traffic_signals:vibration":null,"traffic_signals:sound":null,"button_operated":null,"access":null,"layer":null,"tunnel":null,"postal_code":null,"footway":null,"crossing:markings":null,"crossing:island":null,"crossing":null,"surface":null,"oneway":null,"old_name":null,"name:etymology:wikidata":null,"name":null,"maxspeed":null,"lit":null,"lanes":null,"service":null},"geometry":{"type":"LineString","coordinates":[[37.8882737,51.3100967],[37.888332,51.3100453]]}},
{"type":"Feature","properties":{"full_id":"w77688119","osm_id":"77688119","osm_type":"way","highway":"service","tactile_paving":null,"handrail":null,"traffic_signals:vibration":null,"traffic_signals:sound":null,"button_operated":null,"access":null,"layer":null,"tunnel":null,"postal_code":null,"footway":null,"crossing:markings":null,"crossing:island":null,"crossing":null,"surface":null,"oneway":null,"old_name":null,"name:etymology:wikidata":null,"name":null,"maxspeed":null,"lit":null,"lanes":null,"service":null},"geometry":{"type":"LineString","coordinates":[[37.8935577,51.3097154],[37.8934072,51.3098487],[37.8931886,51.3099428],[37.8929996,51.3099784],[37.8928903,51.3100205],[37.8926875,51.3101801]]}},
{"type":"Feature","properties":{"full_id":"w77688121","osm_id":"77688121","osm_type":"way","highway":"footway","tactile_paving":null,"handrail":null,"traffic_signals:vibration":null,"traffic_signals:sound":null,"button_operated":null,"access":null,"layer":null,"tunnel":null,"postal_code":null,"footway":null,"crossing:markings":null,"crossing:island":null,"crossing":null,"surface":null,"oneway":null,"old_name":null,"name:etymology:wikidata":null,"name":null,"maxspeed":null,"lit":null,"lanes":null,"service":null},"geometry":{"type":"LineString","coordinates":[[37.8863731,51.3056498],[37.8862495,51.3057678],[37.8861889,51.3058235],[37.886139,51.3058693],[37.8859255,51.3060532],[37.8855807,51.3063296],[37.8853592,51.3065304],[37.8852781,51.3066081],[37.885244,51.3066537],[37.8846436,51.3071573],[37.8843221,51.3074614],[37.8840014,51.3077332],[37.8838652,51.3077331],[37.8832142,51.308286],[37.8825822,51.308837]]}},
{"type":"Feature","properties":{"full_id":"w77688122","osm_id":"77688122","osm_type":"way","highway":"footway","tactile_paving":null,"handrail":null,"traffic_signals:vibration":null,"traffic_signals:sound":null,"button_operated":null,"access":null,"layer":null,"tunnel":null,"postal_code":null,"footway":null,"crossing:markings":null,"crossing:island":null,"crossing":null,"surface":null,"oneway":null,"old_name":null,"name:etymology:wikidata":null,"name":null,"maxspeed":null,"lit":null,"lanes":null,"service":null},"geometry":{"type":"LineString","coordinates":[[37.8901505,51.3088925],[37.8896259,51.3089437]]}},
{"type":"Feature","properties":{"full_id":"w77688127","osm_id":"77688127","osm_type":"way","highway":"footway","tactile_paving":null,"handrail":null,"traffic_signals:vibration":null,"traffic_signals:sound":null,"button_operated":null,"access":null,"layer":null,"tunnel":null,"postal_code":null,"footway":null,"crossing:markings":null,"crossing:island":null,"crossing":null,"surface":null,"oneway":null,"old_name":null,"name:etymology:wikidata":null,"name":null,"maxspeed":null,"lit":null,"lanes":null,"service":null},"geometry":{"type":"LineString","coordinates":[[37.8966883,51.3107302],[37.8963875,51.3105878]]}},
{"type":"Feature","properties":{"full_id":"w77688128","osm_id":"77688128","osm_type":"way","highway":"footway","tactile_paving":null,"handrail":null,"traffic_signals:vibration":null,"traffic_signals:sound":null,"button_operated":null,"access":null,"layer":null,"tunnel":"building_passage","postal_code":null,"footway":null,"crossing:markings":null,"crossing:island":null,"crossing":null,"surface":null,"oneway":null,"old_name":null,"name:etymology:wikidata":null,"name":null,"maxspeed":null,"lit":null,"lanes":null,"service":null},"geometry":{"type":"LineString","coordinates":[[37.8868757,51.3076503],[37.8869769,51.3075568]]}},
{"type":"Feature","properties":{"full_id":"w77688130","osm_id":"77688130","osm_type":"way","highway":"footway","tactile_paving":null,"handrail":null,"traffic_signals:vibration":null,"traffic_signals:sound":null,"button_operated":null,"access":null,"layer":null,"tunnel":null,"postal_code":null,"footway":null,"crossing:markings":null,"crossing:island":null,"crossing":null,"surface":null,"oneway":null,"old_name":null,"name:etymology:wikidata":null,"name":"Фонтанная аллея","maxspeed":null,"lit":null,"lanes":null,"service":null},"geometry":{"type":"LineString","coordinates":[[37.8918952,51.3086714],[37.8911444,51.3087544],[37.8910839,51.3087576],[37.8907715,51.308797]]}},
{"type":"Feature","properties":{"full_id":"w77688131","osm_id":"77688131","osm_type":"way","highway":"footway","tactile_paving":null,"handrail":null,"traffic_signals:vibration":null,"traffic_signals:sound":null,"button_operated":null,"access":null,"layer":null,"tunnel":null,"postal_code":null,"footway":null,"crossing:markings":null,"crossing:island":null,"crossing":null,"surface":null,"oneway":null,"old_name":null,"name:etymology:wikidata":null,"name":null,"maxspeed":null,"lit":null,"lanes":null,"service":null},"geometry":{"type":"LineString","coordinates":[[37.8900663,51.3092533],[37.889949,51.3092386],[37.8890494,51.3094625]]}},
{"type":"Feature","properties":{"full_id":"w77688134","osm_id":"77688134","osm_type":"way","highway":"steps","tactile_paving":null,"handrail":null,"traffic_signals:vibration":null,"traffic_signals:sound":null,"button_operated":null,"access":null,"layer":null,"tunnel":null,"postal_code":null,"footway":null,"crossing:markings":null,"crossing:island":null,"crossing":null,"surface":null,"oneway":null,"old_name":null,"name:etymology:wikidata":null,"name":null,"maxspeed":null,"lit":null,"lanes":null,"service":null},"geometry":{"type":"LineString","coordinates":[[37.8963875,51.3105878],[37.8960187,51.3104226]]}},
{"type":"Feature","properties":{"full_id":"w77688135","osm_id":"77688135","osm_type":"way","highway":"footway","tactile_paving":null,"handrail":null,"traffic_signals:vibration":null,"traffic_signals:sound":null,"button_operated":null,"access":null,"layer":null,"tunnel":null,"postal_code":null,"footway":null,"crossing:markings":null,"crossing:island":null,"crossing":null,"surface":null,"oneway":null,"old_name":null,"name:etymology:wikidata":null,"name":null,"maxspeed":null,"lit":null,"lanes":null,"service":null},"geometry":{"type":"LineString","coordinates":[[37.8826741,51.3118531],[37.8825253,51.3117971],[37.8813639,51.3112844],[37.8811389,51.3111861],[37.8805209,51.3109159]]}},
{"type":"Feature","properties":{"full_id":"w77688136","osm_id":"77688136","osm_type":"way","highway":"footway","tactile_paving":null,"handrail":null,"traffic_signals:vibration":null,"traffic_signals:sound":null,"button_operated":null,"access":null,"layer":null,"tunnel":null,"postal_code":null,"footway":null,"crossing:markings":null,"crossing:island":null,"crossing":null,"surface":null,"oneway":null,"old_name":null,"name:etymology:wikidata":null,"name":null,"maxspeed":null,"lit":null,"lanes":null,"service":null},"geometry":{"type":"LineString","coordinates":[[37.8880683,51.3102648],[37.8882737,51.3100967]]}},
{"type":"Feature","properties":{"full_id":"w77688137","osm_id":"77688137","osm_type":"way","highway":"service","tactile_paving":null,"handrail":null,"traffic_signals:vibration":null,"traffic_signals:sound":null,"button_operated":null,"access":null,"layer":null,"tunnel":null,"postal_code":null,"footway":null,"crossing:markings":null,"crossing:island":null,"crossing":null,"surface":null,"oneway":null,"old_name":null,"name:etymology:wikidata":null,"name":null,"maxspeed":null,"lit":null,"lanes":null,"service":null},"geometry":{"type":"LineString","coordinates":[[37.8881773,51.308079],[37.8882369,51.3080297],[37.8883425,51.3079364]]}},
{"type":"Feature","properties":{"full_id":"w77688139","osm_id":"77688139","osm_type":"way","highway":"footway","tactile_paving":null,"handrail":null,"traffic_signals:vibration":null,"traffic_signals:sound":null,"button_operated":null,"access":null,"layer":null,"tunnel":null,"postal_code":null,"footway":null,"crossing:markings":null,"crossing:island":null,"crossing":null,"surface":null,"oneway":null,"old_name":null,"name:etymology:wikidata":null,"name":null,"maxspeed":null,"lit":null,"lanes":null,"service":null},"geometry":{"type":"LineString","coordinates":[[37.885244,51.3066537],[37.885849,51.3069088],[37.8869161,51.307369],[37.8869881,51.3074],[37.8870914,51.3074464],[37.887196,51.3074906],[37.88736,51.3075602],[37.8879954,51.307832],[37.8879539,51.3079058],[37.888154,51.3079954],[37.8882369,51.3080297],[37.8884246,51.3081062],[37.8885627,51.3080986],[37.8888121,51.3082067],[37.8894494,51.308483],[37.8895137,51.3085275],[37.8897576,51.3086251],[37.8897844,51.3086679]]}},
{"type":"Feature","properties":{"full_id":"w77688140","osm_id":"77688140","osm_type":"way","highway":"footway","tactile_paving":null,"handrail":null,"traffic_signals:vibration":null,"traffic_signals:sound":null,"button_operated":null,"access":null,"layer":null,"tunnel":null,"postal_code":null,"footway":null,"crossing:markings":null,"crossing:island":null,"crossing":null,"surface":"asphalt","oneway":null,"old_name":null,"name:etymology:wikidata":null,"name":null,"maxspeed":null,"lit":null,"lanes":null,"service":null},"geometry":{"type":"LineString","coordinates":[[37.8789549,51.3123558],[37.8787808,51.3125013],[37.8787221,51.3125454],[37.878142,51.313082],[37.8774039,51.3137305],[37.8768235,51.3142718]]}},
{"type":"Feature","properties":{"full_id":"w77688143","osm_id":"77688143","osm_type":"way","highway":"service","tactile_paving":null,"handrail":null,"traffic_signals:vibration":null,"traffic_signals:sound":null,"button_operated":null,"access":null,"layer":null,"tunnel":"building_passage","postal_code":null,"footway":null,"crossing:markings":null,"crossing:island":null,"crossing":null,"surface":null,"oneway":null,"old_name":null,"name:etymology:wikidata":null,"name":null,"maxspeed":null,"lit":null,"lanes":null,"service":null},"geometry":{"type":"LineString","coordinates":[[37.8936634,51.3096257],[37.8935577,51.3097154]]}},
{"type":"Feature","properties":{"full_id":"w77688144","osm_id":"77688144","osm_type":"way","highway":"footway","tactile_paving":null,"handrail":null,"traffic_signals:vibration":null,"traffic_signals:sound":null,"button_operated":null,"access":null,"layer":null,"tunnel":null,"postal_code":null,"footway":null,"crossing:markings":null,"crossing:island":null,"crossing":null,"surface":null,"oneway":null,"old_name":null,"name:etymology:wikidata":null,"name":null,"maxspeed":null,"lit":null,"lanes":null,"service":null},"geometry":{"type":"LineString","coordinates":[[37.8923311,51.3088506],[37.8922323,51.3088111],[37.8921407,51.3087743],[37.8920262,51.3087235],[37.8918952,51.3086714],[37.8911802,51.3083566],[37.8910699,51.3083055],[37.8908395,51.3081947],[37.8905309,51.3080554],[37.8907152,51.3078956]]}},
{"type":"Feature","properties":{"full_id":"w77688145","osm_id":"77688145","osm_type":"way","highway":"footway","tactile_paving":null,"handrail":null,"traffic_signals:vibration":null,"traffic_signals:sound":null,"button_operated":null,"access":null,"layer":null,"tunnel":null,"postal_code":null,"footway":null,"crossing:markings":null,"crossing:island":null,"crossing":null,"surface":null,"oneway":null,"old_name":null,"name:etymology:wikidata":null,"name":null,"maxspeed":null,"lit":null,"lanes":null,"service":null},"geometry":{"type":"LineString","coordinates":[[37.890221,51.3089936],[37.889949,51.3092386],[37.888869,51.3102039],[37.8887874,51.3102766],[37.8887048,51.3102255],[37.8885171,51.310166],[37.8882737,51.3100967]]}},
{"type":"Feature","properties":{"full_id":"w77688147","osm_id":"77688147","osm_type":"way","highway":"service","tactile_paving":null,"handrail":null,"traffic_signals:vibration":null,"traffic_signals:sound":null,"button_operated":null,"access":null,"layer":null,"tunnel":"building_passage","postal_code":null,"footway":null,"crossing:markings":null,"crossing:island":null,"crossing":null,"surface":null,"oneway":null,"old_name":null,"name:etymology:wikidata":null,"name":null,"maxspeed":null,"lit":null,"lanes":null,"service":null},"geometry":{"type":"LineString","coordinates":[[37.8880772,51.30817],[37.8881773,51.308079]]}},
{"type":"Feature","properties":{"full_id":"w77688148","osm_id":"77688148","osm_type":"way","highway":"footway","tactile_paving":null,"handrail":null,"traffic_signals:vibration":null,"traffic_signals:sound":null,"button_operated":null,"access":null,"layer":null,"tunnel":null,"postal_code":null,"footway":null,"crossing:markings":null,"crossing:island":null,"crossing":null,"surface":null,"oneway":null,"old_name":null,"name:etymology:wikidata":null,"name":null,"maxspeed":null,"lit":null,"lanes":null,"service":null},"geometry":{"type":"LineString","coordinates":[[37.8868284,51.3076921],[37.8868757,51.3076503]]}},
{"type":"Feature","properties":{"full_id":"w77688149","osm_id":"77688149","osm_type":"way","highway":"footway","tactile_paving":null,"handrail":null,"traffic_signals:vibration":null,"traffic_signals:sound":null,"button_operated":null,"access":null,"layer":null,"tunnel":null,"postal_code":null,"footway":null,"crossing:markings":null,"crossing:island":null,"crossing":null,"surface":null,"oneway":null,"old_name":null,"name:etymology:wikidata":null,"name":null,"maxspeed":null,"lit":null,"lanes":null,"service":null},"geometry":{"type":"LineString","coordinates":[[37.8869769,51.3075568],[37.8870914,51.3074464],[37.8871693,51.3074246],[37.8872229,51.3074095],[37.8872869,51.3073556]]}},
{"type":"Feature","properties":{"full_id":"w77688151","osm_id":"77688151","osm_type":"way","highway":"footway","tactile_paving":null,"handrail":null,"traffic_signals:vibration":null,"traffic_signals:sound":null,"button_operated":null,"access":null,"layer":null,"tunnel":null,"postal_code":null,"footway":null,"crossing:markings":null,"crossing:island":null,"crossing":null,"surface":null,"oneway":null,"old_name":null,"name:etymology:wikidata":null,"name":null,"maxspeed":null,"lit":null,"lanes":null,"service":null},"geometry":{"type":"LineString","coordinates":[[37.8882737,51.3100967],[37.8880643,51.3100816],[37.8877386,51.3101159],[37.886944,51.3101995],[37.8866638,51.3102286],[37.8859932,51.3102984],[37.885624,51.3103014],[37.8851013,51.3103345],[37.8849961,51.3103366]]}},
{"type":"Feature","properties":{"full_id":"w77690154","osm_id":"77690154","osm_type":"way","highway":"footway","tactile_paving":null,"handrail":null,"traffic_signals:vibration":null,"traffic_signals:sound":null,"button_operated":null,"access":null,"layer":null,"tunnel":null,"postal_code":null,"footway":null,"crossing:markings":null,"crossing:island":null,"crossing":null,"surface":null,"oneway":null,"old_name":null,"name:etymology:wikidata":null,"name":null,"maxspeed":null,"lit":null,"lanes":null,"service":null},"geometry":{"type":"LineString","coordinates":[[37.8883069,51.3095648],[37.8888271,51.3095308]]}},
{"type":"Feature","properties":{"full_id":"w77745275","osm_id":"77745275","osm_type":"way","highway":"steps","tactile_paving":null,"handrail":null,"traffic_signals:vibration":null,"traffic_signals:sound":null,"button_operated":null,"access":null,"layer":null,"tunnel":null,"postal_code":null,"footway":null,"crossing:markings":null,"crossing:island":null,"crossing":null,"surface":"paving_stones","oneway":null,"old_name":null,"name:etymology:wikidata":null,"name":null,"maxspeed":null,"lit":null,"lanes":null,"service":null},"geometry":{"type":"LineString","coordinates":[[37.8870579,51.3141957],[37.8871408,51.3141127]]}},
{"type":"Feature","properties":{"full_id":"w77760239","osm_id":"77760239","osm_type":"way","highway":"footway","tactile_paving":null,"handrail":null,"traffic_signals:vibration":null,"traffic_signals:sound":null,"button_operated":null,"access":null,"layer":null,"tunnel":null,"postal_code":null,"footway":null,"crossing:markings":null,"crossing:island":null,"crossing":null,"surface":null,"oneway":null,"old_name":null,"name:etymology:wikidata":null,"name":null,"maxspeed":null,"lit":null,"lanes":null,"service":null},"geometry":{"type":"LineString","coordinates":[[37.8977022,51.311338],[37.8978032,51.3114918]]}},
{"type":"Feature","properties":{"full_id":"w77760242","osm_id":"77760242","osm_type":"way","highway":"service","tactile_paving":null,"handrail":null,"traffic_signals:vibration":null,"traffic_signals:sound":null,"button_operated":null,"access":null,"layer":null,"tunnel":"building_passage","postal_code":null,"footway":null,"crossing:markings":null,"crossing:island":null,"crossing":null,"surface":null,"oneway":null,"old_name":null,"name:etymology:wikidata":null,"name":null,"maxspeed":null,"lit":null,"lanes":null,"service":null},"geometry":{"type":"LineString","coordinates":[[37.8812846,51.3083215],[37.8814366,51.3083886]]}},
{"type":"Feature","properties":{"full_id":"w77760250","osm_id":"77760250","osm_type":"way","highway":"footway","tactile_paving":null,"handrail":null,"traffic_signals:vibration":null,"traffic_signals:sound":null,"button_operated":null,"access":null,"layer":null,"tunnel":null,"postal_code":null,"footway":null,"crossing:markings":null,"crossing:island":null,"crossing":null,"surface":null,"oneway":null,"old_name":null,"name:etymology:wikidata":null,"name":null,"maxspeed":null,"lit":null,"lanes":null,"service":null},"geometry":{"type":"LineString","coordinates":[[37.8977022,51.311338],[37.8977506,51.3113061],[37.8980692,51.3112494]]}},
{"type":"Feature","properties":{"full_id":"w77760251","osm_id":"77760251","osm_type":"way","highway":"footway","tactile_paving":null,"handrail":null,"traffic_signals:vibration":null,"traffic_signals:sound":null,"button_operated":null,"access":null,"layer":null,"tunnel":null,"postal_code":null,"footway":null,"crossing:markings":null,"crossing:island":null,"crossing":null,"surface":"paving_stones","oneway":null,"old_name":null,"name:etymology:wikidata":null,"name":null,"maxspeed":null,"lit":null,"lanes":null,"service":null},"geometry":{"type":"LineString","coordinates":[[37.8973667,51.3118784],[37.8973322,51.3118392],[37.8973161,51.3117093],[37.8973504,51.311634]]}},
{"type":"Feature","properties":{"full_id":"w77760253","osm_id":"77760253","osm_type":"way","highway":"footway","tactile_paving":null,"handrail":null,"traffic_signals:vibration":null,"traffic_signals:sound":null,"button_operated":null,"access":null,"layer":null,"tunnel":null,"postal_code":null,"footway":null,"crossing:markings":null,"crossing:island":null,"crossing":null,"surface":null,"oneway":null,"old_name":null,"name:etymology:wikidata":null,"name":null,"maxspeed":null,"lit":null,"lanes":null,"service":null},"geometry":{"type":"LineString","coordinates":[[37.8859855,51.3132964],[37.8862257,51.3130902]]}},
{"type":"Feature","properties":{"full_id":"w77760256","osm_id":"77760256","osm_type":"way","highway":"steps","tactile_paving":null,"handrail":null,"traffic_signals:vibration":null,"traffic_signals:sound":null,"button_operated":null,"access":null,"layer":null,"tunnel":null,"postal_code":null,"footway":null,"crossing:markings":null,"crossing:island":null,"crossing":null,"surface":null,"oneway":null,"old_name":null,"name:etymology:wikidata":null,"name":null,"maxspeed":null,"lit":null,"lanes":null,"service":null},"geometry":{"type":"LineString","coordinates":[[37.8970062,51.3115234],[37.8971861,51.3113541]]}},
{"type":"Feature","properties":{"full_id":"w77760264","osm_id":"77760264","osm_type":"way","highway":"footway","tactile_paving":null,"handrail":null,"traffic_signals:vibration":null,"traffic_signals:sound":null,"button_operated":null,"access":null,"layer":"-1","tunnel":"yes","postal_code":null,"footway":null,"crossing:markings":null,"crossing:island":null,"crossing":null,"surface":null,"oneway":null,"old_name":null,"name:etymology:wikidata":null,"name":null,"maxspeed":null,"lit":null,"lanes":null,"service":null},"geometry":{"type":"LineString","coordinates":[[37.8965236,51.311065],[37.8967508,51.3111557],[37.8971861,51.3113541],[37.897509,51.3115022]]}},
{"type":"Feature","properties":{"full_id":"w77760267","osm_id":"77760267","osm_type":"way","highway":"steps","tactile_paving":null,"handrail":null,"traffic_signals:vibration":null,"traffic_signals:sound":null,"button_operated":null,"access":null,"layer":null,"tunnel":null,"postal_code":null,"footway":null,"crossing:markings":null,"crossing:island":null,"crossing":null,"surface":null,"oneway":null,"old_name":null,"name:etymology:wikidata":null,"name":null,"maxspeed":null,"lit":null,"lanes":null,"service":null},"geometry":{"type":"LineString","coordinates":[[37.8973504,51.311634],[37.897509,51.3115022],[37.8977022,51.311338]]}},
{"type":"Feature","properties":{"full_id":"w77760270","osm_id":"77760270","osm_type":"way","highway":"service","tactile_paving":null,"handrail":null,"traffic_signals:vibration":null,"traffic_signals:sound":null,"button_operated":null,"access":null,"layer":null,"tunnel":null,"postal_code":null,"footway":null,"crossing:markings":null,"crossing:island":null,"crossing":null,"surface":null,"oneway":null,"old_name":null,"name:etymology:wikidata":null,"name":null,"maxspeed":null,"lit":null,"lanes":null,"service":null},"geometry":{"type":"LineString","coordinates":[[37.8814366,51.3083886],[37.8815379,51.30842],[37.8819612,51.3085954],[37.8820959,51.3086553],[37.882234,51.3086992]]}},
{"type":"Feature","properties":{"full_id":"w77760279","osm_id":"77760279","osm_type":"way","highway":"footway","tactile_paving":null,"handrail":null,"traffic_signals:vibration":null,"traffic_signals:sound":null,"button_operated":null,"access":null,"layer":null,"tunnel":null,"postal_code":null,"footway":null,"crossing:markings":null,"crossing:island":null,"crossing":null,"surface":null,"oneway":null,"old_name":null,"name:etymology:wikidata":null,"name":null,"maxspeed":null,"lit":null,"lanes":null,"service":null},"geometry":{"type":"LineString","coordinates":[[37.8966405,51.3107689],[37.8967322,51.3108647]]}},
{"type":"Feature","properties":{"full_id":"w77766454","osm_id":"77766454","osm_type":"way","highway":"footway","tactile_paving":null,"handrail":null,"traffic_signals:vibration":null,"traffic_signals:sound":null,"button_operated":null,"access":null,"layer":null,"tunnel":null,"postal_code":null,"footway":null,"crossing:markings":null,"crossing:island":null,"crossing":null,"surface":null,"oneway":null,"old_name":null,"name:etymology:wikidata":null,"name":null,"maxspeed":null,"lit":null,"lanes":null,"service":null},"geometry":{"type":"LineString","coordinates":[[37.8846436,51.3071573],[37.885849,51.3069088]]}},
{"type":"Feature","properties":{"full_id":"w77810372","osm_id":"77810372","osm_type":"way","highway":"footway","tactile_paving":null,"handrail":null,"traffic_signals:vibration":null,"traffic_signals:sound":null,"button_operated":null,"access":null,"layer":null,"tunnel":null,"postal_code":null,"footway":null,"crossing:markings":null,"crossing:island":null,"crossing":null,"surface":"asphalt","oneway":null,"old_name":null,"name:etymology:wikidata":null,"name":null,"maxspeed":null,"lit":null,"lanes":null,"service":null},"geometry":{"type":"LineString","coordinates":[[37.8971476,51.3103214],[37.8974255,51.310077],[37.8978772,51.3096793],[37.8978927,51.3096043],[37.8992235,51.3084001],[37.8994149,51.3082269],[37.8995093,51.3081896],[37.8996064,51.3081484],[37.8995436,51.3081221],[37.9009299,51.3068723],[37.9014915,51.3063423],[37.901555,51.3062944],[37.9016828,51.3061918],[37.9017855,51.3061032],[37.9018996,51.3059968],[37.9018542,51.3059242],[37.9017888,51.3058362],[37.90155,51.306048],[37.9014164,51.3060199],[37.9013104,51.3060983],[37.9014018,51.3062615],[37.9014254,51.3063058],[37.9014915,51.3063423]]}},
{"type":"Feature","properties":{"full_id":"w77810378","osm_id":"77810378","osm_type":"way","highway":"service","tactile_paving":null,"handrail":null,"traffic_signals:vibration":null,"traffic_signals:sound":null,"button_operated":null,"access":null,"layer":null,"tunnel":"building_passage","postal_code":null,"footway":null,"crossing:markings":null,"crossing:island":null,"crossing":null,"surface":null,"oneway":null,"old_name":null,"name:etymology:wikidata":null,"name":null,"maxspeed":null,"lit":null,"lanes":null,"service":null},"geometry":{"type":"LineString","coordinates":[[37.8912174,51.3147152],[37.8911709,51.3147567]]}},
{"type":"Feature","properties":{"full_id":"w77810389","osm_id":"77810389","osm_type":"way","highway":"footway","tactile_paving":null,"handrail":null,"traffic_signals:vibration":null,"traffic_signals:sound":null,"button_operated":null,"access":null,"layer":null,"tunnel":null,"postal_code":null,"footway":null,"crossing:markings":null,"crossing:island":null,"crossing":null,"surface":null,"oneway":null,"old_name":null,"name:etymology:wikidata":null,"name":null,"maxspeed":null,"lit":null,"lanes":null,"service":null},"geometry":{"type":"LineString","coordinates":[[37.8965957,51.3113029],[37.8961581,51.3117104]]}},
{"type":"Feature","properties":{"full_id":"w77810396","osm_id":"77810396","osm_type":"way","highway":"footway","tactile_paving":null,"handrail":null,"traffic_signals:vibration":null,"traffic_signals:sound":null,"button_operated":null,"access":null,"layer":null,"tunnel":null,"postal_code":null,"footway":null,"crossing:markings":null,"crossing:island":null,"crossing":null,"surface":null,"oneway":null,"old_name":null,"name:etymology:wikidata":null,"name":null,"maxspeed":null,"lit":null,"lanes":null,"service":null},"geometry":{"type":"LineString","coordinates":[[37.8927301,51.3160812],[37.8927878,51.3160285],[37.892937,51.3158964],[37.8934201,51.3154418]]}},
{"type":"Feature","properties":{"full_id":"w77810398","osm_id":"77810398","osm_type":"way","highway":"steps","tactile_paving":null,"handrail":null,"traffic_signals:vibration":null,"traffic_signals:sound":null,"button_operated":null,"access":null,"layer":null,"tunnel":null,"postal_code":null,"footway":null,"crossing:markings":null,"crossing:island":null,"crossing":null,"surface":null,"oneway":null,"old_name":null,"name:etymology:wikidata":null,"name":null,"maxspeed":null,"lit":null,"lanes":null,"service":null},"geometry":{"type":"LineString","coordinates":[[37.8967322,51.3108647],[37.8965236,51.311065]]}},
{"type":"Feature","properties":{"full_id":"w77810402","osm_id":"77810402","osm_type":"way","highway":"steps","tactile_paving":null,"handrail":null,"traffic_signals:vibration":null,"traffic_signals:sound":null,"button_operated":null,"access":null,"layer":null,"tunnel":null,"postal_code":null,"footway":null,"crossing:markings":null,"crossing:island":null,"crossing":null,"surface":null,"oneway":null,"old_name":null,"name:etymology:wikidata":null,"name":null,"maxspeed":null,"lit":null,"lanes":null,"service":null},"geometry":{"type":"LineString","coordinates":[[37.8967508,51.3111557],[37.8965957,51.3113029]]}},
{"type":"Feature","properties":{"full_id":"w77810406","osm_id":"77810406","osm_type":"way","highway":"footway","tactile_paving":null,"handrail":null,"traffic_signals:vibration":null,"traffic_signals:sound":null,"button_operated":null,"access":null,"layer":null,"tunnel":null,"postal_code":null,"footway":null,"crossing:markings":null,"crossing:island":null,"crossing":null,"surface":null,"oneway":null,"old_name":null,"name:etymology:wikidata":null,"name":null,"maxspeed":null,"lit":null,"lanes":null,"service":null},"geometry":{"type":"LineString","coordinates":[[37.8964084,51.310961],[37.8963949,51.3112163]]}},
{"type":"Feature","properties":{"full_id":"w77810408","osm_id":"77810408","osm_type":"way","highway":"steps","tactile_paving":null,"handrail":null,"traffic_signals:vibration":null,"traffic_signals:sound":null,"button_operated":null,"access":null,"layer":null,"tunnel":null,"postal_code":null,"footway":null,"crossing:markings":null,"crossing:island":null,"crossing":null,"surface":"asphalt","oneway":null,"old_name":null,"name:etymology:wikidata":null,"name":null,"maxspeed":null,"lit":null,"lanes":null,"service":null},"geometry":{"type":"LineString","coordinates":[[37.8970256,51.3104235],[37.8971476,51.3103214]]}},
{"type":"Feature","properties":{"full_id":"w77810411","osm_id":"77810411","osm_type":"way","highway":"service","tactile_paving":null,"handrail":null,"traffic_signals:vibration":null,"traffic_signals:sound":null,"button_operated":null,"access":null,"layer":null,"tunnel":null,"postal_code":null,"footway":null,"crossing:markings":null,"crossing:island":null,"crossing":null,"surface":null,"oneway":null,"old_name":null,"name:etymology:wikidata":null,"name":null,"maxspeed":null,"lit":null,"lanes":null,"service":null},"geometry":{"type":"LineString","coordinates":[[37.8911709,51.3147567],[37.8910306,51.3148869]]}},
{"type":"Feature","properties":{"full_id":"w77819543","osm_id":"77819543","osm_type":"way","highway":"footway","tactile_paving":null,"handrail":null,"traffic_signals:vibration":null,"traffic_signals:sound":null,"button_operated":null,"access":null,"layer":null,"tunnel":null,"postal_code":null,"footway":null,"crossing:markings":null,"crossing:island":null,"crossing":null,"surface":null,"oneway":null,"old_name":null,"name:etymology:wikidata":null,"name":null,"maxspeed":null,"lit":null,"lanes":null,"service":null},"geometry":{"type":"LineString","coordinates":[[37.8952534,51.3144498],[37.8947408,51.31442],[37.8946107,51.3143834]]}},
{"type":"Feature","properties":{"full_id":"w77819546","osm_id":"77819546","osm_type":"way","highway":"footway","tactile_paving":null,"handrail":null,"traffic_signals:vibration":null,"traffic_signals:sound":null,"button_operated":null,"access":null,"layer":null,"tunnel":null,"postal_code":null,"footway":null,"crossing:markings":null,"crossing:island":null,"crossing":null,"surface":null,"oneway":null,"old_name":null,"name:etymology:wikidata":null,"name":null,"maxspeed":null,"lit":null,"lanes":null,"service":null},"geometry":{"type":"LineString","coordinates":[[37.8939046,51.3138875],[37.8940761,51.3139679],[37.894279,51.3140557],[37.8943189,51.3140729],[37.8944461,51.3141303],[37.8947616,51.3142303],[37.8952889,51.3143704]]}},
{"type":"Feature","properties":{"full_id":"w77819547","osm_id":"77819547","osm_type":"way","highway":"footway","tactile_paving":null,"handrail":null,"traffic_signals:vibration":null,"traffic_signals:sound":null,"button_operated":null,"access":null,"layer":null,"tunnel":null,"postal_code":null,"footway":null,"crossing:markings":null,"crossing:island":null,"crossing":null,"surface":null,"oneway":null,"old_name":null,"name:etymology:wikidata":null,"name":null,"maxspeed":null,"lit":null,"lanes":null,"service":null},"geometry":{"type":"LineString","coordinates":[[37.8936884,51.3137723],[37.8936077,51.3137289],[37.8934369,51.3136485],[37.8933489,51.3135905],[37.8932327,51.3135257]]}},
{"type":"Feature","properties":{"full_id":"w77819549","osm_id":"77819549","osm_type":"way","highway":"footway","tactile_paving":null,"handrail":null,"traffic_signals:vibration":null,"traffic_signals:sound":null,"button_operated":null,"access":null,"layer":null,"tunnel":null,"postal_code":null,"footway":null,"crossing:markings":null,"crossing:island":null,"crossing":null,"surface":null,"oneway":null,"old_name":null,"name:etymology:wikidata":null,"name":null,"maxspeed":null,"lit":null,"lanes":null,"service":null},"geometry":{"type":"LineString","coordinates":[[37.8922802,51.3149995],[37.8922264,51.3149759],[37.8920491,51.3148984]]}},
{"type":"Feature","properties":{"full_id":"w77819551","osm_id":"77819551","osm_type":"way","highway":"footway","tactile_paving":null,"handrail":null,"traffic_signals:vibration":null,"traffic_signals:sound":null,"button_operated":null,"access":null,"layer":null,"tunnel":null,"postal_code":null,"footway":null,"crossing:markings":null,"crossing:island":null,"crossing":null,"surface":null,"oneway":null,"old_name":null,"name:etymology:wikidata":null,"name":null,"maxspeed":null,"lit":null,"lanes":null,"service":null},"geometry":{"type":"LineString","coordinates":[[37.8931014,51.3153518],[37.8929671,51.315295],[37.8929205,51.3152753],[37.8928742,51.3152541],[37.892726,51.3151918],[37.8925421,51.3151113],[37.8924413,51.315068]]}},
{"type":"Feature","properties":{"full_id":"w77819553","osm_id":"77819553","osm_type":"way","highway":"footway","tactile_paving":null,"handrail":null,"traffic_signals:vibration":null,"traffic_signals:sound":null,"button_operated":null,"access":null,"layer":null,"tunnel":null,"postal_code":null,"footway":null,"crossing:markings":null,"crossing:island":null,"crossing":null,"surface":null,"oneway":null,"old_name":null,"name:etymology:wikidata":null,"name":null,"maxspeed":null,"lit":null,"lanes":null,"service":null},"geometry":{"type":"LineString","coordinates":[[37.8928742,51.3152541],[37.8923474,51.31574],[37.8922725,51.3157108]]}},
{"type":"Feature","properties":{"full_id":"w77819558","osm_id":"77819558","osm_type":"way","highway":"service","tactile_paving":null,"handrail":null,"traffic_signals:vibration":null,"traffic_signals:sound":null,"button_operated":null,"access":null,"layer":null,"tunnel":"building_passage","postal_code":null,"footway":null,"crossing:markings":null,"crossing:island":null,"crossing":null,"surface":null,"oneway":null,"old_name":null,"name:etymology:wikidata":null,"name":null,"maxspeed":null,"lit":null,"lanes":null,"service":null},"geometry":{"type":"LineString","coordinates":[[37.8975286,51.3137056],[37.8974999,51.3135958]]}},
{"type":"Feature","properties":{"full_id":"w77819559","osm_id":"77819559","osm_type":"way","highway":"footway","tactile_paving":null,"handrail":null,"traffic_signals:vibration":null,"traffic_signals:sound":null,"button_operated":null,"access":null,"layer":null,"tunnel":null,"postal_code":null,"footway":null,"crossing:markings":null,"crossing:island":null,"crossing":null,"surface":null,"oneway":null,"old_name":null,"name:etymology:wikidata":null,"name":null,"maxspeed":null,"lit":null,"lanes":null,"service":null},"geometry":{"type":"LineString","coordinates":[[37.8939046,51.3138875],[37.8938279,51.3138486]]}},
{"type":"Feature","properties":{"full_id":"w77819562","osm_id":"77819562","osm_type":"way","highway":"footway","tactile_paving":null,"handrail":null,"traffic_signals:vibration":null,"traffic_signals:sound":null,"button_operated":null,"access":null,"layer":null,"tunnel":null,"postal_code":null,"footway":null,"crossing:markings":null,"crossing:island":null,"crossing":null,"surface":null,"oneway":null,"old_name":null,"name:etymology:wikidata":null,"name":null,"maxspeed":null,"lit":null,"lanes":null,"service":null},"geometry":{"type":"LineString","coordinates":[[37.8916018,51.315446],[37.8914746,51.3153832]]}},
{"type":"Feature","properties":{"full_id":"w77819566","osm_id":"77819566","osm_type":"way","highway":"footway","tactile_paving":null,"handrail":null,"traffic_signals:vibration":null,"traffic_signals:sound":null,"button_operated":null,"access":null,"layer":null,"tunnel":null,"postal_code":null,"footway":null,"crossing:markings":null,"crossing:island":null,"crossing":null,"surface":null,"oneway":null,"old_name":null,"name:etymology:wikidata":null,"name":null,"maxspeed":null,"lit":null,"lanes":null,"service":null},"geometry":{"type":"LineString","coordinates":[[37.8954419,51.3139922],[37.8955137,51.3141968],[37.8953876,51.3142124],[37.8952889,51.3143704]]}},
{"type":"Feature","properties":{"full_id":"w77819570","osm_id":"77819570","osm_type":"way","highway":"footway","tactile_paving":null,"handrail":null,"traffic_signals:vibration":null,"traffic_signals:sound":null,"button_operated":null,"access":null,"layer":null,"tunnel":null,"postal_code":null,"footway":null,"crossing:markings":null,"crossing:island":null,"crossing":null,"surface":null,"oneway":null,"old_name":null,"name:etymology:wikidata":null,"name":null,"maxspeed":null,"lit":null,"lanes":null,"service":null},"geometry":{"type":"LineString","coordinates":[[37.8956,51.3144887],[37.895727,51.3147706]]}},
{"type":"Feature","properties":{"full_id":"w77819579","osm_id":"77819579","osm_type":"way","highway":"footway","tactile_paving":null,"handrail":null,"traffic_signals:vibration":null,"traffic_signals:sound":null,"button_operated":null,"access":null,"layer":null,"tunnel":null,"postal_code":null,"footway":null,"crossing:markings":null,"crossing:island":null,"crossing":null,"surface":null,"oneway":null,"old_name":null,"name:etymology:wikidata":null,"name":null,"maxspeed":null,"lit":null,"lanes":null,"service":null},"geometry":{"type":"LineString","coordinates":[[37.8952534,51.3144498],[37.8952588,51.3145259],[37.8952952,51.3145788],[37.8952494,51.3146357]]}},
{"type":"Feature","properties":{"full_id":"w77819582","osm_id":"77819582","osm_type":"way","highway":"footway","tactile_paving":null,"handrail":null,"traffic_signals:vibration":null,"traffic_signals:sound":null,"button_operated":null,"access":null,"layer":null,"tunnel":null,"postal_code":null,"footway":null,"crossing:markings":null,"crossing:island":null,"crossing":null,"surface":null,"oneway":null,"old_name":null,"name:etymology:wikidata":null,"name":null,"maxspeed":null,"lit":null,"lanes":null,"service":null},"geometry":{"type":"LineString","coordinates":[[37.8925484,51.3147774],[37.8924762,51.3147469],[37.8922965,51.3146786]]}},
{"type":"Feature","properties":{"full_id":"w77819583","osm_id":"77819583","osm_type":"way","highway":"footway","tactile_paving":null,"handrail":null,"traffic_signals:vibration":null,"traffic_signals:sound":null,"button_operated":null,"access":null,"layer":null,"tunnel":null,"postal_code":null,"footway":null,"crossing:markings":null,"crossing:island":null,"crossing":null,"surface":null,"oneway":null,"old_name":null,"name:etymology:wikidata":null,"name":null,"maxspeed":null,"lit":null,"lanes":null,"service":null},"geometry":{"type":"LineString","coordinates":[[37.8924413,51.315068],[37.8926782,51.3148287],[37.8926356,51.3148126]]}},
{"type":"Feature","properties":{"full_id":"w77819584","osm_id":"77819584","osm_type":"way","highway":"footway","tactile_paving":null,"handrail":null,"traffic_signals:vibration":null,"traffic_signals:sound":null,"button_operated":null,"access":null,"layer":null,"tunnel":null,"postal_code":null,"footway":null,"crossing:markings":null,"crossing:island":null,"crossing":null,"surface":null,"oneway":null,"old_name":null,"name:etymology:wikidata":null,"name":null,"maxspeed":null,"lit":null,"lanes":null,"service":null},"geometry":{"type":"LineString","coordinates":[[37.8961091,51.3139433],[37.8963773,51.3139048],[37.8968319,51.313852],[37.8973389,51.3137958],[37.8975123,51.3137849],[37.8975576,51.3137567]]}},
{"type":"Feature","properties":{"full_id":"w77819585","osm_id":"77819585","osm_type":"way","highway":"steps","tactile_paving":null,"handrail":null,"traffic_signals:vibration":null,"traffic_signals:sound":null,"button_operated":null,"access":null,"layer":null,"tunnel":null,"postal_code":null,"footway":null,"crossing:markings":null,"crossing:island":null,"crossing":null,"surface":null,"oneway":null,"old_name":null,"name:etymology:wikidata":null,"name":null,"maxspeed":null,"lit":null,"lanes":null,"service":null},"geometry":{"type":"LineString","coordinates":[[37.8924413,51.315068],[37.8922802,51.3149995]]}},
{"type":"Feature","properties":{"full_id":"w77819987","osm_id":"77819987","osm_type":"way","highway":"footway","tactile_paving":null,"handrail":null,"traffic_signals:vibration":null,"traffic_signals:sound":null,"button_operated":null,"access":null,"layer":null,"tunnel":null,"postal_code":null,"footway":null,"crossing:markings":null,"crossing:island":null,"crossing":null,"surface":null,"oneway":null,"old_name":null,"name:etymology:wikidata":null,"name":null,"maxspeed":null,"lit":null,"lanes":null,"service":null},"geometry":{"type":"LineString","coordinates":[[37.8909794,51.3076552],[37.890911,51.3077197],[37.89086,51.3077651]]}},
{"type":"Feature","properties":{"full_id":"w77835006","osm_id":"77835006","osm_type":"way","highway":"footway","tactile_paving":null,"handrail":null,"traffic_signals:vibration":null,"traffic_signals:sound":null,"button_operated":null,"access":null,"layer":null,"tunnel":null,"postal_code":null,"footway":null,"crossing:markings":null,"crossing:island":null,"crossing":null,"surface":null,"oneway":null,"old_name":null,"name:etymology:wikidata":null,"name":null,"maxspeed":null,"lit":null,"lanes":null,"service":null},"geometry":{"type":"LineString","coordinates":[[37.8892123,51.3082028],[37.8888113,51.3080231],[37.8887897,51.3080126],[37.8887263,51.3079837],[37.8883513,51.3078224],[37.8881477,51.3077248],[37.8875259,51.3074571],[37.8873648,51.3073884],[37.8872869,51.3073556],[37.8871346,51.3072993],[37.8866013,51.3070669],[37.8855132,51.3066055],[37.8853592,51.3065304]]}},
{"type":"Feature","properties":{"full_id":"w77835007","osm_id":"77835007","osm_type":"way","highway":"footway","tactile_paving":null,"handrail":null,"traffic_signals:vibration":null,"traffic_signals:sound":null,"button_operated":null,"access":null,"layer":null,"tunnel":null,"postal_code":null,"footway":null,"crossing:markings":null,"crossing:island":null,"crossing":null,"surface":null,"oneway":null,"old_name":null,"name:etymology:wikidata":null,"name":null,"maxspeed":null,"lit":null,"lanes":null,"service":null},"geometry":{"type":"LineString","coordinates":[[37.8881477,51.3077248],[37.8884017,51.3074891],[37.8883491,51.3072854],[37.8884062,51.3072282]]}},
{"type":"Feature","properties":{"full_id":"w77835008","osm_id":"77835008","osm_type":"way","highway":"footway","tactile_paving":null,"handrail":null,"traffic_signals:vibration":null,"traffic_signals:sound":null,"button_operated":null,"access":null,"layer":null,"tunnel":null,"postal_code":null,"footway":null,"crossing:markings":null,"crossing:island":null,"crossing":null,"surface":null,"oneway":null,"old_name":null,"name:etymology:wikidata":null,"name":null,"maxspeed":null,"lit":null,"lanes":null,"service":null},"geometry":{"type":"LineString","coordinates":[[37.8874382,51.307322],[37.8873625,51.3072869]]}},
{"type":"Feature","properties":{"full_id":"w77835011","osm_id":"77835011","osm_type":"way","highway":"footway","tactile_paving":null,"handrail":null,"traffic_signals:vibration":null,"traffic_signals:sound":null,"button_operated":null,"access":null,"layer":null,"tunnel":null,"postal_code":null,"footway":null,"crossing:markings":null,"crossing:island":null,"crossing":null,"surface":null,"oneway":null,"old_name":null,"name:etymology:wikidata":null,"name":null,"maxspeed":null,"lit":null,"lanes":null,"service":null},"geometry":{"type":"LineString","coordinates":[[37.8893264,51.3078271],[37.8897972,51.3077446]]}},
{"type":"Feature","properties":{"full_id":"w77835012","osm_id":"77835012","osm_type":"way","highway":"footway","tactile_paving":null,"handrail":null,"traffic_signals:vibration":null,"traffic_signals:sound":null,"button_operated":null,"access":null,"layer":null,"tunnel":null,"postal_code":null,"footway":null,"crossing:markings":null,"crossing:island":null,"crossing":null,"surface":null,"oneway":null,"old_name":null,"name:etymology:wikidata":null,"name":null,"maxspeed":null,"lit":null,"lanes":null,"service":null},"geometry":{"type":"LineString","coordinates":[[37.8877566,51.3071834],[37.8874498,51.3072154],[37.8873625,51.3072869],[37.8872869,51.3073556]]}},
{"type":"Feature","properties":{"full_id":"w77835014","osm_id":"77835014","osm_type":"way","highway":"footway","tactile_paving":null,"handrail":null,"traffic_signals:vibration":null,"traffic_signals:sound":null,"button_operated":null,"access":null,"layer":null,"tunnel":null,"postal_code":null,"footway":null,"crossing:markings":null,"crossing:island":null,"crossing":null,"surface":null,"oneway":null,"old_name":null,"name:etymology:wikidata":null,"name":null,"maxspeed":null,"lit":null,"lanes":null,"service":null},"geometry":{"type":"LineString","coordinates":[[37.8889923,51.3074462],[37.8889937,51.3074061]]}},
{"type":"Feature","properties":{"full_id":"w77835018","osm_id":"77835018","osm_type":"way","highway":"footway","tactile_paving":null,"handrail":null,"traffic_signals:vibration":null,"traffic_signals:sound":null,"button_operated":null,"access":null,"layer":null,"tunnel":null,"postal_code":null,"footway":null,"crossing:markings":null,"crossing:island":null,"crossing":null,"surface":null,"oneway":null,"old_name":null,"name:etymology:wikidata":null,"name":null,"maxspeed":null,"lit":null,"lanes":null,"service":null},"geometry":{"type":"LineString","coordinates":[[37.8893061,51.3076304],[37.8893264,51.3078271],[37.8893928,51.3078739],[37.8893946,51.3079402],[37.8894022,51.3079908],[37.8894159,51.3080817],[37.8895822,51.3081476],[37.8895822,51.3081906],[37.889488,51.3082304],[37.889514,51.3083427]]}},
{"type":"Feature","properties":{"full_id":"w77835020","osm_id":"77835020","osm_type":"way","highway":"footway","tactile_paving":null,"handrail":null,"traffic_signals:vibration":null,"traffic_signals:sound":null,"button_operated":null,"access":null,"layer":null,"tunnel":null,"postal_code":null,"footway":null,"crossing:markings":null,"crossing:island":null,"crossing":null,"surface":null,"oneway":null,"old_name":null,"name:etymology:wikidata":null,"name":null,"maxspeed":null,"lit":null,"lanes":null,"service":null},"geometry":{"type":"LineString","coordinates":[[37.8884943,51.3077166],[37.8887071,51.3077305],[37.8887304,51.3076609],[37.8890425,51.3078025],[37.8891621,51.3078594],[37.8892119,51.3079467],[37.8892208,51.3079938],[37.8892413,51.3081025],[37.889488,51.3082304]]}},
{"type":"Feature","properties":{"full_id":"w77835024","osm_id":"77835024","osm_type":"way","highway":"footway","tactile_paving":null,"handrail":null,"traffic_signals:vibration":null,"traffic_signals:sound":null,"button_operated":null,"access":null,"layer":null,"tunnel":null,"postal_code":null,"footway":null,"crossing:markings":null,"crossing:island":null,"crossing":null,"surface":null,"oneway":null,"old_name":null,"name:etymology:wikidata":null,"name":null,"maxspeed":null,"lit":null,"lanes":null,"service":null},"geometry":{"type":"LineString","coordinates":[[37.8887263,51.3079837],[37.8887071,51.3077305]]}},
{"type":"Feature","properties":{"full_id":"w77835025","osm_id":"77835025","osm_type":"way","highway":"footway","tactile_paving":null,"handrail":null,"traffic_signals:vibration":null,"traffic_signals:sound":null,"button_operated":null,"access":null,"layer":null,"tunnel":null,"postal_code":null,"footway":null,"crossing:markings":null,"crossing:island":null,"crossing":null,"surface":null,"oneway":null,"old_name":null,"name:etymology:wikidata":null,"name":null,"maxspeed":null,"lit":null,"lanes":null,"service":null},"geometry":{"type":"LineString","coordinates":[[37.8875957,51.3070513],[37.8877566,51.3071834],[37.8882205,51.3072456],[37.8883491,51.3072854],[37.8887178,51.307452],[37.8886217,51.3075444],[37.8885359,51.3076409],[37.8884943,51.3077166],[37.8883513,51.3078224],[37.8882579,51.3078998]]}},
{"type":"Feature","properties":{"full_id":"w77835026","osm_id":"77835026","osm_type":"way","highway":"footway","tactile_paving":null,"handrail":null,"traffic_signals:vibration":null,"traffic_signals:sound":null,"button_operated":null,"access":null,"layer":null,"tunnel":null,"postal_code":null,"footway":null,"crossing:markings":null,"crossing:island":null,"crossing":null,"surface":null,"oneway":null,"old_name":null,"name:etymology:wikidata":null,"name":null,"maxspeed":null,"lit":null,"lanes":null,"service":null},"geometry":{"type":"LineString","coordinates":[[37.8866013,51.3070669],[37.886716,51.3070548],[37.887051,51.3070364],[37.8872887,51.3070156],[37.8874236,51.3070644],[37.8875957,51.3070513],[37.8877226,51.3070242],[37.8881324,51.3070133],[37.8883374,51.307002],[37.8884865,51.3068856],[37.8884787,51.3069524],[37.8885672,51.3070247],[37.888557,51.3072118],[37.8884062,51.3072282],[37.8882205,51.3072456],[37.8876758,51.3073149],[37.8874382,51.307322],[37.8873648,51.3073884]]}},
{"type":"Feature","properties":{"full_id":"w77835028","osm_id":"77835028","osm_type":"way","highway":"footway","tactile_paving":null,"handrail":null,"traffic_signals:vibration":null,"traffic_signals:sound":null,"button_operated":null,"access":null,"layer":null,"tunnel":null,"postal_code":null,"footway":null,"crossing:markings":null,"crossing:island":null,"crossing":null,"surface":null,"oneway":null,"old_name":null,"name:etymology:wikidata":null,"name":null,"maxspeed":null,"lit":null,"lanes":null,"service":null},"geometry":{"type":"LineString","coordinates":[[37.888843,51.3079653],[37.8892119,51.3079467],[37.8893946,51.3079402],[37.8895911,51.3079244],[37.8895829,51.3079791],[37.8896197,51.308039],[37.8896874,51.3080648],[37.8897882,51.3080593],[37.8898725,51.3080204],[37.8899068,51.3079612],[37.8898938,51.3079225],[37.889865,51.3078928],[37.8898247,51.3078712],[37.889757,51.3078595],[37.8896825,51.3078681],[37.8896249,51.307884],[37.8895911,51.3079244]]}},
{"type":"Feature","properties":{"full_id":"w77835029","osm_id":"77835029","osm_type":"way","highway":"footway","tactile_paving":null,"handrail":null,"traffic_signals:vibration":null,"traffic_signals:sound":null,"button_operated":null,"access":null,"layer":null,"tunnel":null,"postal_code":null,"footway":null,"crossing:markings":null,"crossing:island":null,"crossing":null,"surface":null,"oneway":null,"old_name":null,"name:etymology:wikidata":null,"name":null,"maxspeed":null,"lit":null,"lanes":null,"service":null},"geometry":{"type":"LineString","coordinates":[[37.8871346,51.3072993],[37.887051,51.3070364],[37.8870216,51.3069326],[37.8870074,51.3068574],[37.8869949,51.3068152],[37.8869033,51.3064962]]}},
{"type":"Feature","properties":{"full_id":"w77835031","osm_id":"77835031","osm_type":"way","highway":"footway","tactile_paving":null,"handrail":null,"traffic_signals:vibration":null,"traffic_signals:sound":null,"button_operated":null,"access":null,"layer":null,"tunnel":null,"postal_code":null,"footway":null,"crossing:markings":null,"crossing:island":null,"crossing":null,"surface":null,"oneway":null,"old_name":null,"name:etymology:wikidata":null,"name":null,"maxspeed":null,"lit":null,"lanes":null,"service":null},"geometry":{"type":"LineString","coordinates":[[37.8876758,51.3073149],[37.8875259,51.3074571]]}},
{"type":"Feature","properties":{"full_id":"w77835033","osm_id":"77835033","osm_type":"way","highway":"footway","tactile_paving":null,"handrail":null,"traffic_signals:vibration":null,"traffic_signals:sound":null,"button_operated":null,"access":null,"layer":null,"tunnel":null,"postal_code":null,"footway":null,"crossing:markings":null,"crossing:island":null,"crossing":null,"surface":null,"oneway":null,"old_name":null,"name:etymology:wikidata":null,"name":null,"maxspeed":null,"lit":null,"lanes":null,"service":null},"geometry":{"type":"LineString","coordinates":[[37.8905309,51.3080554],[37.8900765,51.3078624],[37.8900032,51.3078341],[37.8899461,51.307812],[37.8897972,51.3077446],[37.8894924,51.3076187],[37.8889937,51.3074061],[37.8888454,51.3073466],[37.888557,51.3072118],[37.8881324,51.3070133],[37.8876193,51.3068081],[37.8869033,51.3064962],[37.8868376,51.3064694],[37.8865093,51.3063181],[37.8860744,51.3061332],[37.8859255,51.3060532]]}},
{"type":"Feature","properties":{"full_id":"w77835034","osm_id":"77835034","osm_type":"way","highway":"footway","tactile_paving":null,"handrail":null,"traffic_signals:vibration":null,"traffic_signals:sound":null,"button_operated":null,"access":null,"layer":null,"tunnel":null,"postal_code":null,"footway":null,"crossing:markings":null,"crossing:island":null,"crossing":null,"surface":null,"oneway":null,"old_name":null,"name:etymology:wikidata":null,"name":null,"maxspeed":null,"lit":null,"lanes":null,"service":null},"geometry":{"type":"LineString","coordinates":[[37.8887304,51.3076609],[37.8889923,51.3074462],[37.8890276,51.3076409],[37.8887304,51.3076609]]}},
{"type":"Feature","properties":{"full_id":"w77875489","osm_id":"77875489","osm_type":"way","highway":"footway","tactile_paving":null,"handrail":null,"traffic_signals:vibration":null,"traffic_signals:sound":null,"button_operated":null,"access":null,"layer":null,"tunnel":null,"postal_code":null,"footway":null,"crossing:markings":null,"crossing:island":null,"crossing":null,"surface":null,"oneway":null,"old_name":null,"name:etymology:wikidata":null,"name":null,"maxspeed":null,"lit":null,"lanes":null,"service":null},"geometry":{"type":"LineString","coordinates":[[37.8898846,51.3087076],[37.8896259,51.3089437]]}},
{"type":"Feature","properties":{"full_id":"w77875491","osm_id":"77875491","osm_type":"way","highway":"footway","tactile_paving":null,"handrail":null,"traffic_signals:vibration":null,"traffic_signals:sound":null,"button_operated":null,"access":null,"layer":null,"tunnel":null,"postal_code":null,"footway":null,"crossing:markings":null,"crossing:island":null,"crossing":null,"surface":null,"oneway":null,"old_name":null,"name:etymology:wikidata":null,"name":null,"maxspeed":null,"lit":null,"lanes":null,"service":null},"geometry":{"type":"LineString","coordinates":[[37.8894495,51.308525],[37.8887177,51.3091891],[37.8883069,51.3095648]]}},
{"type":"Feature","properties":{"full_id":"w78255743","osm_id":"78255743","osm_type":"way","highway":"footway","tactile_paving":null,"handrail":null,"traffic_signals:vibration":null,"traffic_signals:sound":null,"button_operated":null,"access":null,"layer":null,"tunnel":null,"postal_code":null,"footway":null,"crossing:markings":null,"crossing:island":null,"crossing":null,"surface":null,"oneway":null,"old_name":null,"name:etymology:wikidata":null,"name":null,"maxspeed":null,"lit":null,"lanes":null,"service":null},"geometry":{"type":"LineString","coordinates":[[37.8911444,51.3087544],[37.8911604,51.3088397],[37.8916607,51.309042],[37.8915767,51.3091779],[37.8916083,51.3093394],[37.8913611,51.3095353],[37.8911456,51.3095054],[37.8906985,51.309307],[37.8906108,51.3091743],[37.8903714,51.3093867]]}},
{"type":"Feature","properties":{"full_id":"w78255745","osm_id":"78255745","osm_type":"way","highway":"footway","tactile_paving":null,"handrail":null,"traffic_signals:vibration":null,"traffic_signals:sound":null,"button_operated":null,"access":null,"layer":null,"tunnel":null,"postal_code":null,"footway":null,"crossing:markings":null,"crossing:island":null,"crossing":null,"surface":null,"oneway":null,"old_name":null,"name:etymology:wikidata":null,"name":null,"maxspeed":null,"lit":null,"lanes":null,"service":null},"geometry":{"type":"LineString","coordinates":[[37.8945208,51.3089983],[37.8945498,51.3090205],[37.8946071,51.3090221],[37.8946407,51.3089989],[37.8946424,51.308977],[37.8946303,51.3089614],[37.8945804,51.3089466],[37.8945454,51.3089534],[37.8945214,51.3089728],[37.8945208,51.3089983]]}},
{"type":"Feature","properties":{"full_id":"w78255746","osm_id":"78255746","osm_type":"way","highway":"footway","tactile_paving":null,"handrail":null,"traffic_signals:vibration":null,"traffic_signals:sound":null,"button_operated":null,"access":null,"layer":null,"tunnel":null,"postal_code":null,"footway":null,"crossing:markings":null,"crossing:island":null,"crossing":null,"surface":null,"oneway":null,"old_name":null,"name:etymology:wikidata":null,"name":null,"maxspeed":null,"lit":null,"lanes":null,"service":null},"geometry":{"type":"LineString","coordinates":[[37.8923835,51.3123936],[37.8923059,51.3126321],[37.8922715,51.3127377],[37.8925189,51.3131252]]}},
{"type":"Feature","properties":{"full_id":"w78255749","osm_id":"78255749","osm_type":"way","highway":"footway","tactile_paving":null,"handrail":null,"traffic_signals:vibration":null,"traffic_signals:sound":null,"button_operated":null,"access":null,"layer":null,"tunnel":null,"postal_code":null,"footway":null,"crossing:markings":null,"crossing:island":null,"crossing":null,"surface":null,"oneway":null,"old_name":null,"name:etymology:wikidata":null,"name":null,"maxspeed":null,"lit":null,"lanes":null,"service":null},"geometry":{"type":"LineString","coordinates":[[37.8946875,51.3092768],[37.8949231,51.3090484],[37.8949816,51.3089795]]}},
{"type":"Feature","properties":{"full_id":"w78255752","osm_id":"78255752","osm_type":"way","highway":"footway","tactile_paving":null,"handrail":null,"traffic_signals:vibration":null,"traffic_signals:sound":null,"button_operated":null,"access":null,"layer":null,"tunnel":null,"postal_code":null,"footway":null,"crossing:markings":null,"crossing:island":null,"crossing":null,"surface":null,"oneway":null,"old_name":null,"name:etymology:wikidata":null,"name":null,"maxspeed":null,"lit":null,"lanes":null,"service":null},"geometry":{"type":"LineString","coordinates":[[37.8945498,51.3090205],[37.8944229,51.3091486]]}},
{"type":"Feature","properties":{"full_id":"w78255761","osm_id":"78255761","osm_type":"way","highway":"footway","tactile_paving":null,"handrail":null,"traffic_signals:vibration":null,"traffic_signals:sound":null,"button_operated":null,"access":null,"layer":null,"tunnel":null,"postal_code":null,"footway":null,"crossing:markings":null,"crossing:island":null,"crossing":null,"surface":null,"oneway":null,"old_name":null,"name:etymology:wikidata":null,"name":null,"maxspeed":null,"lit":null,"lanes":null,"service":null},"geometry":{"type":"LineString","coordinates":[[37.8901639,51.3097115],[37.8900626,51.3101936],[37.8898162,51.3105137],[37.8898479,51.3106013]]}},
{"type":"Feature","properties":{"full_id":"w78255765","osm_id":"78255765","osm_type":"way","highway":"footway","tactile_paving":null,"handrail":null,"traffic_signals:vibration":null,"traffic_signals:sound":null,"button_operated":null,"access":null,"layer":null,"tunnel":null,"postal_code":null,"footway":null,"crossing:markings":null,"crossing:island":null,"crossing":null,"surface":null,"oneway":null,"old_name":null,"name:etymology:wikidata":null,"name":null,"maxspeed":null,"lit":null,"lanes":null,"service":null},"geometry":{"type":"LineString","coordinates":[[37.8946407,51.3089989],[37.8949231,51.3090484],[37.8951588,51.3091474]]}},
{"type":"Feature","properties":{"full_id":"w78255767","osm_id":"78255767","osm_type":"way","highway":"footway","tactile_paving":null,"handrail":null,"traffic_signals:vibration":null,"traffic_signals:sound":null,"button_operated":null,"access":null,"layer":null,"tunnel":null,"postal_code":null,"footway":null,"crossing:markings":null,"crossing:island":null,"crossing":null,"surface":null,"oneway":null,"old_name":null,"name:etymology:wikidata":null,"name":null,"maxspeed":null,"lit":null,"lanes":null,"service":null},"geometry":{"type":"LineString","coordinates":[[37.8913611,51.3095353],[37.8912658,51.3096035],[37.8916151,51.309776]]}},
{"type":"Feature","properties":{"full_id":"w78255776","osm_id":"78255776","osm_type":"way","highway":"footway","tactile_paving":null,"handrail":null,"traffic_signals:vibration":null,"traffic_signals:sound":null,"button_operated":null,"access":null,"layer":null,"tunnel":null,"postal_code":null,"footway":null,"crossing:markings":null,"crossing:island":null,"crossing":null,"surface":null,"oneway":null,"old_name":null,"name:etymology:wikidata":null,"name":null,"maxspeed":null,"lit":null,"lanes":null,"service":null},"geometry":{"type":"LineString","coordinates":[[37.8865831,51.3135735],[37.886716,51.3132626]]}},
{"type":"Feature","properties":{"full_id":"w78255989","osm_id":"78255989","osm_type":"way","highway":"service","tactile_paving":null,"handrail":null,"traffic_signals:vibration":null,"traffic_signals:sound":null,"button_operated":null,"access":null,"layer":null,"tunnel":null,"postal_code":null,"footway":null,"crossing:markings":null,"crossing:island":null,"crossing":null,"surface":null,"oneway":null,"old_name":null,"name:etymology:wikidata":null,"name":null,"maxspeed":null,"lit":null,"lanes":null,"service":null},"geometry":{"type":"LineString","coordinates":[[37.8903627,51.3094214],[37.8903714,51.3093867],[37.8903124,51.3093523],[37.8900663,51.3092533]]}},
{"type":"Feature","properties":{"full_id":"w78290747","osm_id":"78290747","osm_type":"way","highway":"footway","tactile_paving":null,"handrail":null,"traffic_signals:vibration":null,"traffic_signals:sound":null,"button_operated":null,"access":null,"layer":null,"tunnel":null,"postal_code":null,"footway":null,"crossing:markings":null,"crossing:island":null,"crossing":null,"surface":null,"oneway":null,"old_name":null,"name:etymology:wikidata":null,"name":null,"maxspeed":null,"lit":null,"lanes":null,"service":null},"geometry":{"type":"LineString","coordinates":[[37.8891426,51.3108794],[37.8890231,51.3109459],[37.8888899,51.3110173]]}},
{"type":"Feature","properties":{"full_id":"w78290748","osm_id":"78290748","osm_type":"way","highway":"footway","tactile_paving":null,"handrail":null,"traffic_signals:vibration":null,"traffic_signals:sound":null,"button_operated":null,"access":null,"layer":null,"tunnel":null,"postal_code":null,"footway":null,"crossing:markings":null,"crossing:island":null,"crossing":null,"surface":null,"oneway":null,"old_name":null,"name:etymology:wikidata":null,"name":null,"maxspeed":null,"lit":null,"lanes":null,"service":null},"geometry":{"type":"LineString","coordinates":[[37.8882469,51.3107688],[37.8882767,51.3107792],[37.8883898,51.3108185],[37.8887596,51.3108463],[37.8890394,51.3108192],[37.889151,51.3108048],[37.8891582,51.3108662],[37.8891426,51.3108794],[37.8892141,51.3109001],[37.8891849,51.3110083],[37.8892895,51.3112642]]}},
{"type":"Feature","properties":{"full_id":"w78290749","osm_id":"78290749","osm_type":"way","highway":"footway","tactile_paving":null,"handrail":null,"traffic_signals:vibration":null,"traffic_signals:sound":null,"button_operated":null,"access":null,"layer":null,"tunnel":null,"postal_code":null,"footway":null,"crossing:markings":null,"crossing:island":null,"crossing":null,"surface":null,"oneway":null,"old_name":null,"name:etymology:wikidata":null,"name":null,"maxspeed":null,"lit":null,"lanes":null,"service":null},"geometry":{"type":"LineString","coordinates":[[37.8829622,51.31394],[37.8829113,51.3140892],[37.882745,51.3145318],[37.8827153,51.3146124],[37.8826289,51.3147058],[37.8826542,51.3147732],[37.8825775,51.3148467],[37.882315,51.3150962],[37.8827248,51.3152628]]}},
{"type":"Feature","properties":{"full_id":"w78290750","osm_id":"78290750","osm_type":"way","highway":"footway","tactile_paving":null,"handrail":null,"traffic_signals:vibration":null,"traffic_signals:sound":null,"button_operated":null,"access":null,"layer":null,"tunnel":null,"postal_code":null,"footway":null,"crossing:markings":null,"crossing:island":null,"crossing":null,"surface":null,"oneway":null,"old_name":null,"name:etymology:wikidata":null,"name":null,"maxspeed":null,"lit":null,"lanes":null,"service":null},"geometry":{"type":"LineString","coordinates":[[37.889151,51.3108048],[37.8892015,51.310743]]}},
{"type":"Feature","properties":{"full_id":"w78290753","osm_id":"78290753","osm_type":"way","highway":"footway","tactile_paving":null,"handrail":null,"traffic_signals:vibration":null,"traffic_signals:sound":null,"button_operated":null,"access":null,"layer":null,"tunnel":null,"postal_code":null,"footway":null,"crossing:markings":null,"crossing:island":null,"crossing":null,"surface":null,"oneway":null,"old_name":null,"name:etymology:wikidata":null,"name":null,"maxspeed":null,"lit":null,"lanes":null,"service":null},"geometry":{"type":"LineString","coordinates":[[37.8893594,51.3112909],[37.8895725,51.3111174]]}},
{"type":"Feature","properties":{"full_id":"w78290757","osm_id":"78290757","osm_type":"way","highway":"footway","tactile_paving":null,"handrail":null,"traffic_signals:vibration":null,"traffic_signals:sound":null,"button_operated":null,"access":null,"layer":null,"tunnel":null,"postal_code":null,"footway":null,"crossing:markings":null,"crossing:island":null,"crossing":null,"surface":null,"oneway":null,"old_name":null,"name:etymology:wikidata":null,"name":null,"maxspeed":null,"lit":null,"lanes":null,"service":null},"geometry":{"type":"LineString","coordinates":[[37.88135,51.3141577],[37.8814761,51.3140317],[37.8816951,51.3138128]]}},
{"type":"Feature","properties":{"full_id":"w78290760","osm_id":"78290760","osm_type":"way","highway":"footway","tactile_paving":null,"handrail":null,"traffic_signals:vibration":null,"traffic_signals:sound":null,"button_operated":null,"access":null,"layer":null,"tunnel":null,"postal_code":null,"footway":null,"crossing:markings":null,"crossing:island":null,"crossing":null,"surface":null,"oneway":null,"old_name":null,"name:etymology:wikidata":null,"name":null,"maxspeed":null,"lit":null,"lanes":null,"service":null},"geometry":{"type":"LineString","coordinates":[[37.8816778,51.3151934],[37.8816156,51.3152522]]}},
{"type":"Feature","properties":{"full_id":"w78290766","osm_id":"78290766","osm_type":"way","highway":"footway","tactile_paving":null,"handrail":null,"traffic_signals:vibration":null,"traffic_signals:sound":null,"button_operated":null,"access":null,"layer":null,"tunnel":null,"postal_code":null,"footway":null,"crossing:markings":null,"crossing:island":null,"crossing":null,"surface":null,"oneway":null,"old_name":null,"name:etymology:wikidata":null,"name":null,"maxspeed":null,"lit":null,"lanes":null,"service":null},"geometry":{"type":"LineString","coordinates":[[37.8821669,51.3151367],[37.8820874,51.3151043],[37.8814836,51.3148582]]}},
{"type":"Feature","properties":{"full_id":"w78290767","osm_id":"78290767","osm_type":"way","highway":"footway","tactile_paving":null,"handrail":null,"traffic_signals:vibration":null,"traffic_signals:sound":null,"button_operated":null,"access":null,"layer":null,"tunnel":null,"postal_code":null,"footway":null,"crossing:markings":null,"crossing:island":null,"crossing":null,"surface":null,"oneway":null,"old_name":null,"name:etymology:wikidata":null,"name":null,"maxspeed":null,"lit":null,"lanes":null,"service":null},"geometry":{"type":"LineString","coordinates":[[37.8889811,51.3114478],[37.889017,51.3114181],[37.8890958,51.311353],[37.8892208,51.3112404]]}},
{"type":"Feature","properties":{"full_id":"w78290772","osm_id":"78290772","osm_type":"way","highway":"footway","tactile_paving":null,"handrail":null,"traffic_signals:vibration":null,"traffic_signals:sound":null,"button_operated":null,"access":null,"layer":null,"tunnel":null,"postal_code":null,"footway":null,"crossing:markings":null,"crossing:island":null,"crossing":null,"surface":null,"oneway":null,"old_name":null,"name:etymology:wikidata":null,"name":null,"maxspeed":null,"lit":null,"lanes":null,"service":null},"geometry":{"type":"LineString","coordinates":[[37.8824069,51.3147811],[37.882377,51.3148113],[37.8820874,51.3151043],[37.8818818,51.3152824],[37.8816778,51.3151934],[37.8812917,51.315025],[37.8808742,51.314843],[37.8807585,51.3148662],[37.8808682,51.3151557],[37.8810385,51.3157799]]}},
{"type":"Feature","properties":{"full_id":"w78290773","osm_id":"78290773","osm_type":"way","highway":"footway","tactile_paving":null,"handrail":null,"traffic_signals:vibration":null,"traffic_signals:sound":null,"button_operated":null,"access":null,"layer":null,"tunnel":null,"postal_code":null,"footway":null,"crossing:markings":null,"crossing:island":null,"crossing":null,"surface":null,"oneway":null,"old_name":null,"name:etymology:wikidata":null,"name":null,"maxspeed":null,"lit":null,"lanes":null,"service":null},"geometry":{"type":"LineString","coordinates":[[37.8817958,51.3145461],[37.8824069,51.3147811],[37.8825775,51.3148467]]}},
{"type":"Feature","properties":{"full_id":"w78291232","osm_id":"78291232","osm_type":"way","highway":"footway","tactile_paving":null,"handrail":null,"traffic_signals:vibration":null,"traffic_signals:sound":null,"button_operated":null,"access":null,"layer":null,"tunnel":null,"postal_code":null,"footway":null,"crossing:markings":null,"crossing:island":null,"crossing":null,"surface":null,"oneway":null,"old_name":null,"name:etymology:wikidata":null,"name":null,"maxspeed":null,"lit":null,"lanes":null,"service":null},"geometry":{"type":"LineString","coordinates":[[37.8793898,51.3153135],[37.8794378,51.3153306],[37.8799608,51.3155461],[37.8797396,51.3157875],[37.8804701,51.3160836],[37.8806189,51.3161474]]}},
{"type":"Feature","properties":{"full_id":"w78291913","osm_id":"78291913","osm_type":"way","highway":"footway","tactile_paving":null,"handrail":null,"traffic_signals:vibration":null,"traffic_signals:sound":null,"button_operated":null,"access":null,"layer":null,"tunnel":null,"postal_code":null,"footway":null,"crossing:markings":null,"crossing:island":null,"crossing":null,"surface":null,"oneway":null,"old_name":null,"name:etymology:wikidata":null,"name":null,"maxspeed":null,"lit":null,"lanes":null,"service":null},"geometry":{"type":"LineString","coordinates":[[37.8912896,51.307792],[37.8915984,51.3075262],[37.8922501,51.3069784],[37.8928852,51.3064262],[37.8936697,51.3057448],[37.8940301,51.3054283],[37.894051,51.3054099]]}},
{"type":"Feature","properties":{"full_id":"w78291929","osm_id":"78291929","osm_type":"way","highway":"footway","tactile_paving":null,"handrail":null,"traffic_signals:vibration":null,"traffic_signals:sound":null,"button_operated":null,"access":null,"layer":null,"tunnel":null,"postal_code":null,"footway":null,"crossing:markings":null,"crossing:island":null,"crossing":null,"surface":null,"oneway":null,"old_name":null,"name:etymology:wikidata":null,"name":null,"maxspeed":null,"lit":null,"lanes":null,"service":null},"geometry":{"type":"LineString","coordinates":[[37.8949148,51.3083093],[37.8949772,51.3082596],[37.8950391,51.3082067],[37.8952119,51.3080592],[37.8956075,51.3076945],[37.8959508,51.3073843],[37.8959991,51.3073332],[37.8959857,51.3073021],[37.8958637,51.3072468],[37.8958784,51.3071353],[37.8959279,51.3070889],[37.8960635,51.3069618],[37.8960367,51.3067505],[37.8960595,51.3066365],[37.8962526,51.306483],[37.8962948,51.3064319],[37.896329,51.3063904],[37.8963481,51.3062684],[37.8968842,51.3061603],[37.8968767,51.3058293]]}},
{"type":"Feature","properties":{"full_id":"w78360407","osm_id":"78360407","osm_type":"way","highway":"steps","tactile_paving":null,"handrail":null,"traffic_signals:vibration":null,"traffic_signals:sound":null,"button_operated":null,"access":null,"layer":null,"tunnel":null,"postal_code":null,"footway":null,"crossing:markings":null,"crossing:island":null,"crossing":null,"surface":null,"oneway":null,"old_name":null,"name:etymology:wikidata":null,"name":null,"maxspeed":null,"lit":null,"lanes":null,"service":null},"geometry":{"type":"LineString","coordinates":[[37.8961581,51.3117104],[37.8959744,51.3116269]]}},
{"type":"Feature","properties":{"full_id":"w78360413","osm_id":"78360413","osm_type":"way","highway":"steps","tactile_paving":null,"handrail":null,"traffic_signals:vibration":null,"traffic_signals:sound":null,"button_operated":null,"access":null,"layer":null,"tunnel":null,"postal_code":null,"footway":null,"crossing:markings":null,"crossing:island":null,"crossing":null,"surface":null,"oneway":null,"old_name":null,"name:etymology:wikidata":null,"name":null,"maxspeed":null,"lit":null,"lanes":null,"service":null},"geometry":{"type":"LineString","coordinates":[[37.8963949,51.3112163],[37.8965957,51.3113029]]}},
{"type":"Feature","properties":{"full_id":"w78360416","osm_id":"78360416","osm_type":"way","highway":"footway","tactile_paving":null,"handrail":null,"traffic_signals:vibration":null,"traffic_signals:sound":null,"button_operated":null,"access":null,"layer":null,"tunnel":null,"postal_code":null,"footway":null,"crossing:markings":null,"crossing:island":null,"crossing":null,"surface":null,"oneway":null,"old_name":null,"name:etymology:wikidata":null,"name":null,"maxspeed":null,"lit":null,"lanes":null,"service":null},"geometry":{"type":"LineString","coordinates":[[37.8996064,51.3081484],[37.89974,51.3081793],[37.9000622,51.3083267],[37.9002377,51.3084074],[37.9006104,51.3085672],[37.9007599,51.3086443],[37.9009042,51.3087046]]}},
{"type":"Feature","properties":{"full_id":"w78360437","osm_id":"78360437","osm_type":"way","highway":"footway","tactile_paving":null,"handrail":null,"traffic_signals:vibration":null,"traffic_signals:sound":null,"button_operated":null,"access":null,"layer":null,"tunnel":null,"postal_code":null,"footway":null,"crossing:markings":null,"crossing:island":null,"crossing":null,"surface":null,"oneway":null,"old_name":null,"name:etymology:wikidata":null,"name":null,"maxspeed":null,"lit":null,"lanes":null,"service":null},"geometry":{"type":"LineString","coordinates":[[37.8959744,51.3116269],[37.8957806,51.3115383]]}},
{"type":"Feature","properties":{"full_id":"w78362179","osm_id":"78362179","osm_type":"way","highway":"footway","tactile_paving":null,"handrail":null,"traffic_signals:vibration":null,"traffic_signals:sound":null,"button_operated":null,"access":null,"layer":null,"tunnel":null,"postal_code":null,"footway":null,"crossing:markings":null,"crossing:island":null,"crossing":null,"surface":null,"oneway":null,"old_name":null,"name:etymology:wikidata":null,"name":null,"maxspeed":null,"lit":null,"lanes":null,"service":null},"geometry":{"type":"LineString","coordinates":[[37.8917587,51.308012],[37.8919948,51.3077782],[37.8915984,51.3075262],[37.892118,51.3073402],[37.8926466,51.3074274],[37.8928321,51.30741],[37.8933327,51.3075227]]}},
{"type":"Feature","properties":{"full_id":"w78362184","osm_id":"78362184","osm_type":"way","highway":"footway","tactile_paving":null,"handrail":null,"traffic_signals:vibration":null,"traffic_signals:sound":null,"button_operated":null,"access":null,"layer":null,"tunnel":null,"postal_code":null,"footway":null,"crossing:markings":null,"crossing:island":null,"crossing":null,"surface":null,"oneway":null,"old_name":null,"name:etymology:wikidata":null,"name":null,"maxspeed":null,"lit":null,"lanes":null,"service":null},"geometry":{"type":"LineString","coordinates":[[37.8907929,51.3086099],[37.8908353,51.3082218],[37.8908395,51.3081947],[37.8907703,51.3081924],[37.890408,51.3081757]]}},
{"type":"Feature","properties":{"full_id":"w78530154","osm_id":"78530154","osm_type":"way","highway":"footway","tactile_paving":null,"handrail":null,"traffic_signals:vibration":null,"traffic_signals:sound":null,"button_operated":null,"access":null,"layer":null,"tunnel":null,"postal_code":null,"footway":null,"crossing:markings":null,"crossing:island":null,"crossing":null,"surface":null,"oneway":null,"old_name":null,"name:etymology:wikidata":null,"name":null,"maxspeed":null,"lit":null,"lanes":null,"service":null},"geometry":{"type":"LineString","coordinates":[[37.8971476,51.3103214],[37.8970304,51.3103009],[37.8962817,51.3099735],[37.8949647,51.3093946],[37.894923,51.3093763],[37.8946875,51.3092768],[37.8944229,51.3091486],[37.894283,51.3090805],[37.8942148,51.309052],[37.8927413,51.3084132],[37.8926491,51.3083757],[37.8925556,51.3083342],[37.8920928,51.3081596],[37.8917587,51.308012],[37.8912896,51.307792],[37.8911276,51.3077256],[37.8909794,51.3076552],[37.8908559,51.3075981],[37.8899202,51.3071893],[37.8898565,51.3071625],[37.8891781,51.3068785],[37.8889875,51.3067962],[37.8887219,51.3066695]]}},
{"type":"Feature","properties":{"full_id":"w78530176","osm_id":"78530176","osm_type":"way","highway":"steps","tactile_paving":null,"handrail":null,"traffic_signals:vibration":null,"traffic_signals:sound":null,"button_operated":null,"access":null,"layer":null,"tunnel":null,"postal_code":null,"footway":null,"crossing:markings":null,"crossing:island":null,"crossing":null,"surface":null,"oneway":null,"old_name":null,"name:etymology:wikidata":null,"name":null,"maxspeed":null,"lit":null,"lanes":null,"service":null},"geometry":{"type":"LineString","coordinates":[[37.8973174,51.31038],[37.8971476,51.3103214]]}},
{"type":"Feature","properties":{"full_id":"w78580923","osm_id":"78580923","osm_type":"way","highway":"footway","tactile_paving":null,"handrail":null,"traffic_signals:vibration":null,"traffic_signals:sound":null,"button_operated":null,"access":null,"layer":null,"tunnel":null,"postal_code":null,"footway":null,"crossing:markings":null,"crossing:island":null,"crossing":null,"surface":null,"oneway":null,"old_name":null,"name:etymology:wikidata":null,"name":null,"maxspeed":null,"lit":null,"lanes":null,"service":null},"geometry":{"type":"LineString","coordinates":[[37.8925556,51.3083342],[37.8926038,51.3082923],[37.8926038,51.3080126],[37.8926466,51.3074274],[37.8926046,51.3073798],[37.8922501,51.3069784],[37.8920868,51.3068934],[37.8919739,51.3067838],[37.8908471,51.3062896],[37.8907259,51.3062365]]}},
{"type":"Feature","properties":{"full_id":"w78604410","osm_id":"78604410","osm_type":"way","highway":"footway","tactile_paving":null,"handrail":null,"traffic_signals:vibration":null,"traffic_signals:sound":null,"button_operated":null,"access":null,"layer":null,"tunnel":null,"postal_code":null,"footway":null,"crossing:markings":null,"crossing:island":null,"crossing":null,"surface":null,"oneway":null,"old_name":null,"name:etymology:wikidata":null,"name":null,"maxspeed":null,"lit":null,"lanes":null,"service":null},"geometry":{"type":"LineString","coordinates":[[37.9047808,51.3135904],[37.9047123,51.3136533],[37.9046257,51.3137325],[37.9045496,51.3138001],[37.9044789,51.3138629],[37.9043745,51.3139575]]}},
{"type":"Feature","properties":{"full_id":"w78760468","osm_id":"78760468","osm_type":"way","highway":"footway","tactile_paving":null,"handrail":null,"traffic_signals:vibration":null,"traffic_signals:sound":null,"button_operated":null,"access":null,"layer":null,"tunnel":null,"postal_code":null,"footway":null,"crossing:markings":null,"crossing:island":null,"crossing":null,"surface":null,"oneway":null,"old_name":null,"name:etymology:wikidata":null,"name":null,"maxspeed":null,"lit":null,"lanes":null,"service":null},"geometry":{"type":"LineString","coordinates":[[37.8938817,51.3053385],[37.8938623,51.305357],[37.8938144,51.3054023],[37.8934416,51.3057234],[37.8932606,51.3058735],[37.8928648,51.3062345],[37.8927107,51.3063632],[37.8920868,51.3068934],[37.8913897,51.3074899],[37.8911276,51.3077256]]}},
{"type":"Feature","properties":{"full_id":"w78760472","osm_id":"78760472","osm_type":"way","highway":"footway","tactile_paving":null,"handrail":null,"traffic_signals:vibration":null,"traffic_signals:sound":null,"button_operated":null,"access":null,"layer":null,"tunnel":null,"postal_code":null,"footway":null,"crossing:markings":null,"crossing:island":null,"crossing":null,"surface":null,"oneway":null,"old_name":null,"name:etymology:wikidata":null,"name":null,"maxspeed":null,"lit":null,"lanes":null,"service":null},"geometry":{"type":"LineString","coordinates":[[37.8928152,51.3081936],[37.8928321,51.30741],[37.8928514,51.3073718],[37.8930995,51.3068811]]}},
{"type":"Feature","properties":{"full_id":"w78799830","osm_id":"78799830","osm_type":"way","highway":"steps","tactile_paving":null,"handrail":null,"traffic_signals:vibration":null,"traffic_signals:sound":null,"button_operated":null,"access":null,"layer":null,"tunnel":null,"postal_code":null,"footway":null,"crossing:markings":null,"crossing:island":null,"crossing":null,"surface":null,"oneway":null,"old_name":null,"name:etymology:wikidata":null,"name":null,"maxspeed":null,"lit":null,"lanes":null,"service":null},"geometry":{"type":"LineString","coordinates":[[37.8975853,51.3101486],[37.8974255,51.310077]]}},
{"type":"Feature","properties":{"full_id":"w79058799","osm_id":"79058799","osm_type":"way","highway":"footway","tactile_paving":null,"handrail":null,"traffic_signals:vibration":null,"traffic_signals:sound":null,"button_operated":null,"access":null,"layer":null,"tunnel":null,"postal_code":null,"footway":null,"crossing:markings":null,"crossing:island":null,"crossing":null,"surface":null,"oneway":null,"old_name":null,"name:etymology:wikidata":null,"name":null,"maxspeed":null,"lit":null,"lanes":null,"service":null},"geometry":{"type":"LineString","coordinates":[[37.8973504,51.311634],[37.8976496,51.3116255]]}},
{"type":"Feature","properties":{"full_id":"w79176884","osm_id":"79176884","osm_type":"way","highway":"footway","tactile_paving":null,"handrail":null,"traffic_signals:vibration":null,"traffic_signals:sound":null,"button_operated":null,"access":null,"layer":null,"tunnel":null,"postal_code":null,"footway":null,"crossing:markings":null,"crossing:island":null,"crossing":null,"surface":"asphalt","oneway":null,"old_name":null,"name:etymology:wikidata":null,"name":null,"maxspeed":null,"lit":null,"lanes":null,"service":null},"geometry":{"type":"LineString","coordinates":[[37.8818362,51.3143445],[37.8818768,51.3141472]]}},
{"type":"Feature","properties":{"full_id":"w79176891","osm_id":"79176891","osm_type":"way","highway":"footway","tactile_paving":null,"handrail":null,"traffic_signals:vibration":null,"traffic_signals:sound":null,"button_operated":null,"access":null,"layer":null,"tunnel":null,"postal_code":null,"footway":null,"crossing:markings":null,"crossing:island":null,"crossing":null,"surface":null,"oneway":null,"old_name":null,"name:etymology:wikidata":null,"name":null,"maxspeed":null,"lit":null,"lanes":null,"service":null},"geometry":{"type":"LineString","coordinates":[[37.8816452,51.3157974],[37.8812107,51.3156225]]}},
{"type":"Feature","properties":{"full_id":"w79176892","osm_id":"79176892","osm_type":"way","highway":"footway","tactile_paving":null,"handrail":null,"traffic_signals:vibration":null,"traffic_signals:sound":null,"button_operated":null,"access":null,"layer":null,"tunnel":null,"postal_code":null,"footway":null,"crossing:markings":null,"crossing:island":null,"crossing":null,"surface":null,"oneway":null,"old_name":null,"name:etymology:wikidata":null,"name":null,"maxspeed":null,"lit":null,"lanes":null,"service":null},"geometry":{"type":"LineString","coordinates":[[37.8808682,51.3151557],[37.8805546,51.3154201]]}},
{"type":"Feature","properties":{"full_id":"w79239833","osm_id":"79239833","osm_type":"way","highway":"footway","tactile_paving":null,"handrail":null,"traffic_signals:vibration":null,"traffic_signals:sound":null,"button_operated":null,"access":null,"layer":null,"tunnel":null,"postal_code":null,"footway":null,"crossing:markings":null,"crossing:island":null,"crossing":null,"surface":null,"oneway":null,"old_name":null,"name:etymology:wikidata":null,"name":null,"maxspeed":null,"lit":null,"lanes":null,"service":null},"geometry":{"type":"LineString","coordinates":[[37.8826132,51.3089806],[37.8824338,51.3088816],[37.8822833,51.308823],[37.8821564,51.3087706],[37.8820543,51.3087275],[37.8820409,51.3086838],[37.8819203,51.308625]]}},
{"type":"Feature","properties":{"full_id":"w79239835","osm_id":"79239835","osm_type":"way","highway":"footway","tactile_paving":null,"handrail":null,"traffic_signals:vibration":null,"traffic_signals:sound":null,"button_operated":null,"access":null,"layer":null,"tunnel":null,"postal_code":null,"footway":null,"crossing:markings":null,"crossing:island":null,"crossing":null,"surface":null,"oneway":null,"old_name":null,"name:etymology:wikidata":null,"name":null,"maxspeed":null,"lit":null,"lanes":null,"service":null},"geometry":{"type":"LineString","coordinates":[[37.8778301,51.3107298],[37.877491,51.3110337]]}},
{"type":"Feature","properties":{"full_id":"w79239840","osm_id":"79239840","osm_type":"way","highway":"footway","tactile_paving":null,"handrail":null,"traffic_signals:vibration":null,"traffic_signals:sound":null,"button_operated":null,"access":null,"layer":null,"tunnel":null,"postal_code":null,"footway":null,"crossing:markings":null,"crossing:island":null,"crossing":null,"surface":null,"oneway":null,"old_name":null,"name:etymology:wikidata":null,"name":null,"maxspeed":null,"lit":null,"lanes":null,"service":null},"geometry":{"type":"LineString","coordinates":[[37.8783953,51.3088705],[37.8785312,51.3088925],[37.879533,51.3093293],[37.8798113,51.3093992]]}},
{"type":"Feature","properties":{"full_id":"w79239845","osm_id":"79239845","osm_type":"way","highway":"footway","tactile_paving":null,"handrail":null,"traffic_signals:vibration":null,"traffic_signals:sound":null,"button_operated":null,"access":null,"layer":null,"tunnel":null,"postal_code":null,"footway":null,"crossing:markings":null,"crossing:island":null,"crossing":null,"surface":null,"oneway":null,"old_name":null,"name:etymology:wikidata":null,"name":null,"maxspeed":null,"lit":null,"lanes":null,"service":null},"geometry":{"type":"LineString","coordinates":[[37.8814917,51.3087813],[37.8815638,51.3088115],[37.8817043,51.3088138]]}},
{"type":"Feature","properties":{"full_id":"w79239861","osm_id":"79239861","osm_type":"way","highway":"footway","tactile_paving":null,"handrail":null,"traffic_signals:vibration":null,"traffic_signals:sound":null,"button_operated":null,"access":null,"layer":null,"tunnel":null,"postal_code":null,"footway":null,"crossing:markings":null,"crossing:island":null,"crossing":null,"surface":null,"oneway":null,"old_name":null,"name:etymology:wikidata":null,"name":null,"maxspeed":null,"lit":null,"lanes":null,"service":null},"geometry":{"type":"LineString","coordinates":[[37.8832142,51.308286],[37.8830853,51.3082288],[37.8829738,51.3083103]]}},
{"type":"Feature","properties":{"full_id":"w79239862","osm_id":"79239862","osm_type":"way","highway":"footway","tactile_paving":null,"handrail":null,"traffic_signals:vibration":null,"traffic_signals:sound":null,"button_operated":null,"access":null,"layer":null,"tunnel":null,"postal_code":null,"footway":null,"crossing:markings":null,"crossing:island":null,"crossing":null,"surface":null,"oneway":null,"old_name":null,"name:etymology:wikidata":null,"name":null,"maxspeed":null,"lit":null,"lanes":null,"service":null},"geometry":{"type":"LineString","coordinates":[[37.8823198,51.3070033],[37.8833019,51.3073467]]}},
{"type":"Feature","properties":{"full_id":"w79239864","osm_id":"79239864","osm_type":"way","highway":"service","tactile_paving":null,"handrail":null,"traffic_signals:vibration":null,"traffic_signals:sound":null,"button_operated":null,"access":null,"layer":null,"tunnel":null,"postal_code":null,"footway":null,"crossing:markings":null,"crossing:island":null,"crossing":null,"surface":"asphalt","oneway":null,"old_name":null,"name:etymology:wikidata":null,"name":null,"maxspeed":null,"lit":null,"lanes":null,"service":null},"geometry":{"type":"LineString","coordinates":[[37.8778252,51.3111635],[37.8780834,51.3112608],[37.8783781,51.3114126],[37.8786928,51.3115705],[37.8789383,51.3116823]]}},
{"type":"Feature","properties":{"full_id":"w79239871","osm_id":"79239871","osm_type":"way","highway":"service","tactile_paving":null,"handrail":null,"traffic_signals:vibration":null,"traffic_signals:sound":null,"button_operated":null,"access":null,"layer":null,"tunnel":null,"postal_code":null,"footway":null,"crossing:markings":null,"crossing:island":null,"crossing":null,"surface":null,"oneway":null,"old_name":null,"name:etymology:wikidata":null,"name":null,"maxspeed":null,"lit":null,"lanes":null,"service":null},"geometry":{"type":"LineString","coordinates":[[37.8815379,51.30842],[37.8813509,51.3085974]]}},
{"type":"Feature","properties":{"full_id":"w79497804","osm_id":"79497804","osm_type":"way","highway":"footway","tactile_paving":null,"handrail":null,"traffic_signals:vibration":null,"traffic_signals:sound":null,"button_operated":null,"access":null,"layer":null,"tunnel":null,"postal_code":null,"footway":null,"crossing:markings":null,"crossing:island":null,"crossing":null,"surface":null,"oneway":null,"old_name":null,"name:etymology:wikidata":null,"name":null,"maxspeed":null,"lit":null,"lanes":null,"service":null},"geometry":{"type":"LineString","coordinates":[[37.9053553,51.3144064],[37.9047898,51.3149425],[37.9043903,51.315321],[37.9042791,51.3154287],[37.9034795,51.3161407],[37.9030332,51.3165679],[37.9025959,51.3169844],[37.9025719,51.3170691],[37.9025898,51.3171524],[37.9026456,51.3172627],[37.9025475,51.3173353],[37.902486,51.3173885],[37.9024163,51.317453],[37.9023801,51.3174865],[37.9014676,51.3175105]]}},
{"type":"Feature","properties":{"full_id":"w79497819","osm_id":"79497819","osm_type":"way","highway":"footway","tactile_paving":null,"handrail":null,"traffic_signals:vibration":null,"traffic_signals:sound":null,"button_operated":null,"access":null,"layer":null,"tunnel":null,"postal_code":null,"footway":null,"crossing:markings":null,"crossing:island":null,"crossing":null,"surface":null,"oneway":null,"old_name":null,"name:etymology:wikidata":null,"name":null,"maxspeed":null,"lit":null,"lanes":null,"service":null},"geometry":{"type":"LineString","coordinates":[[37.9034795,51.3161407],[37.9032763,51.3160531],[37.9030638,51.3159616],[37.9029061,51.3158933],[37.9028181,51.3158524],[37.9029292,51.3156561],[37.9028205,51.3156047],[37.9026328,51.3155276]]}},
{"type":"Feature","properties":{"full_id":"w79587250","osm_id":"79587250","osm_type":"way","highway":"footway","tactile_paving":null,"handrail":null,"traffic_signals:vibration":null,"traffic_signals:sound":null,"button_operated":null,"access":null,"layer":null,"tunnel":null,"postal_code":null,"footway":null,"crossing:markings":null,"crossing:island":null,"crossing":null,"surface":null,"oneway":null,"old_name":null,"name:etymology:wikidata":null,"name":null,"maxspeed":null,"lit":null,"lanes":null,"service":null},"geometry":{"type":"LineString","coordinates":[[37.897849,51.3069284],[37.8977747,51.3070325],[37.8974744,51.3072712]]}},
{"type":"Feature","properties":{"full_id":"w80183406","osm_id":"80183406","osm_type":"way","highway":"footway","tactile_paving":null,"handrail":null,"traffic_signals:vibration":null,"traffic_signals:sound":null,"button_operated":null,"access":null,"layer":null,"tunnel":null,"postal_code":null,"footway":null,"crossing:markings":null,"crossing:island":null,"crossing":null,"surface":null,"oneway":null,"old_name":null,"name:etymology:wikidata":null,"name":null,"maxspeed":null,"lit":null,"lanes":null,"service":null},"geometry":{"type":"LineString","coordinates":[[37.899904,51.3106127],[37.9003134,51.3106129],[37.9007366,51.3106132]]}},
{"type":"Feature","properties":{"full_id":"w80183422","osm_id":"80183422","osm_type":"way","highway":"footway","tactile_paving":null,"handrail":null,"traffic_signals:vibration":null,"traffic_signals:sound":null,"button_operated":null,"access":null,"layer":null,"tunnel":null,"postal_code":null,"footway":null,"crossing:markings":null,"crossing:island":null,"crossing":null,"surface":null,"oneway":null,"old_name":null,"name:etymology:wikidata":null,"name":null,"maxspeed":null,"lit":null,"lanes":null,"service":null},"geometry":{"type":"LineString","coordinates":[[37.902223,51.3075179],[37.9032275,51.3079514]]}},
{"type":"Feature","properties":{"full_id":"w80183459","osm_id":"80183459","osm_type":"way","highway":"steps","tactile_paving":null,"handrail":null,"traffic_signals:vibration":null,"traffic_signals:sound":null,"button_operated":null,"access":null,"layer":null,"tunnel":null,"postal_code":null,"footway":null,"crossing:markings":null,"crossing:island":null,"crossing":null,"surface":null,"oneway":null,"old_name":null,"name:etymology:wikidata":null,"name":null,"maxspeed":null,"lit":null,"lanes":null,"service":null},"geometry":{"type":"LineString","coordinates":[[37.8997106,51.3106422],[37.899904,51.3106127]]}},
{"type":"Feature","properties":{"full_id":"w80183460","osm_id":"80183460","osm_type":"way","highway":"service","tactile_paving":null,"handrail":null,"traffic_signals:vibration":null,"traffic_signals:sound":null,"button_operated":null,"access":null,"layer":null,"tunnel":null,"postal_code":null,"footway":null,"crossing:markings":null,"crossing:island":null,"crossing":null,"surface":null,"oneway":null,"old_name":null,"name:etymology:wikidata":null,"name":null,"maxspeed":null,"lit":null,"lanes":null,"service":null},"geometry":{"type":"LineString","coordinates":[[37.9016156,51.3088039],[37.9020127,51.3084381],[37.9021168,51.3083647],[37.9023372,51.308185],[37.9023975,51.3081749],[37.9024529,51.3081744],[37.9024451,51.3081326],[37.9024542,51.3081057],[37.9024653,51.3080492],[37.9024538,51.3080252],[37.902421,51.3079997],[37.9023259,51.3079567]]}},
{"type":"Feature","properties":{"full_id":"w80678548","osm_id":"80678548","osm_type":"way","highway":"footway","tactile_paving":null,"handrail":null,"traffic_signals:vibration":null,"traffic_signals:sound":null,"button_operated":null,"access":null,"layer":null,"tunnel":null,"postal_code":null,"footway":null,"crossing:markings":null,"crossing:island":null,"crossing":null,"surface":null,"oneway":null,"old_name":null,"name:etymology:wikidata":null,"name":null,"maxspeed":null,"lit":null,"lanes":null,"service":null},"geometry":{"type":"LineString","coordinates":[[37.8897525,51.3117335],[37.8893964,51.3117937],[37.8890731,51.3118484],[37.8889622,51.3120102]]}},
{"type":"Feature","properties":{"full_id":"w80915891","osm_id":"80915891","osm_type":"way","highway":"footway","tactile_paving":null,"handrail":null,"traffic_signals:vibration":null,"traffic_signals:sound":null,"button_operated":null,"access":null,"layer":null,"tunnel":null,"postal_code":null,"footway":null,"crossing:markings":null,"crossing:island":null,"crossing":null,"surface":null,"oneway":null,"old_name":null,"name:etymology:wikidata":null,"name":null,"maxspeed":null,"lit":null,"lanes":null,"service":null},"geometry":{"type":"LineString","coordinates":[[37.8887596,51.3108463],[37.8890231,51.3109459],[37.8891849,51.3110083]]}},
{"type":"Feature","properties":{"full_id":"w80915892","osm_id":"80915892","osm_type":"way","highway":"footway","tactile_paving":null,"handrail":null,"traffic_signals:vibration":null,"traffic_signals:sound":null,"button_operated":null,"access":null,"layer":null,"tunnel":null,"postal_code":null,"footway":null,"crossing:markings":null,"crossing:island":null,"crossing":null,"surface":"paving_stones","oneway":null,"old_name":null,"name:etymology:wikidata":null,"name":null,"maxspeed":null,"lit":null,"lanes":null,"service":null},"geometry":{"type":"LineString","coordinates":[[37.8887677,51.3123332],[37.8888735,51.312238],[37.888968,51.3121529],[37.8888797,51.3120927],[37.8887538,51.3120586]]}},
{"type":"Feature","properties":{"full_id":"w80915902","osm_id":"80915902","osm_type":"way","highway":"footway","tactile_paving":null,"handrail":null,"traffic_signals:vibration":null,"traffic_signals:sound":null,"button_operated":null,"access":null,"layer":null,"tunnel":null,"postal_code":null,"footway":null,"crossing:markings":null,"crossing:island":null,"crossing":null,"surface":"paving_stones","oneway":null,"old_name":null,"name:etymology:wikidata":null,"name":null,"maxspeed":null,"lit":null,"lanes":null,"service":null},"geometry":{"type":"LineString","coordinates":[[37.888773,51.3121518],[37.8887317,51.3121532],[37.8887021,51.3121655],[37.8886833,51.3121934],[37.8886902,51.3122158],[37.8887083,51.3122307],[37.888739,51.3122406],[37.8887839,51.3122385],[37.8888072,51.312229],[37.888823,51.3122147],[37.8888291,51.3121931],[37.8888214,51.3121757],[37.8888001,51.3121597],[37.888773,51.3121518]]}},
{"type":"Feature","properties":{"full_id":"w80915904","osm_id":"80915904","osm_type":"way","highway":"footway","tactile_paving":null,"handrail":null,"traffic_signals:vibration":null,"traffic_signals:sound":null,"button_operated":null,"access":null,"layer":null,"tunnel":null,"postal_code":null,"footway":null,"crossing:markings":null,"crossing:island":null,"crossing":null,"surface":"paving_stones","oneway":null,"old_name":null,"name:etymology:wikidata":null,"name":null,"maxspeed":null,"lit":null,"lanes":null,"service":null},"geometry":{"type":"LineString","coordinates":[[37.8886872,51.3123898],[37.8886643,51.3124287],[37.8885654,51.3125183]]}},
{"type":"Feature","properties":{"full_id":"w80915906","osm_id":"80915906","osm_type":"way","highway":"footway","tactile_paving":null,"handrail":null,"traffic_signals:vibration":null,"traffic_signals:sound":null,"button_operated":null,"access":null,"layer":null,"tunnel":null,"postal_code":null,"footway":null,"crossing:markings":null,"crossing:island":null,"crossing":null,"surface":"paving_stones","oneway":null,"old_name":null,"name:etymology:wikidata":null,"name":null,"maxspeed":null,"lit":null,"lanes":null,"service":null},"geometry":{"type":"LineString","coordinates":[[37.8887538,51.3120586],[37.8886553,51.3121426],[37.8885476,51.3122345],[37.888637,51.3123089],[37.8887677,51.3123332]]}},
{"type":"Feature","properties":{"full_id":"w81633109","osm_id":"81633109","osm_type":"way","highway":"service","tactile_paving":null,"handrail":null,"traffic_signals:vibration":null,"traffic_signals:sound":null,"button_operated":null,"access":null,"layer":null,"tunnel":null,"postal_code":null,"footway":null,"crossing:markings":null,"crossing:island":null,"crossing":null,"surface":null,"oneway":null,"old_name":null,"name:etymology:wikidata":null,"name":null,"maxspeed":null,"lit":null,"lanes":null,"service":null},"geometry":{"type":"LineString","coordinates":[[37.8910748,51.3152269],[37.8908619,51.3153923],[37.8907251,51.3155263]]}},
{"type":"Feature","properties":{"full_id":"w81633112","osm_id":"81633112","osm_type":"way","highway":"service","tactile_paving":null,"handrail":null,"traffic_signals:vibration":null,"traffic_signals:sound":null,"button_operated":null,"access":null,"layer":null,"tunnel":"yes","postal_code":null,"footway":null,"crossing:markings":null,"crossing:island":null,"crossing":null,"surface":null,"oneway":null,"old_name":null,"name:etymology:wikidata":null,"name":null,"maxspeed":null,"lit":null,"lanes":null,"service":null},"geometry":{"type":"LineString","coordinates":[[37.8911165,51.3151903],[37.8910748,51.3152269]]}},
{"type":"Feature","properties":{"full_id":"w81633750","osm_id":"81633750","osm_type":"way","highway":"footway","tactile_paving":null,"handrail":null,"traffic_signals:vibration":null,"traffic_signals:sound":null,"button_operated":null,"access":null,"layer":null,"tunnel":null,"postal_code":null,"footway":null,"crossing:markings":null,"crossing:island":null,"crossing":null,"surface":null,"oneway":null,"old_name":null,"name:etymology:wikidata":null,"name":null,"maxspeed":null,"lit":null,"lanes":null,"service":null},"geometry":{"type":"LineString","coordinates":[[37.8887981,51.315511],[37.8894304,51.3155905],[37.8897873,51.3156795],[37.8905433,51.3159938]]}},
{"type":"Feature","properties":{"full_id":"w82160755","osm_id":"82160755","osm_type":"way","highway":"footway","tactile_paving":null,"handrail":null,"traffic_signals:vibration":null,"traffic_signals:sound":null,"button_operated":null,"access":null,"layer":null,"tunnel":null,"postal_code":null,"footway":null,"crossing:markings":null,"crossing:island":null,"crossing":null,"surface":null,"oneway":null,"old_name":null,"name:etymology:wikidata":null,"name":null,"maxspeed":null,"lit":null,"lanes":null,"service":null},"geometry":{"type":"LineString","coordinates":[[37.8923247,51.313469],[37.8916564,51.3135316]]}},
{"type":"Feature","properties":{"full_id":"w82160756","osm_id":"82160756","osm_type":"way","highway":"footway","tactile_paving":null,"handrail":null,"traffic_signals:vibration":null,"traffic_signals:sound":null,"button_operated":null,"access":null,"layer":null,"tunnel":null,"postal_code":null,"footway":null,"crossing:markings":null,"crossing:island":null,"crossing":null,"surface":null,"oneway":null,"old_name":null,"name:etymology:wikidata":null,"name":null,"maxspeed":null,"lit":null,"lanes":null,"service":null},"geometry":{"type":"LineString","coordinates":[[37.8919138,51.3138506],[37.8915555,51.3136255]]}},
{"type":"Feature","properties":{"full_id":"w82165696","osm_id":"82165696","osm_type":"way","highway":"footway","tactile_paving":null,"handrail":null,"traffic_signals:vibration":null,"traffic_signals:sound":null,"button_operated":null,"access":null,"layer":null,"tunnel":null,"postal_code":null,"footway":null,"crossing:markings":null,"crossing:island":null,"crossing":null,"surface":null,"oneway":null,"old_name":null,"name:etymology:wikidata":null,"name":null,"maxspeed":null,"lit":null,"lanes":null,"service":null},"geometry":{"type":"LineString","coordinates":[[37.9012222,51.3157675],[37.9014514,51.3155542],[37.902029,51.3150164]]}},
{"type":"Feature","properties":{"full_id":"w82165699","osm_id":"82165699","osm_type":"way","highway":"footway","tactile_paving":null,"handrail":null,"traffic_signals:vibration":null,"traffic_signals:sound":null,"button_operated":null,"access":null,"layer":null,"tunnel":null,"postal_code":null,"footway":null,"crossing:markings":null,"crossing:island":null,"crossing":null,"surface":null,"oneway":null,"old_name":null,"name:etymology:wikidata":null,"name":null,"maxspeed":null,"lit":null,"lanes":null,"service":null},"geometry":{"type":"LineString","coordinates":[[37.8991867,51.3138687],[37.8992375,51.3138205],[37.8998674,51.3132232],[37.8999509,51.313144]]}},
{"type":"Feature","properties":{"full_id":"w83176626","osm_id":"83176626","osm_type":"way","highway":"service","tactile_paving":null,"handrail":null,"traffic_signals:vibration":null,"traffic_signals:sound":null,"button_operated":null,"access":null,"layer":null,"tunnel":null,"postal_code":null,"footway":null,"crossing:markings":null,"crossing:island":null,"crossing":null,"surface":null,"oneway":null,"old_name":null,"name:etymology:wikidata":null,"name":null,"maxspeed":null,"lit":null,"lanes":null,"service":null},"geometry":{"type":"LineString","coordinates":[[37.9042954,51.3130035],[37.904393,51.3129096]]}},
{"type":"Feature","properties":{"full_id":"w83176635","osm_id":"83176635","osm_type":"way","highway":"service","tactile_paving":null,"handrail":null,"traffic_signals:vibration":null,"traffic_signals:sound":null,"button_operated":null,"access":null,"layer":null,"tunnel":"yes","postal_code":null,"footway":null,"crossing:markings":null,"crossing:island":null,"crossing":null,"surface":null,"oneway":null,"old_name":null,"name:etymology:wikidata":null,"name":null,"maxspeed":null,"lit":null,"lanes":null,"service":null},"geometry":{"type":"LineString","coordinates":[[37.9041878,51.3130974],[37.9042954,51.3130035]]}},
{"type":"Feature","properties":{"full_id":"w84622251","osm_id":"84622251","osm_type":"way","highway":"secondary","tactile_paving":null,"handrail":null,"traffic_signals:vibration":null,"traffic_signals:sound":null,"button_operated":null,"access":null,"layer":null,"tunnel":null,"postal_code":"309511","footway":null,"crossing:markings":null,"crossing:island":null,"crossing":null,"surface":"asphalt","oneway":"yes","old_name":null,"name:etymology:wikidata":null,"name":"улица Шухова","maxspeed":"RU:urban","lit":null,"lanes":null,"service":null},"geometry":{"type":"LineString","coordinates":[[37.8796972,51.3111349],[37.8793943,51.3114206],[37.8790536,51.3117334],[37.8785634,51.3121747],[37.8783315,51.3123837],[37.8777494,51.3129164],[37.8771753,51.3134511]]}},
{"type":"Feature","properties":{"full_id":"w98374507","osm_id":"98374507","osm_type":"way","highway":"service","tactile_paving":null,"handrail":null,"traffic_signals:vibration":null,"traffic_signals:sound":null,"button_operated":null,"access":null,"layer":null,"tunnel":null,"postal_code":null,"footway":null,"crossing:markings":null,"crossing:island":null,"crossing":null,"surface":null,"oneway":null,"old_name":null,"name:etymology:wikidata":null,"name":null,"maxspeed":null,"lit":null,"lanes":null,"service":null},"geometry":{"type":"LineString","coordinates":[[37.8939771,51.3063321],[37.8946452,51.3066263],[37.8947412,51.3066599],[37.8948498,51.3066113],[37.8949245,51.3065587],[37.8951286,51.3064151],[37.8951596,51.3063523],[37.8951446,51.3063028],[37.8945342,51.3060511],[37.894375,51.3060555],[37.8942063,51.3060836],[37.8939771,51.3063321],[37.893675,51.3065962],[37.8932626,51.3069296],[37.8932726,51.3070096],[37.8932753,51.3070825],[37.8933302,51.3075033],[37.8933327,51.3075227],[37.8934993,51.3075981],[37.8928152,51.3081936],[37.8926491,51.3083757],[37.8925387,51.3084944]]}},
{"type":"Feature","properties":{"full_id":"w111644355","osm_id":"111644355","osm_type":"way","highway":"footway","tactile_paving":null,"handrail":null,"traffic_signals:vibration":null,"traffic_signals:sound":null,"button_operated":null,"access":null,"layer":null,"tunnel":null,"postal_code":null,"footway":null,"crossing:markings":null,"crossing:island":null,"crossing":null,"surface":null,"oneway":null,"old_name":null,"name:etymology:wikidata":null,"name":null,"maxspeed":null,"lit":null,"lanes":null,"service":null},"geometry":{"type":"LineString","coordinates":[[37.8928411,51.3099345],[37.8923836,51.3097986],[37.8922978,51.3098405],[37.8921824,51.309864],[37.8916656,51.3098602]]}},
{"type":"Feature","properties":{"full_id":"w111644356","osm_id":"111644356","osm_type":"way","highway":"footway","tactile_paving":null,"handrail":null,"traffic_signals:vibration":null,"traffic_signals:sound":null,"button_operated":null,"access":null,"layer":null,"tunnel":null,"postal_code":null,"footway":null,"crossing:markings":null,"crossing:island":null,"crossing":null,"surface":null,"oneway":null,"old_name":null,"name:etymology:wikidata":null,"name":null,"maxspeed":null,"lit":null,"lanes":null,"service":null},"geometry":{"type":"LineString","coordinates":[[37.8923059,51.3126321],[37.8923714,51.3126038],[37.8926852,51.3123162],[37.8928006,51.3122148],[37.8929936,51.312032],[37.8930552,51.3119737],[37.893168,51.3118524],[37.8940711,51.3111216]]}},
{"type":"Feature","properties":{"full_id":"w111812223","osm_id":"111812223","osm_type":"way","highway":"service","tactile_paving":null,"handrail":null,"traffic_signals:vibration":null,"traffic_signals:sound":null,"button_operated":null,"access":null,"layer":null,"tunnel":null,"postal_code":null,"footway":null,"crossing:markings":null,"crossing:island":null,"crossing":null,"surface":null,"oneway":null,"old_name":null,"name:etymology:wikidata":null,"name":null,"maxspeed":null,"lit":null,"lanes":null,"service":null},"geometry":{"type":"LineString","coordinates":[[37.8919787,51.3097519],[37.8924605,51.3093192],[37.892535,51.3093117],[37.8931063,51.3095631],[37.8934443,51.3097074]]}},
{"type":"Feature","properties":{"full_id":"w114639664","osm_id":"114639664","osm_type":"way","highway":"service","tactile_paving":null,"handrail":null,"traffic_signals:vibration":null,"traffic_signals:sound":null,"button_operated":null,"access":null,"layer":null,"tunnel":"building_passage","postal_code":null,"footway":null,"crossing:markings":null,"crossing:island":null,"crossing":null,"surface":null,"oneway":null,"old_name":null,"name:etymology:wikidata":null,"name":null,"maxspeed":null,"lit":null,"lanes":null,"service":null},"geometry":{"type":"LineString","coordinates":[[37.8784144,51.313204],[37.8786015,51.3132901]]}},
{"type":"Feature","properties":{"full_id":"w114639665","osm_id":"114639665","osm_type":"way","highway":"service","tactile_paving":null,"handrail":null,"traffic_signals:vibration":null,"traffic_signals:sound":null,"button_operated":null,"access":null,"layer":null,"tunnel":null,"postal_code":null,"footway":null,"crossing:markings":null,"crossing:island":null,"crossing":null,"surface":null,"oneway":null,"old_name":null,"name:etymology:wikidata":null,"name":null,"maxspeed":null,"lit":null,"lanes":null,"service":null},"geometry":{"type":"LineString","coordinates":[[37.8786015,51.3132901],[37.879011,51.3134509]]}},
{"type":"Feature","properties":{"full_id":"w115939071","osm_id":"115939071","osm_type":"way","highway":"service","tactile_paving":null,"handrail":null,"traffic_signals:vibration":null,"traffic_signals:sound":null,"button_operated":null,"access":null,"layer":null,"tunnel":"building_passage","postal_code":null,"footway":null,"crossing:markings":null,"crossing:island":null,"crossing":null,"surface":null,"oneway":null,"old_name":null,"name:etymology:wikidata":null,"name":null,"maxspeed":null,"lit":null,"lanes":null,"service":null},"geometry":{"type":"LineString","coordinates":[[37.9009771,51.3090311],[37.9008975,51.3089982]]}},
{"type":"Feature","properties":{"full_id":"w115939074","osm_id":"115939074","osm_type":"way","highway":"service","tactile_paving":null,"handrail":null,"traffic_signals:vibration":null,"traffic_signals:sound":null,"button_operated":null,"access":null,"layer":null,"tunnel":"building_passage","postal_code":null,"footway":null,"crossing:markings":null,"crossing:island":null,"crossing":null,"surface":null,"oneway":null,"old_name":null,"name:etymology:wikidata":null,"name":null,"maxspeed":null,"lit":null,"lanes":null,"service":null},"geometry":{"type":"LineString","coordinates":[[37.8962279,51.3131164],[37.8963816,51.3131798]]}},
{"type":"Feature","properties":{"full_id":"w115939084","osm_id":"115939084","osm_type":"way","highway":"service","tactile_paving":null,"handrail":null,"traffic_signals:vibration":null,"traffic_signals:sound":null,"button_operated":null,"access":null,"layer":null,"tunnel":null,"postal_code":null,"footway":null,"crossing:markings":null,"crossing:island":null,"crossing":null,"surface":null,"oneway":null,"old_name":null,"name:etymology:wikidata":null,"name":null,"maxspeed":null,"lit":null,"lanes":null,"service":null},"geometry":{"type":"LineString","coordinates":[[37.9008975,51.3089982],[37.9007975,51.3089541],[37.900714,51.308949],[37.9006211,51.3089544],[37.9005629,51.3089462],[37.900414,51.3088808],[37.9003211,51.3088417]]}},
{"type":"Feature","properties":{"full_id":"w115939085","osm_id":"115939085","osm_type":"way","highway":"service","tactile_paving":null,"handrail":null,"traffic_signals:vibration":null,"traffic_signals:sound":null,"button_operated":null,"access":null,"layer":null,"tunnel":null,"postal_code":null,"footway":null,"crossing:markings":null,"crossing:island":null,"crossing":null,"surface":null,"oneway":null,"old_name":null,"name:etymology:wikidata":null,"name":null,"maxspeed":null,"lit":null,"lanes":null,"service":null},"geometry":{"type":"LineString","coordinates":[[37.8963427,51.3146625],[37.8963988,51.3148025],[37.8964712,51.3148009]]}},
{"type":"Feature","properties":{"full_id":"w115939086","osm_id":"115939086","osm_type":"way","highway":"service","tactile_paving":null,"handrail":null,"traffic_signals:vibration":null,"traffic_signals:sound":null,"button_operated":null,"access":null,"layer":null,"tunnel":null,"postal_code":null,"footway":null,"crossing:markings":null,"crossing:island":null,"crossing":null,"surface":"asphalt","oneway":null,"old_name":null,"name:etymology:wikidata":null,"name":null,"maxspeed":null,"lit":null,"lanes":null,"service":null},"geometry":{"type":"LineString","coordinates":[[37.8876682,51.3160462],[37.8880249,51.3157237],[37.8881025,51.3156703],[37.88843,51.3153759],[37.8884416,51.3153623],[37.8885783,51.3152267]]}},
{"type":"Feature","properties":{"full_id":"w115939087","osm_id":"115939087","osm_type":"way","highway":"service","tactile_paving":null,"handrail":null,"traffic_signals:vibration":null,"traffic_signals:sound":null,"button_operated":null,"access":null,"layer":null,"tunnel":null,"postal_code":null,"footway":null,"crossing:markings":null,"crossing:island":null,"crossing":null,"surface":null,"oneway":null,"old_name":null,"name:etymology:wikidata":null,"name":null,"maxspeed":null,"lit":null,"lanes":null,"service":null},"geometry":{"type":"LineString","coordinates":[[37.8963816,51.3131798],[37.8964688,51.3132158],[37.8965624,51.3132744],[37.8970948,51.3135141],[37.8972745,51.3135437],[37.8974725,51.3135212],[37.8977385,51.3134773],[37.8978324,51.3134806],[37.8979037,51.3134989],[37.8987919,51.3139097],[37.8989696,51.3138603],[37.8990769,51.3138536],[37.8991867,51.3138687],[37.8992513,51.3138888]]}},
{"type":"Feature","properties":{"full_id":"w118684141","osm_id":"118684141","osm_type":"way","highway":"service","tactile_paving":null,"handrail":null,"traffic_signals:vibration":null,"traffic_signals:sound":null,"button_operated":null,"access":null,"layer":null,"tunnel":null,"postal_code":null,"footway":null,"crossing:markings":null,"crossing:island":null,"crossing":null,"surface":null,"oneway":null,"old_name":null,"name:etymology:wikidata":null,"name":null,"maxspeed":null,"lit":null,"lanes":null,"service":null},"geometry":{"type":"LineString","coordinates":[[37.8789549,51.3123558],[37.8788768,51.3123778],[37.8787464,51.3124175],[37.8786457,51.3124472],[37.878591,51.3124851]]}},
{"type":"Feature","properties":{"full_id":"w118791072","osm_id":"118791072","osm_type":"way","highway":"service","tactile_paving":null,"handrail":null,"traffic_signals:vibration":null,"traffic_signals:sound":null,"button_operated":null,"access":null,"layer":null,"tunnel":null,"postal_code":null,"footway":null,"crossing:markings":null,"crossing:island":null,"crossing":null,"surface":null,"oneway":null,"old_name":null,"name:etymology:wikidata":null,"name":null,"maxspeed":null,"lit":null,"lanes":null,"service":null},"geometry":{"type":"LineString","coordinates":[[37.8799929,51.3132352],[37.8806274,51.3135125],[37.8807143,51.3135726],[37.8801473,51.314121],[37.8793497,51.3138011]]}},
{"type":"Feature","properties":{"full_id":"w127297590","osm_id":"127297590","osm_type":"way","highway":"secondary","tactile_paving":null,"handrail":null,"traffic_signals:vibration":null,"traffic_signals:sound":null,"button_operated":null,"access":null,"layer":null,"tunnel":null,"postal_code":null,"footway":null,"crossing:markings":null,"crossing:island":null,"crossing":null,"surface":"asphalt","oneway":"yes","old_name":"улица XXV Партсъезда","name:etymology:wikidata":"Q270706","name":"проспект Победы","maxspeed":"RU:urban","lit":"yes","lanes":null,"service":null},"geometry":{"type":"LineString","coordinates":[[37.8975042,51.3106306],[37.8976881,51.3107149]]}},
{"type":"Feature","properties":{"full_id":"w127297592","osm_id":"127297592","osm_type":"way","highway":"secondary","tactile_paving":null,"handrail":null,"traffic_signals:vibration":null,"traffic_signals:sound":null,"button_operated":null,"access":null,"layer":null,"tunnel":null,"postal_code":null,"footway":null,"crossing:markings":null,"crossing:island":null,"crossing":null,"surface":"asphalt","oneway":"yes","old_name":"улица XXV Партсъезда","name:etymology:wikidata":"Q270706","name":"проспект Победы","maxspeed":"RU:urban","lit":null,"lanes":null,"service":null},"geometry":{"type":"LineString","coordinates":[[37.8976881,51.3107149],[37.8978852,51.310793],[37.8979317,51.3108177],[37.898069,51.310876]]}},
{"type":"Feature","properties":{"full_id":"w154991450","osm_id":"154991450","osm_type":"way","highway":"service","tactile_paving":null,"handrail":null,"traffic_signals:vibration":null,"traffic_signals:sound":null,"button_operated":null,"access":null,"layer":null,"tunnel":null,"postal_code":null,"footway":null,"crossing:markings":null,"crossing:island":null,"crossing":null,"surface":null,"oneway":null,"old_name":null,"name:etymology:wikidata":null,"name":null,"maxspeed":null,"lit":null,"lanes":null,"service":"parking_aisle"},"geometry":{"type":"LineString","coordinates":[[37.8976538,51.3156257],[37.89784,51.3153778],[37.8980224,51.3151044],[37.898157,51.3149903],[37.898212,51.3149367],[37.8982749,51.314855]]}},
{"type":"Feature","properties":{"full_id":"w154991536","osm_id":"154991536","osm_type":"way","highway":"service","tactile_paving":null,"handrail":null,"traffic_signals:vibration":null,"traffic_signals:sound":null,"button_operated":null,"access":null,"layer":null,"tunnel":null,"postal_code":null,"footway":null,"crossing:markings":null,"crossing:island":null,"crossing":null,"surface":null,"oneway":null,"old_name":null,"name:etymology:wikidata":null,"name":null,"maxspeed":null,"lit":null,"lanes":null,"service":"parking_aisle"},"geometry":{"type":"LineString","coordinates":[[37.8978786,51.3144968],[37.8980144,51.3145546],[37.8981722,51.3144052],[37.898173,51.3143016],[37.8981578,51.3142147],[37.8975751,51.3139492],[37.8972068,51.3142533],[37.8972416,51.3144561],[37.8969408,51.3147386],[37.8965711,51.3147928],[37.8965932,51.3148829],[37.8966777,51.3150862],[37.8972715,51.3153643]]}},
{"type":"Feature","properties":{"full_id":"w166438972","osm_id":"166438972","osm_type":"way","highway":"service","tactile_paving":null,"handrail":null,"traffic_signals:vibration":null,"traffic_signals:sound":null,"button_operated":null,"access":null,"layer":null,"tunnel":null,"postal_code":null,"footway":null,"crossing:markings":null,"crossing:island":null,"crossing":null,"surface":null,"oneway":null,"old_name":null,"name:etymology:wikidata":null,"name":null,"maxspeed":null,"lit":null,"lanes":null,"service":null},"geometry":{"type":"LineString","coordinates":[[37.8909548,51.3117205],[37.8904671,51.311508],[37.8903275,51.3114441]]}},
{"type":"Feature","properties":{"full_id":"w166444636","osm_id":"166444636","osm_type":"way","highway":"footway","tactile_paving":null,"handrail":null,"traffic_signals:vibration":null,"traffic_signals:sound":null,"button_operated":null,"access":null,"layer":null,"tunnel":null,"postal_code":null,"footway":null,"crossing:markings":null,"crossing:island":null,"crossing":null,"surface":null,"oneway":null,"old_name":null,"name:etymology:wikidata":null,"name":null,"maxspeed":null,"lit":null,"lanes":null,"service":null},"geometry":{"type":"LineString","coordinates":[[37.8923201,51.3103073],[37.8925434,51.3104136],[37.8924229,51.3115439],[37.892412,51.3117789],[37.8923997,51.3120457],[37.8923863,51.3123339],[37.8923835,51.3123936]]}},
{"type":"Feature","properties":{"full_id":"w166444640","osm_id":"166444640","osm_type":"way","highway":"footway","tactile_paving":null,"handrail":null,"traffic_signals:vibration":null,"traffic_signals:sound":null,"button_operated":null,"access":null,"layer":null,"tunnel":null,"postal_code":null,"footway":null,"crossing:markings":null,"crossing:island":null,"crossing":null,"surface":null,"oneway":null,"old_name":null,"name:etymology:wikidata":null,"name":null,"maxspeed":null,"lit":null,"lanes":null,"service":null},"geometry":{"type":"LineString","coordinates":[[37.8894553,51.311999],[37.8894183,51.3119533],[37.8893964,51.3117937],[37.8893808,51.3116791],[37.8894455,51.3115902],[37.8895988,51.3114658],[37.8897514,51.3113532],[37.8904818,51.3108023],[37.8906246,51.3107182]]}},
{"type":"Feature","properties":{"full_id":"w171941333","osm_id":"171941333","osm_type":"way","highway":"steps","tactile_paving":null,"handrail":null,"traffic_signals:vibration":null,"traffic_signals:sound":null,"button_operated":null,"access":null,"layer":null,"tunnel":null,"postal_code":null,"footway":null,"crossing:markings":null,"crossing:island":null,"crossing":null,"surface":"paving_stones","oneway":null,"old_name":null,"name:etymology:wikidata":null,"name":null,"maxspeed":null,"lit":null,"lanes":null,"service":null},"geometry":{"type":"LineString","coordinates":[[37.8907769,51.3157813],[37.8908879,51.3156795]]}},
{"type":"Feature","properties":{"full_id":"w171941334","osm_id":"171941334","osm_type":"way","highway":"footway","tactile_paving":null,"handrail":null,"traffic_signals:vibration":null,"traffic_signals:sound":null,"button_operated":null,"access":null,"layer":null,"tunnel":null,"postal_code":null,"footway":null,"crossing:markings":null,"crossing:island":null,"crossing":null,"surface":"asphalt","oneway":null,"old_name":null,"name:etymology:wikidata":null,"name":null,"maxspeed":null,"lit":null,"lanes":null,"service":null},"geometry":{"type":"LineString","coordinates":[[37.8908879,51.3156795],[37.890927,51.315645],[37.8909725,51.3156],[37.8910028,51.3155679],[37.8910096,51.315558],[37.8910831,51.3154519]]}},
{"type":"Feature","properties":{"full_id":"w288522994","osm_id":"288522994","osm_type":"way","highway":"service","tactile_paving":null,"handrail":null,"traffic_signals:vibration":null,"traffic_signals:sound":null,"button_operated":null,"access":null,"layer":null,"tunnel":null,"postal_code":null,"footway":null,"crossing:markings":null,"crossing:island":null,"crossing":null,"surface":null,"oneway":null,"old_name":null,"name:etymology:wikidata":null,"name":null,"maxspeed":null,"lit":null,"lanes":null,"service":"parking_aisle"},"geometry":{"type":"LineString","coordinates":[[37.8844469,51.3095816],[37.8846049,51.3096425],[37.8853892,51.3099808],[37.8856458,51.3097488],[37.8860527,51.3099293],[37.8864743,51.3100918],[37.8869864,51.3100315],[37.887442,51.3099948],[37.8875156,51.3099008],[37.8873638,51.3097104],[37.8870711,51.3094197],[37.8866069,51.3092235]]}},
{"type":"Feature","properties":{"full_id":"w288522995","osm_id":"288522995","osm_type":"way","highway":"service","tactile_paving":null,"handrail":null,"traffic_signals:vibration":null,"traffic_signals:sound":null,"button_operated":null,"access":null,"layer":null,"tunnel":null,"postal_code":null,"footway":null,"crossing:markings":null,"crossing:island":null,"crossing":null,"surface":null,"oneway":null,"old_name":null,"name:etymology:wikidata":null,"name":null,"maxspeed":null,"lit":null,"lanes":null,"service":null},"geometry":{"type":"LineString","coordinates":[[37.884264,51.309621],[37.8843468,51.3095855],[37.8844469,51.3095816]]}},
{"type":"Feature","properties":{"full_id":"w293075202","osm_id":"293075202","osm_type":"way","highway":"service","tactile_paving":null,"handrail":null,"traffic_signals:vibration":null,"traffic_signals:sound":null,"button_operated":null,"access":null,"layer":null,"tunnel":null,"postal_code":null,"footway":null,"crossing:markings":null,"crossing:island":null,"crossing":null,"surface":null,"oneway":null,"old_name":null,"name:etymology:wikidata":null,"name":null,"maxspeed":null,"lit":null,"lanes":null,"service":null},"geometry":{"type":"LineString","coordinates":[[37.8957876,51.3117679],[37.8959744,51.3116269],[37.8963949,51.3112163],[37.8965127,51.3111091],[37.8966892,51.3110216],[37.8968083,51.3109139]]}},
{"type":"Feature","properties":{"full_id":"w295049632","osm_id":"295049632","osm_type":"way","highway":"service","tactile_paving":null,"handrail":null,"traffic_signals:vibration":null,"traffic_signals:sound":null,"button_operated":null,"access":null,"layer":null,"tunnel":null,"postal_code":null,"footway":null,"crossing:markings":null,"crossing:island":null,"crossing":null,"surface":null,"oneway":null,"old_name":null,"name:etymology:wikidata":null,"name":null,"maxspeed":null,"lit":null,"lanes":null,"service":null},"geometry":{"type":"LineString","coordinates":[[37.8831074,51.3137322],[37.8832065,51.3136466],[37.8833066,51.3135488],[37.8836006,51.3132613],[37.8836861,51.3131785],[37.8837373,51.3131289]]}},
{"type":"Feature","properties":{"full_id":"w313834646","osm_id":"313834646","osm_type":"way","highway":"residential","tactile_paving":null,"handrail":null,"traffic_signals:vibration":null,"traffic_signals:sound":null,"button_operated":null,"access":null,"layer":null,"tunnel":null,"postal_code":null,"footway":null,"crossing:markings":null,"crossing:island":null,"crossing":null,"surface":null,"oneway":"yes","old_name":null,"name:etymology:wikidata":null,"name":"Молодежный проспект (Студенческий дублёр)","maxspeed":null,"lit":null,"lanes":null,"service":null},"geometry":{"type":"LineString","coordinates":[[37.8885783,51.3152267],[37.8869007,51.3145069],[37.886801,51.3144299],[37.8852508,51.3138007],[37.8851683,51.3137648],[37.8837373,51.3131289],[37.8831207,51.3128741],[37.8825684,51.3126294],[37.8820557,51.3124002],[37.8816398,51.3122317],[37.8813825,51.3121205],[37.8808411,51.3116395]]}},
{"type":"Feature","properties":{"full_id":"w321442611","osm_id":"321442611","osm_type":"way","highway":"footway","tactile_paving":null,"handrail":null,"traffic_signals:vibration":null,"traffic_signals:sound":null,"button_operated":null,"access":null,"layer":null,"tunnel":null,"postal_code":null,"footway":null,"crossing:markings":null,"crossing:island":null,"crossing":null,"surface":null,"oneway":null,"old_name":null,"name:etymology:wikidata":null,"name":null,"maxspeed":null,"lit":null,"lanes":null,"service":null},"geometry":{"type":"LineString","coordinates":[[37.8860527,51.3099293],[37.8857362,51.3102128],[37.8856683,51.3102689],[37.885624,51.3103014]]}},
{"type":"Feature","properties":{"full_id":"w321442612","osm_id":"321442612","osm_type":"way","highway":"service","tactile_paving":null,"handrail":null,"traffic_signals:vibration":null,"traffic_signals:sound":null,"button_operated":null,"access":null,"layer":null,"tunnel":null,"postal_code":null,"footway":null,"crossing:markings":null,"crossing:island":null,"crossing":null,"surface":null,"oneway":null,"old_name":null,"name:etymology:wikidata":null,"name":null,"maxspeed":null,"lit":null,"lanes":null,"service":"parking_aisle"},"geometry":{"type":"LineString","coordinates":[[37.8846049,51.3096425],[37.8852786,51.309025],[37.8860763,51.3093754],[37.8862964,51.3095141]]}},
{"type":"Feature","properties":{"full_id":"w333256904","osm_id":"333256904","osm_type":"way","highway":"service","tactile_paving":null,"handrail":null,"traffic_signals:vibration":null,"traffic_signals:sound":null,"button_operated":null,"access":null,"layer":null,"tunnel":null,"postal_code":null,"footway":null,"crossing:markings":null,"crossing:island":null,"crossing":null,"surface":null,"oneway":null,"old_name":null,"name:etymology:wikidata":null,"name":null,"maxspeed":null,"lit":null,"lanes":null,"service":null},"geometry":{"type":"LineString","coordinates":[[37.8913295,51.315006],[37.8911165,51.3151903]]}},
{"type":"Feature","properties":{"full_id":"w333256907","osm_id":"333256907","osm_type":"way","highway":"path","tactile_paving":null,"handrail":null,"traffic_signals:vibration":null,"traffic_signals:sound":null,"button_operated":null,"access":null,"layer":null,"tunnel":null,"postal_code":null,"footway":null,"crossing:markings":null,"crossing:island":null,"crossing":null,"surface":null,"oneway":null,"old_name":null,"name:etymology:wikidata":null,"name":null,"maxspeed":null,"lit":null,"lanes":null,"service":null},"geometry":{"type":"LineString","coordinates":[[37.8910306,51.3148869],[37.8913295,51.315006]]}},
{"type":"Feature","properties":{"full_id":"w334324868","osm_id":"334324868","osm_type":"way","highway":"service","tactile_paving":null,"handrail":null,"traffic_signals:vibration":null,"traffic_signals:sound":null,"button_operated":null,"access":null,"layer":null,"tunnel":null,"postal_code":null,"footway":null,"crossing:markings":null,"crossing:island":null,"crossing":null,"surface":null,"oneway":null,"old_name":null,"name:etymology:wikidata":null,"name":null,"maxspeed":null,"lit":null,"lanes":null,"service":"parking_aisle"},"geometry":{"type":"LineString","coordinates":[[37.8802065,51.306823],[37.8802003,51.30694],[37.8791025,51.3069433],[37.8790175,51.3069599],[37.8780686,51.3069375],[37.8778687,51.3071378],[37.8777078,51.3071395]]}},
{"type":"Feature","properties":{"full_id":"w334325459","osm_id":"334325459","osm_type":"way","highway":"service","tactile_paving":null,"handrail":null,"traffic_signals:vibration":null,"traffic_signals:sound":null,"button_operated":null,"access":null,"layer":null,"tunnel":null,"postal_code":null,"footway":null,"crossing:markings":null,"crossing:island":null,"crossing":null,"surface":null,"oneway":null,"old_name":null,"name:etymology:wikidata":null,"name":null,"maxspeed":null,"lit":null,"lanes":null,"service":null},"geometry":{"type":"LineString","coordinates":[[37.8810102,51.3147133],[37.8807585,51.3148662]]}},
{"type":"Feature","properties":{"full_id":"w334449850","osm_id":"334449850","osm_type":"way","highway":"service","tactile_paving":null,"handrail":null,"traffic_signals:vibration":null,"traffic_signals:sound":null,"button_operated":null,"access":null,"layer":null,"tunnel":null,"postal_code":null,"footway":null,"crossing:markings":null,"crossing:island":null,"crossing":null,"surface":null,"oneway":null,"old_name":null,"name:etymology:wikidata":null,"name":null,"maxspeed":null,"lit":null,"lanes":null,"service":null},"geometry":{"type":"LineString","coordinates":[[37.8815555,51.314064],[37.8814761,51.3140317],[37.8812823,51.3139528]]}},
{"type":"Feature","properties":{"full_id":"w334449902","osm_id":"334449902","osm_type":"way","highway":"service","tactile_paving":null,"handrail":null,"traffic_signals:vibration":null,"traffic_signals:sound":null,"button_operated":null,"access":null,"layer":null,"tunnel":null,"postal_code":null,"footway":null,"crossing:markings":null,"crossing:island":null,"crossing":null,"surface":null,"oneway":null,"old_name":null,"name:etymology:wikidata":null,"name":null,"maxspeed":null,"lit":null,"lanes":null,"service":null},"geometry":{"type":"LineString","coordinates":[[37.8814836,51.3148582],[37.8812917,51.315025],[37.8812261,51.3150818],[37.8816156,51.3152522]]}},
{"type":"Feature","properties":{"full_id":"w334449903","osm_id":"334449903","osm_type":"way","highway":"footway","tactile_paving":null,"handrail":null,"traffic_signals:vibration":null,"traffic_signals:sound":null,"button_operated":null,"access":null,"layer":null,"tunnel":null,"postal_code":null,"footway":null,"crossing:markings":null,"crossing:island":null,"crossing":null,"surface":null,"oneway":null,"old_name":null,"name:etymology:wikidata":null,"name":null,"maxspeed":null,"lit":null,"lanes":null,"service":null},"geometry":{"type":"LineString","coordinates":[[37.8814836,51.3148582],[37.8809452,51.3146443],[37.8810172,51.3145701],[37.8805806,51.3143952],[37.880765,51.3142163],[37.8813345,51.3141594],[37.88135,51.3141577]]}},
{"type":"Feature","properties":{"full_id":"w334449949","osm_id":"334449949","osm_type":"way","highway":"service","tactile_paving":null,"handrail":null,"traffic_signals:vibration":null,"traffic_signals:sound":null,"button_operated":null,"access":null,"layer":null,"tunnel":null,"postal_code":null,"footway":null,"crossing:markings":null,"crossing:island":null,"crossing":null,"surface":null,"oneway":null,"old_name":null,"name:etymology:wikidata":null,"name":null,"maxspeed":null,"lit":null,"lanes":null,"service":null},"geometry":{"type":"LineString","coordinates":[[37.8807001,51.3156099],[37.8807279,51.3155268],[37.8806706,51.3154793],[37.8805546,51.3154201],[37.8803439,51.3153294],[37.8803256,51.3152703],[37.8804925,51.3151015],[37.8807585,51.3148662]]}},
{"type":"Feature","properties":{"full_id":"w334449950","osm_id":"334449950","osm_type":"way","highway":"footway","tactile_paving":null,"handrail":null,"traffic_signals:vibration":null,"traffic_signals:sound":null,"button_operated":null,"access":null,"layer":null,"tunnel":null,"postal_code":null,"footway":null,"crossing:markings":null,"crossing:island":null,"crossing":null,"surface":null,"oneway":null,"old_name":null,"name:etymology:wikidata":null,"name":null,"maxspeed":null,"lit":null,"lanes":null,"service":null},"geometry":{"type":"LineString","coordinates":[[37.8816156,51.3152522],[37.8808682,51.3151557],[37.8804925,51.3151015],[37.8804121,51.3151149],[37.8801281,51.315272],[37.8796488,51.3152354],[37.8792543,51.3152052],[37.87919,51.3152339]]}},
{"type":"Feature","properties":{"full_id":"w334449951","osm_id":"334449951","osm_type":"way","highway":"footway","tactile_paving":null,"handrail":null,"traffic_signals:vibration":null,"traffic_signals:sound":null,"button_operated":null,"access":null,"layer":null,"tunnel":null,"postal_code":null,"footway":null,"crossing:markings":null,"crossing:island":null,"crossing":null,"surface":null,"oneway":null,"old_name":null,"name:etymology:wikidata":null,"name":null,"maxspeed":null,"lit":null,"lanes":null,"service":null},"geometry":{"type":"LineString","coordinates":[[37.8816156,51.3152522],[37.8815264,51.3153338],[37.8812107,51.3156225],[37.8810385,51.3157799]]}},
{"type":"Feature","properties":{"full_id":"w335710943","osm_id":"335710943","osm_type":"way","highway":"service","tactile_paving":null,"handrail":null,"traffic_signals:vibration":null,"traffic_signals:sound":null,"button_operated":null,"access":null,"layer":null,"tunnel":null,"postal_code":null,"footway":null,"crossing:markings":null,"crossing:island":null,"crossing":null,"surface":null,"oneway":null,"old_name":null,"name:etymology:wikidata":null,"name":null,"maxspeed":null,"lit":null,"lanes":null,"service":null},"geometry":{"type":"LineString","coordinates":[[37.8814904,51.3137263],[37.8812823,51.3139528],[37.8812391,51.3139998],[37.8811153,51.3140503],[37.8809524,51.3140362],[37.8808023,51.3140862],[37.8803907,51.3144575],[37.880502,51.3145035],[37.8810102,51.3147133],[37.8810402,51.3147257]]}},
{"type":"Feature","properties":{"full_id":"w370533270","osm_id":"370533270","osm_type":"way","highway":"residential","tactile_paving":null,"handrail":null,"traffic_signals:vibration":null,"traffic_signals:sound":null,"button_operated":null,"access":null,"layer":null,"tunnel":null,"postal_code":null,"footway":null,"crossing:markings":null,"crossing:island":null,"crossing":null,"surface":"asphalt","oneway":"yes","old_name":null,"name:etymology:wikidata":null,"name":"Молодежный проспект (Солнечный дублёр)","maxspeed":null,"lit":null,"lanes":null,"service":null},"geometry":{"type":"LineString","coordinates":[[37.9027345,51.3156845],[37.9028205,51.3156047],[37.9032705,51.3151833]]}},
{"type":"Feature","properties":{"full_id":"w370533272","osm_id":"370533272","osm_type":"way","highway":"residential","tactile_paving":null,"handrail":null,"traffic_signals:vibration":null,"traffic_signals:sound":null,"button_operated":null,"access":null,"layer":null,"tunnel":null,"postal_code":null,"footway":null,"crossing:markings":null,"crossing:island":null,"crossing":null,"surface":"asphalt","oneway":"yes","old_name":null,"name:etymology:wikidata":null,"name":"Молодежный проспект (Солнечный дублёр)","maxspeed":null,"lit":null,"lanes":null,"service":null},"geometry":{"type":"LineString","coordinates":[[37.9032705,51.3151833],[37.9040237,51.314867]]}},
{"type":"Feature","properties":{"full_id":"w370533273","osm_id":"370533273","osm_type":"way","highway":"secondary","tactile_paving":null,"handrail":null,"traffic_signals:vibration":null,"traffic_signals:sound":null,"button_operated":null,"access":null,"layer":null,"tunnel":null,"postal_code":null,"footway":null,"crossing:markings":null,"crossing:island":null,"crossing":null,"surface":"asphalt","oneway":"yes","old_name":null,"name:etymology:wikidata":null,"name":"улица Надежды","maxspeed":null,"lit":null,"lanes":null,"service":null},"geometry":{"type":"LineString","coordinates":[[37.9040237,51.314867],[37.9046982,51.3142371],[37.9047751,51.3141488],[37.9048066,51.3140414]]}},
{"type":"Feature","properties":{"full_id":"w384990956","osm_id":"384990956","osm_type":"way","highway":"service","tactile_paving":null,"handrail":null,"traffic_signals:vibration":null,"traffic_signals:sound":null,"button_operated":null,"access":null,"layer":null,"tunnel":null,"postal_code":null,"footway":null,"crossing:markings":null,"crossing:island":null,"crossing":null,"surface":null,"oneway":null,"old_name":null,"name:etymology:wikidata":null,"name":null,"maxspeed":null,"lit":null,"lanes":null,"service":null},"geometry":{"type":"LineString","coordinates":[[37.8953667,51.3148278],[37.895324,51.3149097]]}},
{"type":"Feature","properties":{"full_id":"w407667454","osm_id":"407667454","osm_type":"way","highway":"secondary","tactile_paving":null,"handrail":null,"traffic_signals:vibration":null,"traffic_signals:sound":null,"button_operated":null,"access":null,"layer":null,"tunnel":null,"postal_code":null,"footway":null,"crossing:markings":null,"crossing:island":null,"crossing":null,"surface":"asphalt","oneway":"yes","old_name":"улица XXV Партсъезда","name:etymology:wikidata":"Q270706","name":"проспект Победы","maxspeed":"RU:urban","lit":"yes","lanes":"2","service":null},"geometry":{"type":"LineString","coordinates":[[37.8925387,51.3084944],[37.8926541,51.3085414],[37.8927173,51.3085702],[37.8940865,51.3091618],[37.8941526,51.3091883]]}},
{"type":"Feature","properties":{"full_id":"w407667456","osm_id":"407667456","osm_type":"way","highway":"footway","tactile_paving":null,"handrail":null,"traffic_signals:vibration":null,"traffic_signals:sound":null,"button_operated":null,"access":null,"layer":null,"tunnel":null,"postal_code":null,"footway":null,"crossing:markings":null,"crossing:island":null,"crossing":null,"surface":null,"oneway":null,"old_name":null,"name:etymology:wikidata":null,"name":null,"maxspeed":null,"lit":null,"lanes":null,"service":null},"geometry":{"type":"LineString","coordinates":[[37.8907152,51.3078956],[37.8907959,51.3078229],[37.89086,51.3077651]]}},
{"type":"Feature","properties":{"full_id":"w438599674","osm_id":"438599674","osm_type":"way","highway":"service","tactile_paving":null,"handrail":null,"traffic_signals:vibration":null,"traffic_signals:sound":null,"button_operated":null,"access":null,"layer":null,"tunnel":null,"postal_code":null,"footway":null,"crossing:markings":null,"crossing:island":null,"crossing":null,"surface":null,"oneway":null,"old_name":null,"name:etymology:wikidata":null,"name":null,"maxspeed":null,"lit":null,"lanes":null,"service":null},"geometry":{"type":"LineString","coordinates":[[37.8988778,51.3074961],[37.8986263,51.3077213],[37.8986506,51.3078074],[37.8988726,51.3079042],[37.8991306,51.3080199],[37.8995093,51.3081896],[37.8996543,51.3082545]]}},
{"type":"Feature","properties":{"full_id":"w438599677","osm_id":"438599677","osm_type":"way","highway":"service","tactile_paving":null,"handrail":null,"traffic_signals:vibration":null,"traffic_signals:sound":null,"button_operated":null,"access":null,"layer":null,"tunnel":null,"postal_code":null,"footway":null,"crossing:markings":null,"crossing:island":null,"crossing":null,"surface":null,"oneway":null,"old_name":null,"name:etymology:wikidata":null,"name":null,"maxspeed":null,"lit":null,"lanes":null,"service":null},"geometry":{"type":"LineString","coordinates":[[37.9003756,51.3062165],[37.9002171,51.3063509],[37.9001018,51.3064483],[37.900097,51.3064841],[37.9001364,51.3065317],[37.9003384,51.3066268],[37.9002794,51.3066796],[37.8993305,51.3075279],[37.8992861,51.3075453],[37.899203,51.3075293],[37.8990488,51.3074816],[37.8989777,51.3074631],[37.8988778,51.3074961]]}},
{"type":"Feature","properties":{"full_id":"w440525828","osm_id":"440525828","osm_type":"way","highway":"footway","tactile_paving":null,"handrail":null,"traffic_signals:vibration":null,"traffic_signals:sound":null,"button_operated":null,"access":null,"layer":null,"tunnel":null,"postal_code":null,"footway":null,"crossing:markings":null,"crossing:island":null,"crossing":null,"surface":null,"oneway":null,"old_name":null,"name:etymology:wikidata":null,"name":null,"maxspeed":null,"lit":null,"lanes":null,"service":null},"geometry":{"type":"LineString","coordinates":[[37.8814815,51.3123202],[37.8808824,51.3128674],[37.8807116,51.312891],[37.8804929,51.3130904]]}},
{"type":"Feature","properties":{"full_id":"w446594751","osm_id":"446594751","osm_type":"way","highway":"service","tactile_paving":null,"handrail":null,"traffic_signals:vibration":null,"traffic_signals:sound":null,"button_operated":null,"access":null,"layer":null,"tunnel":null,"postal_code":null,"footway":null,"crossing:markings":null,"crossing:island":null,"crossing":null,"surface":"asphalt","oneway":null,"old_name":null,"name:etymology:wikidata":null,"name":null,"maxspeed":null,"lit":null,"lanes":null,"service":"driveway"},"geometry":{"type":"LineString","coordinates":[[37.8779077,51.3156483],[37.8780095,51.3155591],[37.8780768,51.3155255],[37.8781282,51.3155053],[37.8781896,51.3154925],[37.8782603,51.3154896],[37.878328,51.3154945],[37.8786432,51.3156353],[37.878663,51.3156628],[37.8786675,51.3156691],[37.8786759,51.3157011],[37.8786742,51.3157229],[37.8786583,51.3157585],[37.8786479,51.3157824],[37.8784656,51.3159419],[37.8784284,51.3159745],[37.8783032,51.316084],[37.8781704,51.3162003]]}},
{"type":"Feature","properties":{"full_id":"w447150519","osm_id":"447150519","osm_type":"way","highway":"secondary","tactile_paving":null,"handrail":null,"traffic_signals:vibration":null,"traffic_signals:sound":null,"button_operated":null,"access":null,"layer":null,"tunnel":null,"postal_code":null,"footway":null,"crossing:markings":null,"crossing:island":null,"crossing":null,"surface":"asphalt","oneway":"yes","old_name":"улица XXV Партсъезда","name:etymology:wikidata":"Q270706","name":"проспект Победы","maxspeed":"RU:urban","lit":"yes","lanes":"2","service":null},"geometry":{"type":"LineString","coordinates":[[37.8948166,51.3094742],[37.8959749,51.3099824],[37.8961741,51.3100699],[37.8962939,51.310105]]}},
{"type":"Feature","properties":{"full_id":"w447150970","osm_id":"447150970","osm_type":"way","highway":"secondary","tactile_paving":null,"handrail":null,"traffic_signals:vibration":null,"traffic_signals:sound":null,"button_operated":null,"access":null,"layer":null,"tunnel":null,"postal_code":null,"footway":null,"crossing:markings":null,"crossing:island":null,"crossing":null,"surface":"asphalt","oneway":"yes","old_name":"улица XXV Партсъезда","name:etymology:wikidata":"Q270706","name":"проспект Победы","maxspeed":"RU:urban","lit":null,"lanes":"2","service":null},"geometry":{"type":"LineString","coordinates":[[37.8897914,51.307306],[37.89086,51.3077651]]}},
{"type":"Feature","properties":{"full_id":"w447151413","osm_id":"447151413","osm_type":"way","highway":"secondary","tactile_paving":null,"handrail":null,"traffic_signals:vibration":null,"traffic_signals:sound":null,"button_operated":null,"access":null,"layer":null,"tunnel":null,"postal_code":null,"footway":null,"crossing:markings":null,"crossing:island":null,"crossing":null,"surface":"asphalt","oneway":"yes","old_name":"улица XXV Партсъезда","name:etymology:wikidata":"Q270706","name":"проспект Победы","maxspeed":"RU:urban","lit":"yes","lanes":"2","service":null},"geometry":{"type":"LineString","coordinates":[[37.8941526,51.3091883],[37.8942114,51.3092185],[37.8948166,51.3094742]]}},
{"type":"Feature","properties":{"full_id":"w466574041","osm_id":"466574041","osm_type":"way","highway":"secondary","tactile_paving":null,"handrail":null,"traffic_signals:vibration":null,"traffic_signals:sound":null,"button_operated":null,"access":null,"layer":null,"tunnel":null,"postal_code":null,"footway":null,"crossing:markings":null,"crossing:island":null,"crossing":null,"surface":"asphalt","oneway":"yes","old_name":"улица XXV Партсъезда","name:etymology:wikidata":"Q270706","name":"проспект Победы","maxspeed":"RU:urban","lit":"yes","lanes":null,"service":null},"geometry":{"type":"LineString","coordinates":[[37.897195,51.3104972],[37.8975042,51.3106306]]}},
{"type":"Feature","properties":{"full_id":"w508979692","osm_id":"508979692","osm_type":"way","highway":"service","tactile_paving":null,"handrail":null,"traffic_signals:vibration":null,"traffic_signals:sound":null,"button_operated":null,"access":null,"layer":null,"tunnel":null,"postal_code":null,"footway":null,"crossing:markings":null,"crossing:island":null,"crossing":null,"surface":null,"oneway":null,"old_name":null,"name:etymology:wikidata":null,"name":null,"maxspeed":null,"lit":null,"lanes":null,"service":null},"geometry":{"type":"LineString","coordinates":[[37.8783953,51.3088705],[37.878018,51.3092068],[37.8778929,51.3092203],[37.8777856,51.3093125],[37.8777963,51.3093578],[37.8782751,51.3095515]]}},
{"type":"Feature","properties":{"full_id":"w508979693","osm_id":"508979693","osm_type":"way","highway":"service","tactile_paving":null,"handrail":null,"traffic_signals:vibration":null,"traffic_signals:sound":null,"button_operated":null,"access":null,"layer":null,"tunnel":null,"postal_code":null,"footway":null,"crossing:markings":null,"crossing:island":null,"crossing":null,"surface":null,"oneway":null,"old_name":null,"name:etymology:wikidata":null,"name":"улица Маршала Конева","maxspeed":null,"lit":null,"lanes":null,"service":null},"geometry":{"type":"LineString","coordinates":[[37.8758847,51.3079561],[37.8763329,51.3081209],[37.8765728,51.3080198],[37.8767644,51.3078592],[37.8775844,51.3071714],[37.8777167,51.3070922],[37.8778149,51.3068316],[37.8778281,51.3067994],[37.8778482,51.3066953]]}},
{"type":"Feature","properties":{"full_id":"w508979694","osm_id":"508979694","osm_type":"way","highway":"service","tactile_paving":null,"handrail":null,"traffic_signals:vibration":null,"traffic_signals:sound":null,"button_operated":null,"access":null,"layer":null,"tunnel":null,"postal_code":null,"footway":null,"crossing:markings":null,"crossing:island":null,"crossing":null,"surface":null,"oneway":null,"old_name":null,"name:etymology:wikidata":null,"name":null,"maxspeed":null,"lit":null,"lanes":null,"service":"parking_aisle"},"geometry":{"type":"LineString","coordinates":[[37.8783419,51.3077014],[37.8782697,51.307671],[37.8782953,51.3076358],[37.8783241,51.3075916],[37.8783462,51.3075577]]}},
{"type":"Feature","properties":{"full_id":"w508979695","osm_id":"508979695","osm_type":"way","highway":"service","tactile_paving":null,"handrail":null,"traffic_signals:vibration":null,"traffic_signals:sound":null,"button_operated":null,"access":null,"layer":null,"tunnel":null,"postal_code":null,"footway":null,"crossing:markings":null,"crossing:island":null,"crossing":null,"surface":null,"oneway":null,"old_name":null,"name:etymology:wikidata":null,"name":null,"maxspeed":null,"lit":null,"lanes":null,"service":"parking_aisle"},"geometry":{"type":"LineString","coordinates":[[37.879045,51.3078604],[37.8792938,51.3079775],[37.8798126,51.3080051],[37.8803997,51.308234]]}},
{"type":"Feature","properties":{"full_id":"w516255928","osm_id":"516255928","osm_type":"way","highway":"footway","tactile_paving":null,"handrail":null,"traffic_signals:vibration":null,"traffic_signals:sound":null,"button_operated":null,"access":null,"layer":null,"tunnel":null,"postal_code":null,"footway":null,"crossing:markings":null,"crossing:island":null,"crossing":null,"surface":"paving_stones","oneway":null,"old_name":null,"name:etymology:wikidata":null,"name":null,"maxspeed":null,"lit":null,"lanes":null,"service":null},"geometry":{"type":"LineString","coordinates":[[37.8888797,51.3120927],[37.8889622,51.3120102],[37.8891258,51.3120834],[37.8889925,51.3121988],[37.8887496,51.3124121],[37.8886872,51.3123898],[37.888425,51.3122759],[37.8885215,51.3121907],[37.8888019,51.3119427]]}},
{"type":"Feature","properties":{"full_id":"w516255929","osm_id":"516255929","osm_type":"way","highway":"footway","tactile_paving":null,"handrail":null,"traffic_signals:vibration":null,"traffic_signals:sound":null,"button_operated":null,"access":null,"layer":null,"tunnel":null,"postal_code":null,"footway":null,"crossing:markings":null,"crossing:island":null,"crossing":null,"surface":"paving_stones","oneway":null,"old_name":null,"name:etymology:wikidata":null,"name":null,"maxspeed":null,"lit":null,"lanes":null,"service":null},"geometry":{"type":"LineString","coordinates":[[37.8889925,51.3121988],[37.8891622,51.312271]]}},
{"type":"Feature","properties":{"full_id":"w516255932","osm_id":"516255932","osm_type":"way","highway":"footway","tactile_paving":null,"handrail":null,"traffic_signals:vibration":null,"traffic_signals:sound":null,"button_operated":null,"access":null,"layer":null,"tunnel":null,"postal_code":null,"footway":null,"crossing:markings":null,"crossing:island":null,"crossing":null,"surface":"paving_stones","oneway":null,"old_name":null,"name:etymology:wikidata":null,"name":null,"maxspeed":null,"lit":null,"lanes":null,"service":null},"geometry":{"type":"LineString","coordinates":[[37.8889622,51.3120102],[37.8888019,51.3119427]]}},
{"type":"Feature","properties":{"full_id":"w516255935","osm_id":"516255935","osm_type":"way","highway":"footway","tactile_paving":null,"handrail":null,"traffic_signals:vibration":null,"traffic_signals:sound":null,"button_operated":null,"access":null,"layer":null,"tunnel":null,"postal_code":null,"footway":null,"crossing:markings":null,"crossing:island":null,"crossing":null,"surface":"paving_stones","oneway":null,"old_name":null,"name:etymology:wikidata":null,"name":null,"maxspeed":null,"lit":null,"lanes":null,"service":null},"geometry":{"type":"LineString","coordinates":[[37.8886553,51.3121426],[37.8887021,51.3121655]]}},
{"type":"Feature","properties":{"full_id":"w516255937","osm_id":"516255937","osm_type":"way","highway":"footway","tactile_paving":null,"handrail":null,"traffic_signals:vibration":null,"traffic_signals:sound":null,"button_operated":null,"access":null,"layer":null,"tunnel":null,"postal_code":null,"footway":null,"crossing:markings":null,"crossing:island":null,"crossing":null,"surface":"paving_stones","oneway":null,"old_name":null,"name:etymology:wikidata":null,"name":null,"maxspeed":null,"lit":null,"lanes":null,"service":null},"geometry":{"type":"LineString","coordinates":[[37.888823,51.3122147],[37.8888735,51.312238]]}},
{"type":"Feature","properties":{"full_id":"w528456272","osm_id":"528456272","osm_type":"way","highway":"service","tactile_paving":null,"handrail":null,"traffic_signals:vibration":null,"traffic_signals:sound":null,"button_operated":null,"access":null,"layer":null,"tunnel":null,"postal_code":null,"footway":null,"crossing:markings":null,"crossing:island":null,"crossing":null,"surface":null,"oneway":null,"old_name":null,"name:etymology:wikidata":null,"name":null,"maxspeed":null,"lit":null,"lanes":null,"service":null},"geometry":{"type":"LineString","coordinates":[[37.8876519,51.3110053],[37.8879532,51.3109981],[37.8889811,51.3114478],[37.8893223,51.3115851],[37.8894455,51.3115902]]}},
{"type":"Feature","properties":{"full_id":"w592589278","osm_id":"592589278","osm_type":"way","highway":"secondary","tactile_paving":null,"handrail":null,"traffic_signals:vibration":null,"traffic_signals:sound":null,"button_operated":null,"access":null,"layer":null,"tunnel":null,"postal_code":"309511","footway":null,"crossing:markings":null,"crossing:island":null,"crossing":null,"surface":"asphalt","oneway":"yes","old_name":null,"name:etymology:wikidata":null,"name":"улица Шухова","maxspeed":"RU:urban","lit":null,"lanes":null,"service":null},"geometry":{"type":"LineString","coordinates":[[37.880963,51.3100178],[37.8801253,51.3107499],[37.8798194,51.3110276]]}},
{"type":"Feature","properties":{"full_id":"w676035752","osm_id":"676035752","osm_type":"way","highway":"service","tactile_paving":null,"handrail":null,"traffic_signals:vibration":null,"traffic_signals:sound":null,"button_operated":null,"access":null,"layer":null,"tunnel":null,"postal_code":null,"footway":null,"crossing:markings":null,"crossing:island":null,"crossing":null,"surface":null,"oneway":null,"old_name":null,"name:etymology:wikidata":null,"name":null,"maxspeed":null,"lit":null,"lanes":null,"service":null},"geometry":{"type":"LineString","coordinates":[[37.8829003,51.3139157],[37.8829622,51.31394],[37.8844313,51.3145682]]}},
{"type":"Feature","properties":{"full_id":"w684154379","osm_id":"684154379","osm_type":"way","highway":"footway","tactile_paving":null,"handrail":null,"traffic_signals:vibration":null,"traffic_signals:sound":null,"button_operated":null,"access":null,"layer":null,"tunnel":null,"postal_code":null,"footway":null,"crossing:markings":null,"crossing:island":null,"crossing":null,"surface":null,"oneway":null,"old_name":null,"name:etymology:wikidata":null,"name":null,"maxspeed":null,"lit":null,"lanes":null,"service":null},"geometry":{"type":"LineString","coordinates":[[37.8970192,51.3132719],[37.8971453,51.313149],[37.8972328,51.3130721]]}},
{"type":"Feature","properties":{"full_id":"w684154497","osm_id":"684154497","osm_type":"way","highway":"footway","tactile_paving":null,"handrail":null,"traffic_signals:vibration":null,"traffic_signals:sound":null,"button_operated":null,"access":null,"layer":null,"tunnel":null,"postal_code":null,"footway":null,"crossing:markings":null,"crossing:island":null,"crossing":null,"surface":null,"oneway":null,"old_name":null,"name:etymology:wikidata":null,"name":null,"maxspeed":null,"lit":null,"lanes":null,"service":null},"geometry":{"type":"LineString","coordinates":[[37.8977014,51.3129754],[37.8976527,51.3130531],[37.8973744,51.3131053],[37.8971453,51.313149],[37.8970877,51.3129924]]}},
{"type":"Feature","properties":{"full_id":"w684159142","osm_id":"684159142","osm_type":"way","highway":"footway","tactile_paving":null,"handrail":null,"traffic_signals:vibration":null,"traffic_signals:sound":null,"button_operated":null,"access":null,"layer":null,"tunnel":null,"postal_code":null,"footway":null,"crossing:markings":null,"crossing:island":null,"crossing":null,"surface":null,"oneway":null,"old_name":null,"name:etymology:wikidata":null,"name":null,"maxspeed":null,"lit":null,"lanes":null,"service":null},"geometry":{"type":"LineString","coordinates":[[37.8973073,51.3163254],[37.8972396,51.3162862],[37.8971042,51.3162309],[37.8970556,51.3161729],[37.897013,51.3161571],[37.8969151,51.3160825],[37.896852,51.31593],[37.896831,51.3158806],[37.8968038,51.3158168],[37.896789,51.3156936],[37.8967635,51.3155243],[37.8967487,51.3154612],[37.8967468,51.3154051],[37.8966522,51.3153801],[37.8964685,51.3153717],[37.8964284,51.3153608],[37.8963232,51.3149232],[37.8963988,51.3148025]]}},
{"type":"Feature","properties":{"full_id":"w684159144","osm_id":"684159144","osm_type":"way","highway":"footway","tactile_paving":null,"handrail":null,"traffic_signals:vibration":null,"traffic_signals:sound":null,"button_operated":null,"access":null,"layer":null,"tunnel":null,"postal_code":null,"footway":null,"crossing:markings":null,"crossing:island":null,"crossing":null,"surface":null,"oneway":null,"old_name":null,"name:etymology:wikidata":null,"name":null,"maxspeed":null,"lit":null,"lanes":null,"service":null},"geometry":{"type":"LineString","coordinates":[[37.8958693,51.3150753],[37.8959307,51.3151789],[37.8959806,51.3152956],[37.8964284,51.3153608]]}},
{"type":"Feature","properties":{"full_id":"w684160814","osm_id":"684160814","osm_type":"way","highway":"service","tactile_paving":null,"handrail":null,"traffic_signals:vibration":null,"traffic_signals:sound":null,"button_operated":null,"access":null,"layer":null,"tunnel":null,"postal_code":null,"footway":null,"crossing:markings":null,"crossing:island":null,"crossing":null,"surface":null,"oneway":null,"old_name":null,"name:etymology:wikidata":null,"name":null,"maxspeed":null,"lit":null,"lanes":null,"service":"parking_aisle"},"geometry":{"type":"LineString","coordinates":[[37.8982749,51.314855],[37.8984305,51.3149212],[37.8988758,51.3151085],[37.8990142,51.3151171],[37.8992451,51.3152197]]}},
{"type":"Feature","properties":{"full_id":"w684309056","osm_id":"684309056","osm_type":"way","highway":"footway","tactile_paving":null,"handrail":null,"traffic_signals:vibration":null,"traffic_signals:sound":null,"button_operated":null,"access":null,"layer":null,"tunnel":null,"postal_code":null,"footway":null,"crossing:markings":null,"crossing:island":null,"crossing":null,"surface":null,"oneway":null,"old_name":null,"name:etymology:wikidata":null,"name":null,"maxspeed":null,"lit":null,"lanes":null,"service":null},"geometry":{"type":"LineString","coordinates":[[37.8994149,51.3144421],[37.9004838,51.3149065],[37.9006524,51.3149857]]}},
{"type":"Feature","properties":{"full_id":"w684938862","osm_id":"684938862","osm_type":"way","highway":"footway","tactile_paving":null,"handrail":null,"traffic_signals:vibration":null,"traffic_signals:sound":null,"button_operated":null,"access":null,"layer":null,"tunnel":null,"postal_code":null,"footway":null,"crossing:markings":null,"crossing:island":null,"crossing":null,"surface":null,"oneway":null,"old_name":null,"name:etymology:wikidata":null,"name":null,"maxspeed":null,"lit":null,"lanes":null,"service":null},"geometry":{"type":"LineString","coordinates":[[37.9014514,51.3155542],[37.9016636,51.315878]]}},
{"type":"Feature","properties":{"full_id":"w684938863","osm_id":"684938863","osm_type":"way","highway":"footway","tactile_paving":null,"handrail":null,"traffic_signals:vibration":null,"traffic_signals:sound":null,"button_operated":null,"access":null,"layer":null,"tunnel":null,"postal_code":null,"footway":null,"crossing:markings":null,"crossing:island":null,"crossing":null,"surface":null,"oneway":null,"old_name":null,"name:etymology:wikidata":null,"name":null,"maxspeed":null,"lit":null,"lanes":null,"service":null},"geometry":{"type":"LineString","coordinates":[[37.9014514,51.3155542],[37.9020097,51.3155609]]}},
{"type":"Feature","properties":{"full_id":"w721842332","osm_id":"721842332","osm_type":"way","highway":"primary","tactile_paving":null,"handrail":null,"traffic_signals:vibration":null,"traffic_signals:sound":null,"button_operated":null,"access":null,"layer":null,"tunnel":null,"postal_code":"309516","footway":null,"crossing:markings":null,"crossing:island":null,"crossing":null,"surface":"asphalt","oneway":"yes","old_name":null,"name:etymology:wikidata":null,"name":"Молодёжный проспект","maxspeed":null,"lit":null,"lanes":null,"service":null},"geometry":{"type":"LineString","coordinates":[[37.8798194,51.3110276],[37.8802091,51.3112207],[37.8810298,51.3115794],[37.8822447,51.3121066],[37.8823302,51.3121469],[37.8834099,51.3126166],[37.8854576,51.3135019],[37.8868809,51.3141236],[37.8870579,51.3141957],[37.8901498,51.3155567],[37.8907369,51.315818],[37.8910826,51.3159648],[37.8914421,51.3160998]]}},
{"type":"Feature","properties":{"full_id":"w721843765","osm_id":"721843765","osm_type":"way","highway":"residential","tactile_paving":null,"handrail":null,"traffic_signals:vibration":null,"traffic_signals:sound":null,"button_operated":null,"access":null,"layer":null,"tunnel":null,"postal_code":null,"footway":null,"crossing:markings":null,"crossing:island":null,"crossing":null,"surface":"asphalt","oneway":"no","old_name":null,"name:etymology:wikidata":null,"name":"Молодежный проспект (Конева дублёр)","maxspeed":null,"lit":null,"lanes":null,"service":null},"geometry":{"type":"LineString","coordinates":[[37.8744904,51.30868],[37.874587,51.3086167],[37.8747219,51.308634],[37.8749494,51.3087562],[37.8753831,51.3088381],[37.8756022,51.3089075],[37.875735,51.3089931],[37.8768924,51.3094999],[37.8769519,51.30953],[37.8770109,51.3095546],[37.8781189,51.3100178],[37.8786813,51.3105552]]}},
{"type":"Feature","properties":{"full_id":"w844081269","osm_id":"844081269","osm_type":"way","highway":"footway","tactile_paving":null,"handrail":null,"traffic_signals:vibration":null,"traffic_signals:sound":null,"button_operated":null,"access":null,"layer":null,"tunnel":null,"postal_code":null,"footway":null,"crossing:markings":null,"crossing:island":null,"crossing":null,"surface":null,"oneway":null,"old_name":null,"name:etymology:wikidata":null,"name":null,"maxspeed":null,"lit":null,"lanes":null,"service":null},"geometry":{"type":"LineString","coordinates":[[37.8899957,51.3036319],[37.8900878,51.3036686],[37.8904282,51.3038236],[37.8906231,51.3039112],[37.8909726,51.3040684],[37.8914943,51.3043006],[37.8915963,51.3043426],[37.8918025,51.3044279],[37.8918319,51.3044423],[37.8918913,51.3044675],[37.8924547,51.3047154],[37.8930286,51.304968],[37.8933093,51.3050854],[37.8936186,51.3052154],[37.8938292,51.305316],[37.8938447,51.3053214],[37.8938817,51.3053385],[37.894051,51.3054099],[37.8940872,51.3054235],[37.8942959,51.3055088],[37.8946241,51.3056442],[37.8951877,51.3058861],[37.8957762,51.3061502],[37.8959202,51.3062132],[37.896329,51.3063904],[37.8965918,51.306504],[37.8971498,51.3067421],[37.8976044,51.3069391],[37.8977747,51.3070325],[37.8980349,51.3072686],[37.8983501,51.3075076],[37.898511,51.3076333],[37.8985848,51.3076677],[37.8986036,51.307692],[37.8986263,51.3077213]]}},
{"type":"Feature","properties":{"full_id":"w844091442","osm_id":"844091442","osm_type":"way","highway":"service","tactile_paving":null,"handrail":null,"traffic_signals:vibration":null,"traffic_signals:sound":null,"button_operated":null,"access":null,"layer":null,"tunnel":null,"postal_code":null,"footway":null,"crossing:markings":null,"crossing:island":null,"crossing":null,"surface":null,"oneway":null,"old_name":null,"name:etymology:wikidata":null,"name":null,"maxspeed":null,"lit":null,"lanes":null,"service":null},"geometry":{"type":"LineString","coordinates":[[37.8933302,51.3075033],[37.8930983,51.3074279],[37.892932,51.3073692],[37.8928514,51.3073718],[37.8926046,51.3073798],[37.8924291,51.3073801],[37.8923218,51.3073499]]}},
{"type":"Feature","properties":{"full_id":"w844219135","osm_id":"844219135","osm_type":"way","highway":"footway","tactile_paving":null,"handrail":null,"traffic_signals:vibration":null,"traffic_signals:sound":null,"button_operated":null,"access":null,"layer":null,"tunnel":null,"postal_code":null,"footway":null,"crossing:markings":null,"crossing:island":null,"crossing":null,"surface":null,"oneway":null,"old_name":null,"name:etymology:wikidata":null,"name":null,"maxspeed":null,"lit":null,"lanes":null,"service":null},"geometry":{"type":"LineString","coordinates":[[37.8986867,51.3077389],[37.8987417,51.3076803],[37.8988409,51.3076014],[37.8989026,51.3075964]]}},
{"type":"Feature","properties":{"full_id":"w844219136","osm_id":"844219136","osm_type":"way","highway":"footway","tactile_paving":null,"handrail":null,"traffic_signals:vibration":null,"traffic_signals:sound":null,"button_operated":null,"access":null,"layer":null,"tunnel":null,"postal_code":null,"footway":null,"crossing:markings":null,"crossing:island":null,"crossing":null,"surface":null,"oneway":null,"old_name":null,"name:etymology:wikidata":null,"name":null,"maxspeed":null,"lit":null,"lanes":null,"service":null},"geometry":{"type":"LineString","coordinates":[[37.8995436,51.3081221],[37.8994766,51.3080919],[37.8993733,51.3080818],[37.8993076,51.3080609],[37.8991225,51.3079837],[37.8988476,51.3078605],[37.8987229,51.3077976],[37.8986867,51.3077389],[37.8986263,51.3077213]]}},
{"type":"Feature","properties":{"full_id":"w844219137","osm_id":"844219137","osm_type":"way","highway":"footway","tactile_paving":null,"handrail":null,"traffic_signals:vibration":null,"traffic_signals:sound":null,"button_operated":null,"access":null,"layer":null,"tunnel":null,"postal_code":null,"footway":null,"crossing:markings":null,"crossing:island":null,"crossing":null,"surface":null,"oneway":null,"old_name":null,"name:etymology:wikidata":null,"name":null,"maxspeed":null,"lit":null,"lanes":null,"service":null},"geometry":{"type":"LineString","coordinates":[[37.8992235,51.3084001],[37.8991561,51.308133],[37.8991306,51.3080199],[37.8991225,51.3079837]]}},
{"type":"Feature","properties":{"full_id":"w844219138","osm_id":"844219138","osm_type":"way","highway":"footway","tactile_paving":null,"handrail":null,"traffic_signals:vibration":null,"traffic_signals:sound":null,"button_operated":null,"access":null,"layer":null,"tunnel":null,"postal_code":null,"footway":null,"crossing:markings":null,"crossing:island":null,"crossing":null,"surface":null,"oneway":null,"old_name":null,"name:etymology:wikidata":null,"name":null,"maxspeed":null,"lit":null,"lanes":null,"service":null},"geometry":{"type":"LineString","coordinates":[[37.8977486,51.3084508],[37.8977399,51.3085865],[37.8976983,51.3088741],[37.8976925,51.3089261]]}},
{"type":"Feature","properties":{"full_id":"w844219139","osm_id":"844219139","osm_type":"way","highway":"footway","tactile_paving":null,"handrail":null,"traffic_signals:vibration":null,"traffic_signals:sound":null,"button_operated":null,"access":null,"layer":null,"tunnel":null,"postal_code":null,"footway":null,"crossing:markings":null,"crossing:island":null,"crossing":null,"surface":null,"oneway":null,"old_name":null,"name:etymology:wikidata":null,"name":null,"maxspeed":null,"lit":null,"lanes":null,"service":null},"geometry":{"type":"LineString","coordinates":[[37.8949647,51.3093946],[37.8949946,51.3093687],[37.8953741,51.3090283],[37.8954492,51.3089688],[37.8955418,51.3089646],[37.8957939,51.3087542],[37.8958569,51.3086972],[37.8959589,51.3086352],[37.8960541,51.3085513],[37.8963196,51.3083241],[37.8965744,51.3080894],[37.8970291,51.3082822],[37.8976433,51.3085455],[37.8977399,51.3085865],[37.8976299,51.3086972],[37.897532,51.3087726],[37.8974757,51.308745]]}},
{"type":"Feature","properties":{"full_id":"w844219140","osm_id":"844219140","osm_type":"way","highway":"footway","tactile_paving":null,"handrail":null,"traffic_signals:vibration":null,"traffic_signals:sound":null,"button_operated":null,"access":null,"layer":null,"tunnel":null,"postal_code":null,"footway":null,"crossing:markings":null,"crossing:island":null,"crossing":null,"surface":null,"oneway":null,"old_name":null,"name:etymology:wikidata":null,"name":null,"maxspeed":null,"lit":null,"lanes":null,"service":null},"geometry":{"type":"LineString","coordinates":[[37.8986036,51.307692],[37.8984882,51.3077742],[37.8983501,51.3079091],[37.8982615,51.3079896],[37.8977486,51.3084508],[37.8976433,51.3085455]]}},
{"type":"Feature","properties":{"full_id":"w844267686","osm_id":"844267686","osm_type":"way","highway":"footway","tactile_paving":null,"handrail":null,"traffic_signals:vibration":null,"traffic_signals:sound":null,"button_operated":null,"access":null,"layer":null,"tunnel":null,"postal_code":null,"footway":null,"crossing:markings":null,"crossing:island":null,"crossing":null,"surface":null,"oneway":null,"old_name":null,"name:etymology:wikidata":null,"name":null,"maxspeed":null,"lit":null,"lanes":null,"service":null},"geometry":{"type":"LineString","coordinates":[[37.9026025,51.3103786],[37.9015702,51.3112917],[37.9015119,51.3113433],[37.901304,51.3115462],[37.9012012,51.3116397],[37.9009138,51.3118981],[37.9011818,51.3120107],[37.9012145,51.3120273],[37.9022397,51.3124789],[37.9031063,51.3128533],[37.903152,51.3128683],[37.9040102,51.3132629],[37.9047808,51.3135904],[37.9048558,51.313612],[37.9049198,51.3136198],[37.9050158,51.3136055],[37.9051039,51.3135795],[37.9051682,51.313551],[37.9063808,51.312447],[37.907168,51.3117684],[37.9072971,51.3116233],[37.9073479,51.3115799],[37.9091411,51.3099785],[37.909243,51.3099053],[37.9101219,51.3091195],[37.910107,51.3090026]]}},
{"type":"Feature","properties":{"full_id":"w844565392","osm_id":"844565392","osm_type":"way","highway":"footway","tactile_paving":null,"handrail":null,"traffic_signals:vibration":null,"traffic_signals:sound":null,"button_operated":null,"access":null,"layer":null,"tunnel":null,"postal_code":null,"footway":null,"crossing:markings":null,"crossing:island":null,"crossing":null,"surface":null,"oneway":null,"old_name":null,"name:etymology:wikidata":null,"name":null,"maxspeed":null,"lit":null,"lanes":null,"service":null},"geometry":{"type":"LineString","coordinates":[[37.9024239,51.3123138],[37.9022397,51.3124789],[37.9021668,51.3125457],[37.9021875,51.3125802],[37.9021791,51.3126198]]}},
{"type":"Feature","properties":{"full_id":"w844594172","osm_id":"844594172","osm_type":"way","highway":"service","tactile_paving":null,"handrail":null,"traffic_signals:vibration":null,"traffic_signals:sound":null,"button_operated":null,"access":null,"layer":null,"tunnel":null,"postal_code":null,"footway":null,"crossing:markings":null,"crossing:island":null,"crossing":null,"surface":null,"oneway":null,"old_name":null,"name:etymology:wikidata":null,"name":null,"maxspeed":null,"lit":null,"lanes":null,"service":null},"geometry":{"type":"LineString","coordinates":[[37.9010057,51.3152121],[37.901275,51.3153197]]}},
{"type":"Feature","properties":{"full_id":"w844594174","osm_id":"844594174","osm_type":"way","highway":"service","tactile_paving":null,"handrail":null,"traffic_signals:vibration":null,"traffic_signals:sound":null,"button_operated":null,"access":null,"layer":null,"tunnel":null,"postal_code":null,"footway":null,"crossing:markings":null,"crossing:island":null,"crossing":null,"surface":null,"oneway":null,"old_name":null,"name:etymology:wikidata":null,"name":null,"maxspeed":null,"lit":null,"lanes":null,"service":"parking_aisle"},"geometry":{"type":"LineString","coordinates":[[37.9014038,51.3147204],[37.9015392,51.3145913],[37.9016478,51.3145041],[37.9016452,51.3143599],[37.9016224,51.3142174],[37.9013112,51.3140942],[37.9011221,51.3140884],[37.9006541,51.3138796],[37.9001833,51.3136701],[37.9001191,51.3136515],[37.9000613,51.3136349],[37.8999621,51.3136944],[37.8998199,51.3138277],[37.8996149,51.3140329]]}},
{"type":"Feature","properties":{"full_id":"w844594175","osm_id":"844594175","osm_type":"way","highway":"service","tactile_paving":null,"handrail":null,"traffic_signals:vibration":null,"traffic_signals:sound":null,"button_operated":null,"access":null,"layer":null,"tunnel":null,"postal_code":null,"footway":null,"crossing:markings":null,"crossing:island":null,"crossing":null,"surface":null,"oneway":null,"old_name":null,"name:etymology:wikidata":null,"name":null,"maxspeed":null,"lit":null,"lanes":null,"service":null},"geometry":{"type":"LineString","coordinates":[[37.9014845,51.3147557],[37.901518,51.3148104]]}},
{"type":"Feature","properties":{"full_id":"w844594176","osm_id":"844594176","osm_type":"way","highway":"service","tactile_paving":null,"handrail":null,"traffic_signals:vibration":null,"traffic_signals:sound":null,"button_operated":null,"access":null,"layer":null,"tunnel":null,"postal_code":null,"footway":null,"crossing:markings":null,"crossing:island":null,"crossing":null,"surface":null,"oneway":null,"old_name":null,"name:etymology:wikidata":null,"name":null,"maxspeed":null,"lit":null,"lanes":null,"service":null},"geometry":{"type":"LineString","coordinates":[[37.8996906,51.3116961],[37.8996052,51.311781],[37.8996677,51.3118845],[37.8997664,51.3120565]]}},
{"type":"Feature","properties":{"full_id":"w844594177","osm_id":"844594177","osm_type":"way","highway":"footway","tactile_paving":null,"handrail":null,"traffic_signals:vibration":null,"traffic_signals:sound":null,"button_operated":null,"access":null,"layer":null,"tunnel":"yes","postal_code":null,"footway":null,"crossing:markings":null,"crossing:island":null,"crossing":null,"surface":null,"oneway":null,"old_name":null,"name:etymology:wikidata":null,"name":null,"maxspeed":null,"lit":null,"lanes":null,"service":null},"geometry":{"type":"LineString","coordinates":[[37.8972046,51.3120638],[37.8972957,51.3121062]]}},
{"type":"Feature","properties":{"full_id":"w844594178","osm_id":"844594178","osm_type":"way","highway":"footway","tactile_paving":null,"handrail":null,"traffic_signals:vibration":null,"traffic_signals:sound":null,"button_operated":null,"access":null,"layer":null,"tunnel":null,"postal_code":null,"footway":null,"crossing:markings":null,"crossing:island":null,"crossing":null,"surface":"asphalt","oneway":null,"old_name":null,"name:etymology:wikidata":null,"name":null,"maxspeed":null,"lit":null,"lanes":null,"service":null},"geometry":{"type":"LineString","coordinates":[[37.89673,51.3117806],[37.8966629,51.3118392],[37.8967595,51.3118795],[37.896878,51.3119333],[37.8969634,51.31197],[37.8970953,51.3120272],[37.8971632,51.3120445],[37.8972046,51.3120638]]}},
{"type":"Feature","properties":{"full_id":"w844594179","osm_id":"844594179","osm_type":"way","highway":"footway","tactile_paving":null,"handrail":null,"traffic_signals:vibration":null,"traffic_signals:sound":null,"button_operated":null,"access":null,"layer":null,"tunnel":"yes","postal_code":null,"footway":null,"crossing:markings":null,"crossing:island":null,"crossing":null,"surface":null,"oneway":null,"old_name":null,"name:etymology:wikidata":null,"name":null,"maxspeed":null,"lit":null,"lanes":null,"service":null},"geometry":{"type":"LineString","coordinates":[[37.8976566,51.3124488],[37.8977377,51.312374]]}},
{"type":"Feature","properties":{"full_id":"w844594180","osm_id":"844594180","osm_type":"way","highway":"footway","tactile_paving":null,"handrail":null,"traffic_signals:vibration":null,"traffic_signals:sound":null,"button_operated":null,"access":null,"layer":null,"tunnel":null,"postal_code":null,"footway":null,"crossing:markings":null,"crossing:island":null,"crossing":null,"surface":null,"oneway":null,"old_name":null,"name:etymology:wikidata":null,"name":null,"maxspeed":null,"lit":null,"lanes":null,"service":null},"geometry":{"type":"LineString","coordinates":[[37.8977377,51.312374],[37.8977801,51.3123322]]}},
{"type":"Feature","properties":{"full_id":"w844594181","osm_id":"844594181","osm_type":"way","highway":"footway","tactile_paving":null,"handrail":null,"traffic_signals:vibration":null,"traffic_signals:sound":null,"button_operated":null,"access":null,"layer":null,"tunnel":null,"postal_code":null,"footway":null,"crossing:markings":null,"crossing:island":null,"crossing":null,"surface":null,"oneway":null,"old_name":null,"name:etymology:wikidata":null,"name":null,"maxspeed":null,"lit":null,"lanes":null,"service":null},"geometry":{"type":"LineString","coordinates":[[37.8974166,51.3125812],[37.8974837,51.3125149],[37.8975427,51.3124537],[37.8975856,51.312442],[37.8976406,51.3124571],[37.8976566,51.3124488]]}},
{"type":"Feature","properties":{"full_id":"w844594183","osm_id":"844594183","osm_type":"way","highway":"service","tactile_paving":null,"handrail":null,"traffic_signals:vibration":null,"traffic_signals:sound":null,"button_operated":null,"access":null,"layer":null,"tunnel":null,"postal_code":null,"footway":null,"crossing:markings":null,"crossing:island":null,"crossing":null,"surface":null,"oneway":null,"old_name":null,"name:etymology:wikidata":null,"name":null,"maxspeed":null,"lit":null,"lanes":null,"service":null},"geometry":{"type":"LineString","coordinates":[[37.8974725,51.3135212],[37.8974999,51.3135958]]}},
{"type":"Feature","properties":{"full_id":"w844594184","osm_id":"844594184","osm_type":"way","highway":"service","tactile_paving":null,"handrail":null,"traffic_signals:vibration":null,"traffic_signals:sound":null,"button_operated":null,"access":null,"layer":null,"tunnel":null,"postal_code":null,"footway":null,"crossing:markings":null,"crossing:island":null,"crossing":null,"surface":null,"oneway":null,"old_name":null,"name:etymology:wikidata":null,"name":null,"maxspeed":null,"lit":null,"lanes":null,"service":"parking_aisle"},"geometry":{"type":"LineString","coordinates":[[37.8964712,51.3148009],[37.8965711,51.3147928]]}},
{"type":"Feature","properties":{"full_id":"w844594185","osm_id":"844594185","osm_type":"way","highway":"service","tactile_paving":null,"handrail":null,"traffic_signals:vibration":null,"traffic_signals:sound":null,"button_operated":null,"access":null,"layer":null,"tunnel":null,"postal_code":null,"footway":null,"crossing:markings":null,"crossing:island":null,"crossing":null,"surface":null,"oneway":null,"old_name":null,"name:etymology:wikidata":null,"name":null,"maxspeed":null,"lit":null,"lanes":null,"service":null},"geometry":{"type":"LineString","coordinates":[[37.8974918,51.3155729],[37.8974685,51.3155152],[37.8974421,51.315458],[37.8973341,51.3154025]]}},
{"type":"Feature","properties":{"full_id":"w844594186","osm_id":"844594186","osm_type":"way","highway":"service","tactile_paving":null,"handrail":null,"traffic_signals:vibration":null,"traffic_signals:sound":null,"button_operated":null,"access":null,"layer":null,"tunnel":null,"postal_code":null,"footway":null,"crossing:markings":null,"crossing:island":null,"crossing":null,"surface":null,"oneway":null,"old_name":null,"name:etymology:wikidata":null,"name":null,"maxspeed":null,"lit":null,"lanes":null,"service":"parking_aisle"},"geometry":{"type":"LineString","coordinates":[[37.8973341,51.3154025],[37.8972715,51.3153643],[37.897468,51.3151905],[37.8976099,51.3150587],[37.8976941,51.3149789],[37.8978151,51.3148542]]}},
{"type":"Feature","properties":{"full_id":"w844594188","osm_id":"844594188","osm_type":"way","highway":"footway","tactile_paving":null,"handrail":null,"traffic_signals:vibration":null,"traffic_signals:sound":null,"button_operated":null,"access":null,"layer":null,"tunnel":null,"postal_code":null,"footway":null,"crossing:markings":null,"crossing:island":null,"crossing":null,"surface":null,"oneway":null,"old_name":null,"name:etymology:wikidata":null,"name":null,"maxspeed":null,"lit":null,"lanes":null,"service":null},"geometry":{"type":"LineString","coordinates":[[37.9010756,51.3151324],[37.9010161,51.3151301],[37.9006524,51.3149857]]}},
{"type":"Feature","properties":{"full_id":"w844594189","osm_id":"844594189","osm_type":"way","highway":"service","tactile_paving":null,"handrail":null,"traffic_signals:vibration":null,"traffic_signals:sound":null,"button_operated":null,"access":null,"layer":null,"tunnel":null,"postal_code":null,"footway":null,"crossing:markings":null,"crossing:island":null,"crossing":null,"surface":null,"oneway":null,"old_name":null,"name:etymology:wikidata":null,"name":null,"maxspeed":null,"lit":null,"lanes":null,"service":null},"geometry":{"type":"LineString","coordinates":[[37.8960863,51.3145829],[37.8962077,51.3146017]]}},
{"type":"Feature","properties":{"full_id":"w844594190","osm_id":"844594190","osm_type":"way","highway":"service","tactile_paving":null,"handrail":null,"traffic_signals:vibration":null,"traffic_signals:sound":null,"button_operated":null,"access":null,"layer":null,"tunnel":"building_passage","postal_code":null,"footway":null,"crossing:markings":null,"crossing:island":null,"crossing":null,"surface":null,"oneway":null,"old_name":null,"name:etymology:wikidata":null,"name":null,"maxspeed":null,"lit":null,"lanes":null,"service":null},"geometry":{"type":"LineString","coordinates":[[37.8963427,51.3146625],[37.8962077,51.3146017]]}},
{"type":"Feature","properties":{"full_id":"w844594191","osm_id":"844594191","osm_type":"way","highway":"footway","tactile_paving":null,"handrail":null,"traffic_signals:vibration":null,"traffic_signals:sound":null,"button_operated":null,"access":null,"layer":null,"tunnel":null,"postal_code":null,"footway":null,"crossing:markings":null,"crossing:island":null,"crossing":null,"surface":null,"oneway":null,"old_name":null,"name:etymology:wikidata":null,"name":null,"maxspeed":null,"lit":null,"lanes":null,"service":null},"geometry":{"type":"LineString","coordinates":[[37.8960863,51.3145829],[37.8954827,51.314463]]}},
{"type":"Feature","properties":{"full_id":"w844594192","osm_id":"844594192","osm_type":"way","highway":"footway","tactile_paving":null,"handrail":null,"traffic_signals:vibration":null,"traffic_signals:sound":null,"button_operated":null,"access":null,"layer":null,"tunnel":null,"postal_code":null,"footway":null,"crossing:markings":null,"crossing:island":null,"crossing":null,"surface":null,"oneway":null,"old_name":null,"name:etymology:wikidata":null,"name":null,"maxspeed":null,"lit":null,"lanes":null,"service":null},"geometry":{"type":"LineString","coordinates":[[37.8975576,51.3137567],[37.8976205,51.3137832],[37.8978606,51.3138578],[37.8980725,51.3139408],[37.8984654,51.3141277]]}},
{"type":"Feature","properties":{"full_id":"w844594193","osm_id":"844594193","osm_type":"way","highway":"service","tactile_paving":null,"handrail":null,"traffic_signals:vibration":null,"traffic_signals:sound":null,"button_operated":null,"access":null,"layer":null,"tunnel":null,"postal_code":null,"footway":null,"crossing:markings":null,"crossing:island":null,"crossing":null,"surface":null,"oneway":null,"old_name":null,"name:etymology:wikidata":null,"name":null,"maxspeed":null,"lit":null,"lanes":null,"service":null},"geometry":{"type":"LineString","coordinates":[[37.8975576,51.3137567],[37.8975286,51.3137056]]}},
{"type":"Feature","properties":{"full_id":"w844594194","osm_id":"844594194","osm_type":"way","highway":"footway","tactile_paving":null,"handrail":null,"traffic_signals:vibration":null,"traffic_signals:sound":null,"button_operated":null,"access":null,"layer":null,"tunnel":null,"postal_code":null,"footway":null,"crossing:markings":null,"crossing:island":null,"crossing":null,"surface":null,"oneway":null,"old_name":null,"name:etymology:wikidata":null,"name":null,"maxspeed":null,"lit":null,"lanes":null,"service":null},"geometry":{"type":"LineString","coordinates":[[37.8954559,51.314422],[37.8962255,51.3143538]]}},
{"type":"Feature","properties":{"full_id":"w844594198","osm_id":"844594198","osm_type":"way","highway":"footway","tactile_paving":null,"handrail":null,"traffic_signals:vibration":null,"traffic_signals:sound":null,"button_operated":null,"access":null,"layer":null,"tunnel":null,"postal_code":null,"footway":null,"crossing:markings":null,"crossing:island":null,"crossing":null,"surface":null,"oneway":null,"old_name":null,"name:etymology:wikidata":null,"name":null,"maxspeed":null,"lit":null,"lanes":null,"service":null},"geometry":{"type":"LineString","coordinates":[[37.8966629,51.3118392],[37.8965919,51.3119055]]}},
{"type":"Feature","properties":{"full_id":"w844595311","osm_id":"844595311","osm_type":"way","highway":"service","tactile_paving":null,"handrail":null,"traffic_signals:vibration":null,"traffic_signals:sound":null,"button_operated":null,"access":null,"layer":null,"tunnel":null,"postal_code":null,"footway":null,"crossing:markings":null,"crossing:island":null,"crossing":null,"surface":null,"oneway":null,"old_name":null,"name:etymology:wikidata":null,"name":null,"maxspeed":null,"lit":null,"lanes":null,"service":null},"geometry":{"type":"LineString","coordinates":[[37.8935717,51.3151387],[37.8935006,51.3150666],[37.8934433,51.3150397]]}},
{"type":"Feature","properties":{"full_id":"w844597935","osm_id":"844597935","osm_type":"way","highway":"footway","tactile_paving":null,"handrail":null,"traffic_signals:vibration":null,"traffic_signals:sound":null,"button_operated":null,"access":null,"layer":null,"tunnel":null,"postal_code":null,"footway":null,"crossing:markings":null,"crossing:island":null,"crossing":null,"surface":null,"oneway":null,"old_name":null,"name:etymology:wikidata":null,"name":null,"maxspeed":null,"lit":null,"lanes":null,"service":null},"geometry":{"type":"LineString","coordinates":[[37.8952534,51.3144498],[37.8952889,51.3143704],[37.8954559,51.314422],[37.8954827,51.314463],[37.8954479,51.3145519],[37.8953795,51.3145745],[37.8952952,51.3145788]]}},
{"type":"Feature","properties":{"full_id":"w844597936","osm_id":"844597936","osm_type":"way","highway":"service","tactile_paving":null,"handrail":null,"traffic_signals:vibration":null,"traffic_signals:sound":null,"button_operated":null,"access":null,"layer":null,"tunnel":null,"postal_code":null,"footway":null,"crossing:markings":null,"crossing:island":null,"crossing":null,"surface":null,"oneway":null,"old_name":null,"name:etymology:wikidata":null,"name":null,"maxspeed":null,"lit":null,"lanes":null,"service":null},"geometry":{"type":"LineString","coordinates":[[37.8987114,51.3114226],[37.8986966,51.3114371],[37.8986692,51.3114637],[37.8985901,51.3115417],[37.8985488,51.3115734],[37.8985056,51.3116066],[37.8983742,51.3117378]]}},
{"type":"Feature","properties":{"full_id":"w844597937","osm_id":"844597937","osm_type":"way","highway":"service","tactile_paving":null,"handrail":null,"traffic_signals:vibration":null,"traffic_signals:sound":null,"button_operated":null,"access":null,"layer":null,"tunnel":null,"postal_code":null,"footway":null,"crossing:markings":null,"crossing:island":null,"crossing":null,"surface":null,"oneway":null,"old_name":null,"name:etymology:wikidata":null,"name":null,"maxspeed":null,"lit":null,"lanes":null,"service":null},"geometry":{"type":"LineString","coordinates":[[37.8989001,51.3112373],[37.8988199,51.311316],[37.8987114,51.3114226]]}},
{"type":"Feature","properties":{"full_id":"w844603459","osm_id":"844603459","osm_type":"way","highway":"service","tactile_paving":null,"handrail":null,"traffic_signals:vibration":null,"traffic_signals:sound":null,"button_operated":null,"access":null,"layer":null,"tunnel":null,"postal_code":null,"footway":null,"crossing:markings":null,"crossing:island":null,"crossing":null,"surface":null,"oneway":null,"old_name":null,"name:etymology:wikidata":null,"name":null,"maxspeed":null,"lit":null,"lanes":null,"service":null},"geometry":{"type":"LineString","coordinates":[[37.9014001,51.3133078],[37.9015286,51.3133647]]}},
{"type":"Feature","properties":{"full_id":"w844603460","osm_id":"844603460","osm_type":"way","highway":"path","tactile_paving":null,"handrail":null,"traffic_signals:vibration":null,"traffic_signals:sound":null,"button_operated":null,"access":null,"layer":null,"tunnel":null,"postal_code":null,"footway":null,"crossing:markings":null,"crossing:island":null,"crossing":null,"surface":null,"oneway":null,"old_name":null,"name:etymology:wikidata":null,"name":null,"maxspeed":null,"lit":null,"lanes":null,"service":null},"geometry":{"type":"LineString","coordinates":[[37.9026702,51.3143176],[37.9024082,51.3143507],[37.9020381,51.3144572],[37.901818,51.3145336]]}},
{"type":"Feature","properties":{"full_id":"w844603461","osm_id":"844603461","osm_type":"way","highway":"footway","tactile_paving":null,"handrail":null,"traffic_signals:vibration":null,"traffic_signals:sound":null,"button_operated":null,"access":null,"layer":null,"tunnel":null,"postal_code":null,"footway":null,"crossing:markings":null,"crossing:island":null,"crossing":null,"surface":null,"oneway":null,"old_name":null,"name:etymology:wikidata":null,"name":null,"maxspeed":null,"lit":null,"lanes":null,"service":null},"geometry":{"type":"LineString","coordinates":[[37.8998674,51.3132232],[37.8999808,51.3132115],[37.9001766,51.3132509],[37.9002795,51.3132974],[37.9003121,51.3133121],[37.9003322,51.3133582],[37.9004449,51.3134161],[37.9010497,51.3136801],[37.9013863,51.3138268],[37.9015701,51.3138972],[37.9017162,51.3139702],[37.9017601,51.3140458],[37.9017779,51.3140766],[37.9018061,51.3141789],[37.9018329,51.3144086],[37.901818,51.3145336],[37.9017833,51.314603],[37.9017055,51.3146651],[37.9015405,51.3147942],[37.901518,51.3148104]]}},
{"type":"Feature","properties":{"full_id":"w844603462","osm_id":"844603462","osm_type":"way","highway":"path","tactile_paving":null,"handrail":null,"traffic_signals:vibration":null,"traffic_signals:sound":null,"button_operated":null,"access":null,"layer":null,"tunnel":null,"postal_code":null,"footway":null,"crossing:markings":null,"crossing:island":null,"crossing":null,"surface":null,"oneway":null,"old_name":null,"name:etymology:wikidata":null,"name":null,"maxspeed":null,"lit":null,"lanes":null,"service":null},"geometry":{"type":"LineString","coordinates":[[37.8993885,51.31353],[37.8994149,51.3133783],[37.8994431,51.3131998],[37.8993559,51.3130305],[37.8992392,51.3129123],[37.8991695,51.312846],[37.8991507,51.312815],[37.8991509,51.3127355]]}},
{"type":"Feature","properties":{"full_id":"w844603463","osm_id":"844603463","osm_type":"way","highway":"footway","tactile_paving":null,"handrail":null,"traffic_signals:vibration":null,"traffic_signals:sound":null,"button_operated":null,"access":null,"layer":null,"tunnel":null,"postal_code":null,"footway":null,"crossing:markings":null,"crossing:island":null,"crossing":null,"surface":null,"oneway":null,"old_name":null,"name:etymology:wikidata":null,"name":null,"maxspeed":null,"lit":null,"lanes":null,"service":null},"geometry":{"type":"LineString","coordinates":[[37.8992375,51.3138205],[37.8992338,51.313712],[37.8992741,51.313634],[37.8993666,51.3135493],[37.8993885,51.31353],[37.8995101,51.3134228],[37.8996094,51.3133188],[37.8997059,51.3132207],[37.8997475,51.3131738],[37.899785,51.3131042]]}},
{"type":"Feature","properties":{"full_id":"w844603974","osm_id":"844603974","osm_type":"way","highway":"service","tactile_paving":null,"handrail":null,"traffic_signals:vibration":null,"traffic_signals:sound":null,"button_operated":null,"access":null,"layer":null,"tunnel":null,"postal_code":null,"footway":null,"crossing:markings":null,"crossing:island":null,"crossing":null,"surface":null,"oneway":null,"old_name":null,"name:etymology:wikidata":null,"name":null,"maxspeed":null,"lit":null,"lanes":null,"service":"parking_aisle"},"geometry":{"type":"LineString","coordinates":[[37.9037681,51.3155187],[37.9039368,51.315591]]}},
{"type":"Feature","properties":{"full_id":"w844604764","osm_id":"844604764","osm_type":"way","highway":"footway","tactile_paving":null,"handrail":null,"traffic_signals:vibration":null,"traffic_signals:sound":null,"button_operated":null,"access":null,"layer":null,"tunnel":null,"postal_code":null,"footway":null,"crossing:markings":null,"crossing:island":null,"crossing":null,"surface":null,"oneway":null,"old_name":null,"name:etymology:wikidata":null,"name":null,"maxspeed":null,"lit":null,"lanes":null,"service":null},"geometry":{"type":"LineString","coordinates":[[37.8954887,51.3151859],[37.8956021,51.3151772],[37.8957027,51.3151906],[37.8958181,51.3152711],[37.8959806,51.3152956]]}},
{"type":"Feature","properties":{"full_id":"w844604766","osm_id":"844604766","osm_type":"way","highway":"footway","tactile_paving":null,"handrail":null,"traffic_signals:vibration":null,"traffic_signals:sound":null,"button_operated":null,"access":null,"layer":null,"tunnel":null,"postal_code":null,"footway":null,"crossing:markings":null,"crossing:island":null,"crossing":null,"surface":null,"oneway":null,"old_name":null,"name:etymology:wikidata":null,"name":null,"maxspeed":null,"lit":null,"lanes":null,"service":null},"geometry":{"type":"LineString","coordinates":[[37.8951126,51.3156575],[37.8952387,51.3157212],[37.8955793,51.3158596],[37.8957403,51.3159367],[37.8959495,51.3159417],[37.8962821,51.3159132],[37.8965342,51.3158822],[37.8966938,51.3157749],[37.896789,51.3156936]]}},
{"type":"Feature","properties":{"full_id":"w844604767","osm_id":"844604767","osm_type":"way","highway":"footway","tactile_paving":null,"handrail":null,"traffic_signals:vibration":null,"traffic_signals:sound":null,"button_operated":null,"access":null,"layer":null,"tunnel":null,"postal_code":null,"footway":null,"crossing:markings":null,"crossing:island":null,"crossing":null,"surface":null,"oneway":null,"old_name":null,"name:etymology:wikidata":null,"name":null,"maxspeed":null,"lit":null,"lanes":null,"service":null},"geometry":{"type":"LineString","coordinates":[[37.8953451,51.3149992],[37.8952709,51.3150473],[37.8951462,51.3151202],[37.8950402,51.3151865],[37.8950335,51.3152854],[37.895063,51.3154363],[37.8951006,51.3155871],[37.8951126,51.3156575],[37.8950501,51.315727]]}},
{"type":"Feature","properties":{"full_id":"w844607184","osm_id":"844607184","osm_type":"way","highway":"service","tactile_paving":null,"handrail":null,"traffic_signals:vibration":null,"traffic_signals:sound":null,"button_operated":null,"access":null,"layer":null,"tunnel":null,"postal_code":null,"footway":null,"crossing:markings":null,"crossing:island":null,"crossing":null,"surface":null,"oneway":null,"old_name":null,"name:etymology:wikidata":null,"name":null,"maxspeed":null,"lit":null,"lanes":null,"service":"parking_aisle"},"geometry":{"type":"LineString","coordinates":[[37.9001191,51.3136515],[37.900119,51.3135778],[37.9002783,51.3134067]]}},
{"type":"Feature","properties":{"full_id":"w844607611","osm_id":"844607611","osm_type":"way","highway":"footway","tactile_paving":null,"handrail":null,"traffic_signals:vibration":null,"traffic_signals:sound":null,"button_operated":null,"access":null,"layer":null,"tunnel":null,"postal_code":null,"footway":null,"crossing:markings":null,"crossing:island":null,"crossing":null,"surface":null,"oneway":null,"old_name":null,"name:etymology:wikidata":null,"name":null,"maxspeed":null,"lit":null,"lanes":null,"service":null},"geometry":{"type":"LineString","coordinates":[[37.8975751,51.3139492],[37.8975467,51.3138419],[37.8975123,51.3137849]]}},
{"type":"Feature","properties":{"full_id":"w844711365","osm_id":"844711365","osm_type":"way","highway":"footway","tactile_paving":null,"handrail":null,"traffic_signals:vibration":null,"traffic_signals:sound":null,"button_operated":null,"access":null,"layer":null,"tunnel":null,"postal_code":null,"footway":null,"crossing:markings":null,"crossing:island":null,"crossing":null,"surface":null,"oneway":null,"old_name":null,"name:etymology:wikidata":null,"name":null,"maxspeed":null,"lit":null,"lanes":null,"service":null},"geometry":{"type":"LineString","coordinates":[[37.8996301,51.3113419],[37.8997169,51.3112551],[37.8996708,51.3110369],[37.8996415,51.3108576],[37.8996457,51.3106986]]}},
{"type":"Feature","properties":{"full_id":"w844711369","osm_id":"844711369","osm_type":"way","highway":"service","tactile_paving":null,"handrail":null,"traffic_signals:vibration":null,"traffic_signals:sound":null,"button_operated":null,"access":null,"layer":null,"tunnel":null,"postal_code":null,"footway":null,"crossing:markings":null,"crossing:island":null,"crossing":null,"surface":null,"oneway":null,"old_name":null,"name:etymology:wikidata":null,"name":null,"maxspeed":null,"lit":null,"lanes":null,"service":null},"geometry":{"type":"LineString","coordinates":[[37.9034847,51.3099164],[37.9034535,51.3098737],[37.9034188,51.3098453],[37.9033028,51.3097887],[37.9026441,51.3094909],[37.902625,51.3094612],[37.9026448,51.3094424]]}},
{"type":"Feature","properties":{"full_id":"w844711370","osm_id":"844711370","osm_type":"way","highway":"service","tactile_paving":null,"handrail":null,"traffic_signals:vibration":null,"traffic_signals:sound":null,"button_operated":null,"access":null,"layer":null,"tunnel":null,"postal_code":null,"footway":null,"crossing:markings":null,"crossing:island":null,"crossing":null,"surface":null,"oneway":null,"old_name":null,"name:etymology:wikidata":null,"name":null,"maxspeed":null,"lit":null,"lanes":null,"service":"parking_aisle"},"geometry":{"type":"LineString","coordinates":[[37.9036621,51.3099459],[37.9037115,51.3099661],[37.9037105,51.310034],[37.9037654,51.3102247],[37.9043918,51.3104719],[37.9047322,51.3101419],[37.9046425,51.3099103],[37.9041709,51.3097094],[37.9040095,51.3098482],[37.903866,51.3098432],[37.9037115,51.3099661]]}},
{"type":"Feature","properties":{"full_id":"w844711373","osm_id":"844711373","osm_type":"way","highway":"footway","tactile_paving":null,"handrail":null,"traffic_signals:vibration":null,"traffic_signals:sound":null,"button_operated":null,"access":null,"layer":null,"tunnel":null,"postal_code":null,"footway":null,"crossing:markings":null,"crossing:island":null,"crossing":null,"surface":null,"oneway":null,"old_name":null,"name:etymology:wikidata":null,"name":null,"maxspeed":null,"lit":null,"lanes":null,"service":null},"geometry":{"type":"LineString","coordinates":[[37.9014135,51.308859],[37.9015178,51.308784]]}},
{"type":"Feature","properties":{"full_id":"w844711374","osm_id":"844711374","osm_type":"way","highway":"footway","tactile_paving":null,"handrail":null,"traffic_signals:vibration":null,"traffic_signals:sound":null,"button_operated":null,"access":null,"layer":null,"tunnel":null,"postal_code":null,"footway":null,"crossing:markings":null,"crossing:island":null,"crossing":null,"surface":null,"oneway":null,"old_name":null,"name:etymology:wikidata":null,"name":null,"maxspeed":null,"lit":null,"lanes":null,"service":null},"geometry":{"type":"LineString","coordinates":[[37.9024529,51.3081744],[37.9026196,51.3081383],[37.9032275,51.3079514],[37.9033068,51.3079653],[37.9034503,51.3078278],[37.9035087,51.3078295],[37.9036451,51.3078339],[37.9039188,51.3078426],[37.9039523,51.3078091]]}},
{"type":"Feature","properties":{"full_id":"w844711378","osm_id":"844711378","osm_type":"way","highway":"service","tactile_paving":null,"handrail":null,"traffic_signals:vibration":null,"traffic_signals:sound":null,"button_operated":null,"access":null,"layer":null,"tunnel":null,"postal_code":null,"footway":null,"crossing:markings":null,"crossing:island":null,"crossing":null,"surface":null,"oneway":null,"old_name":null,"name:etymology:wikidata":null,"name":null,"maxspeed":null,"lit":null,"lanes":null,"service":null},"geometry":{"type":"LineString","coordinates":[[37.9006501,51.3085337],[37.9009785,51.308661],[37.9014135,51.308859]]}},
{"type":"Feature","properties":{"full_id":"w844711390","osm_id":"844711390","osm_type":"way","highway":"path","tactile_paving":null,"handrail":null,"traffic_signals:vibration":null,"traffic_signals:sound":null,"button_operated":null,"access":null,"layer":null,"tunnel":null,"postal_code":null,"footway":null,"crossing:markings":null,"crossing:island":null,"crossing":null,"surface":null,"oneway":null,"old_name":null,"name:etymology:wikidata":null,"name":null,"maxspeed":null,"lit":null,"lanes":null,"service":null},"geometry":{"type":"LineString","coordinates":[[37.9038995,51.3081062],[37.9040203,51.3082505],[37.9042439,51.3084417],[37.9044172,51.3085899],[37.904556,51.3087661],[37.9045889,51.3088079],[37.9047769,51.3089974]]}},
{"type":"Feature","properties":{"full_id":"w844711402","osm_id":"844711402","osm_type":"way","highway":"footway","tactile_paving":null,"handrail":null,"traffic_signals:vibration":null,"traffic_signals:sound":null,"button_operated":null,"access":null,"layer":null,"tunnel":null,"postal_code":null,"footway":null,"crossing:markings":null,"crossing:island":null,"crossing":null,"surface":null,"oneway":null,"old_name":null,"name:etymology:wikidata":null,"name":null,"maxspeed":null,"lit":null,"lanes":null,"service":null},"geometry":{"type":"LineString","coordinates":[[37.9041988,51.3120357],[37.9042348,51.3120111],[37.9043864,51.3118745],[37.9046412,51.3116531],[37.904892,51.3115266],[37.9051803,51.3114087],[37.9055954,51.3112631],[37.9056792,51.3112256],[37.9057595,51.3111863]]}},
{"type":"Feature","properties":{"full_id":"w844711407","osm_id":"844711407","osm_type":"way","highway":"footway","tactile_paving":null,"handrail":null,"traffic_signals:vibration":null,"traffic_signals:sound":null,"button_operated":null,"access":null,"layer":null,"tunnel":null,"postal_code":null,"footway":null,"crossing:markings":null,"crossing:island":null,"crossing":null,"surface":null,"oneway":null,"old_name":null,"name:etymology:wikidata":null,"name":null,"maxspeed":null,"lit":null,"lanes":null,"service":null},"geometry":{"type":"LineString","coordinates":[[37.9046971,51.3107527],[37.9045741,51.3107671],[37.9044776,51.310788],[37.9043689,51.3107654],[37.9041155,51.3107553]]}},
{"type":"Feature","properties":{"full_id":"w844711409","osm_id":"844711409","osm_type":"way","highway":"service","tactile_paving":null,"handrail":null,"traffic_signals:vibration":null,"traffic_signals:sound":null,"button_operated":null,"access":null,"layer":null,"tunnel":null,"postal_code":null,"footway":null,"crossing:markings":null,"crossing:island":null,"crossing":null,"surface":null,"oneway":null,"old_name":null,"name:etymology:wikidata":null,"name":null,"maxspeed":null,"lit":null,"lanes":null,"service":null},"geometry":{"type":"LineString","coordinates":[[37.9022673,51.3115401],[37.9025625,51.3113098],[37.9031715,51.3107603],[37.9032317,51.3106966],[37.9032317,51.3106262],[37.9032094,51.3105821],[37.9028941,51.3104485],[37.9028772,51.3103969]]}},
{"type":"Feature","properties":{"full_id":"w844717208","osm_id":"844717208","osm_type":"way","highway":"path","tactile_paving":null,"handrail":null,"traffic_signals:vibration":null,"traffic_signals:sound":null,"button_operated":null,"access":null,"layer":null,"tunnel":null,"postal_code":null,"footway":null,"crossing:markings":null,"crossing:island":null,"crossing":null,"surface":null,"oneway":null,"old_name":null,"name:etymology:wikidata":null,"name":null,"maxspeed":null,"lit":null,"lanes":null,"service":null},"geometry":{"type":"LineString","coordinates":[[37.9038995,51.3081062],[37.9037909,51.3079343],[37.9036729,51.3078748],[37.9036451,51.3078339]]}},
{"type":"Feature","properties":{"full_id":"w844717210","osm_id":"844717210","osm_type":"way","highway":"service","tactile_paving":null,"handrail":null,"traffic_signals:vibration":null,"traffic_signals:sound":null,"button_operated":null,"access":null,"layer":null,"tunnel":null,"postal_code":null,"footway":null,"crossing:markings":null,"crossing:island":null,"crossing":null,"surface":null,"oneway":null,"old_name":null,"name:etymology:wikidata":null,"name":null,"maxspeed":null,"lit":null,"lanes":null,"service":null},"geometry":{"type":"LineString","coordinates":[[37.9043576,51.307013],[37.9043555,51.3070741],[37.9043649,51.3071286]]}},
{"type":"Feature","properties":{"full_id":"w844719947","osm_id":"844719947","osm_type":"way","highway":"footway","tactile_paving":null,"handrail":null,"traffic_signals:vibration":null,"traffic_signals:sound":null,"button_operated":null,"access":null,"layer":null,"tunnel":null,"postal_code":null,"footway":null,"crossing:markings":null,"crossing:island":null,"crossing":null,"surface":null,"oneway":null,"old_name":null,"name:etymology:wikidata":null,"name":null,"maxspeed":null,"lit":null,"lanes":null,"service":null},"geometry":{"type":"LineString","coordinates":[[37.9031063,51.3128533],[37.9030788,51.3128083],[37.9025221,51.3123178]]}},
{"type":"Feature","properties":{"full_id":"w844719956","osm_id":"844719956","osm_type":"way","highway":"footway","tactile_paving":null,"handrail":null,"traffic_signals:vibration":null,"traffic_signals:sound":null,"button_operated":null,"access":null,"layer":null,"tunnel":null,"postal_code":null,"footway":null,"crossing:markings":null,"crossing:island":null,"crossing":null,"surface":null,"oneway":null,"old_name":null,"name:etymology:wikidata":null,"name":null,"maxspeed":null,"lit":null,"lanes":null,"service":null},"geometry":{"type":"LineString","coordinates":[[37.9027274,51.3122693],[37.9029621,51.3120513],[37.9030667,51.3119496]]}},
{"type":"Feature","properties":{"full_id":"w844719957","osm_id":"844719957","osm_type":"way","highway":"footway","tactile_paving":null,"handrail":null,"traffic_signals:vibration":null,"traffic_signals:sound":null,"button_operated":null,"access":null,"layer":null,"tunnel":null,"postal_code":null,"footway":null,"crossing:markings":null,"crossing:island":null,"crossing":null,"surface":null,"oneway":null,"old_name":null,"name:etymology:wikidata":null,"name":null,"maxspeed":null,"lit":null,"lanes":null,"service":null},"geometry":{"type":"LineString","coordinates":[[37.9023874,51.3121264],[37.9026188,51.3119013],[37.9027217,51.3118006]]}},
{"type":"Feature","properties":{"full_id":"w844719958","osm_id":"844719958","osm_type":"way","highway":"steps","tactile_paving":null,"handrail":null,"traffic_signals:vibration":null,"traffic_signals:sound":null,"button_operated":null,"access":null,"layer":null,"tunnel":null,"postal_code":null,"footway":null,"crossing:markings":null,"crossing:island":null,"crossing":null,"surface":null,"oneway":null,"old_name":null,"name:etymology:wikidata":null,"name":null,"maxspeed":null,"lit":null,"lanes":null,"service":null},"geometry":{"type":"LineString","coordinates":[[37.9024566,51.3122048],[37.9024123,51.3121486]]}},
{"type":"Feature","properties":{"full_id":"w844719959","osm_id":"844719959","osm_type":"way","highway":"steps","tactile_paving":null,"handrail":null,"traffic_signals:vibration":null,"traffic_signals:sound":null,"button_operated":null,"access":null,"layer":null,"tunnel":null,"postal_code":null,"footway":null,"crossing:markings":null,"crossing:island":null,"crossing":null,"surface":null,"oneway":null,"old_name":null,"name:etymology:wikidata":null,"name":null,"maxspeed":null,"lit":null,"lanes":null,"service":null},"geometry":{"type":"LineString","coordinates":[[37.9027274,51.3122693],[37.9025679,51.3122633]]}},
{"type":"Feature","properties":{"full_id":"w844719960","osm_id":"844719960","osm_type":"way","highway":"footway","tactile_paving":null,"handrail":null,"traffic_signals:vibration":null,"traffic_signals:sound":null,"button_operated":null,"access":null,"layer":null,"tunnel":null,"postal_code":null,"footway":null,"crossing:markings":null,"crossing:island":null,"crossing":null,"surface":null,"oneway":null,"old_name":null,"name:etymology:wikidata":null,"name":null,"maxspeed":null,"lit":null,"lanes":null,"service":null},"geometry":{"type":"LineString","coordinates":[[37.9037249,51.3123708],[37.9036611,51.3123716],[37.9027274,51.3122693]]}},
{"type":"Feature","properties":{"full_id":"w844719961","osm_id":"844719961","osm_type":"way","highway":"footway","tactile_paving":null,"handrail":null,"traffic_signals:vibration":null,"traffic_signals:sound":null,"button_operated":null,"access":null,"layer":null,"tunnel":null,"postal_code":null,"footway":null,"crossing:markings":null,"crossing:island":null,"crossing":null,"surface":null,"oneway":null,"old_name":null,"name:etymology:wikidata":null,"name":null,"maxspeed":null,"lit":null,"lanes":null,"service":null},"geometry":{"type":"LineString","coordinates":[[37.9012145,51.3120273],[37.9013085,51.3120262],[37.9023725,51.3122584]]}},
{"type":"Feature","properties":{"full_id":"w844719962","osm_id":"844719962","osm_type":"way","highway":"footway","tactile_paving":null,"handrail":null,"traffic_signals:vibration":null,"traffic_signals:sound":null,"button_operated":null,"access":null,"layer":null,"tunnel":null,"postal_code":null,"footway":null,"crossing:markings":null,"crossing:island":null,"crossing":null,"surface":null,"oneway":null,"old_name":null,"name:etymology:wikidata":null,"name":null,"maxspeed":null,"lit":null,"lanes":null,"service":null},"geometry":{"type":"LineString","coordinates":[[37.8992874,51.3101645],[37.8994203,51.3102263],[37.8995718,51.31029],[37.8997314,51.3103688],[37.900245,51.3105843],[37.9003134,51.3106129],[37.9003912,51.310638],[37.9003979,51.3107914],[37.9004918,51.3108278],[37.9005924,51.3108668],[37.9013515,51.3111946],[37.9015702,51.3112917],[37.9017296,51.3113614],[37.9018495,51.3114136]]}},
{"type":"Feature","properties":{"full_id":"w844719963","osm_id":"844719963","osm_type":"way","highway":"path","tactile_paving":null,"handrail":null,"traffic_signals:vibration":null,"traffic_signals:sound":null,"button_operated":null,"access":null,"layer":null,"tunnel":null,"postal_code":null,"footway":null,"crossing:markings":null,"crossing:island":null,"crossing":null,"surface":null,"oneway":null,"old_name":null,"name:etymology:wikidata":null,"name":null,"maxspeed":null,"lit":null,"lanes":null,"service":null},"geometry":{"type":"LineString","coordinates":[[37.904556,51.3087661],[37.9038137,51.3084692]]}},
{"type":"Feature","properties":{"full_id":"w844719964","osm_id":"844719964","osm_type":"way","highway":"path","tactile_paving":null,"handrail":null,"traffic_signals:vibration":null,"traffic_signals:sound":null,"button_operated":null,"access":null,"layer":null,"tunnel":null,"postal_code":null,"footway":null,"crossing:markings":null,"crossing:island":null,"crossing":null,"surface":null,"oneway":null,"old_name":null,"name:etymology:wikidata":null,"name":null,"maxspeed":null,"lit":null,"lanes":null,"service":null},"geometry":{"type":"LineString","coordinates":[[37.9052363,51.308397],[37.9046532,51.3084155],[37.9042439,51.3084417],[37.9038137,51.3084692],[37.9034615,51.3084951]]}},
{"type":"Feature","properties":{"full_id":"w844721019","osm_id":"844721019","osm_type":"way","highway":"footway","tactile_paving":null,"handrail":null,"traffic_signals:vibration":null,"traffic_signals:sound":null,"button_operated":null,"access":null,"layer":null,"tunnel":null,"postal_code":null,"footway":null,"crossing:markings":null,"crossing:island":null,"crossing":null,"surface":null,"oneway":null,"old_name":null,"name:etymology:wikidata":null,"name":null,"maxspeed":null,"lit":null,"lanes":null,"service":null},"geometry":{"type":"LineString","coordinates":[[37.9037866,51.3106169],[37.9035334,51.3105994],[37.9033323,51.3106019],[37.9032317,51.3106262]]}},
{"type":"Feature","properties":{"full_id":"w844722788","osm_id":"844722788","osm_type":"way","highway":"footway","tactile_paving":null,"handrail":null,"traffic_signals:vibration":null,"traffic_signals:sound":null,"button_operated":null,"access":null,"layer":null,"tunnel":null,"postal_code":null,"footway":null,"crossing:markings":null,"crossing:island":null,"crossing":null,"surface":null,"oneway":null,"old_name":null,"name:etymology:wikidata":null,"name":null,"maxspeed":null,"lit":null,"lanes":null,"service":null},"geometry":{"type":"LineString","coordinates":[[37.9040842,51.3138288],[37.9039907,51.3139073],[37.9038674,51.3139861],[37.9036941,51.3140433]]}},
{"type":"Feature","properties":{"full_id":"w844722789","osm_id":"844722789","osm_type":"way","highway":"footway","tactile_paving":null,"handrail":null,"traffic_signals:vibration":null,"traffic_signals:sound":null,"button_operated":null,"access":null,"layer":null,"tunnel":null,"postal_code":null,"footway":null,"crossing:markings":null,"crossing:island":null,"crossing":null,"surface":null,"oneway":null,"old_name":null,"name:etymology:wikidata":null,"name":null,"maxspeed":null,"lit":null,"lanes":null,"service":null},"geometry":{"type":"LineString","coordinates":[[37.9034765,51.3135593],[37.9031836,51.3138242]]}},
{"type":"Feature","properties":{"full_id":"w844854427","osm_id":"844854427","osm_type":"way","highway":"service","tactile_paving":null,"handrail":null,"traffic_signals:vibration":null,"traffic_signals:sound":null,"button_operated":null,"access":null,"layer":null,"tunnel":null,"postal_code":null,"footway":null,"crossing:markings":null,"crossing:island":null,"crossing":null,"surface":null,"oneway":null,"old_name":null,"name:etymology:wikidata":null,"name":null,"maxspeed":null,"lit":null,"lanes":null,"service":"parking_aisle"},"geometry":{"type":"LineString","coordinates":[[37.8898782,51.3071458],[37.8899354,51.3070914],[37.8900434,51.3069932]]}},
{"type":"Feature","properties":{"full_id":"w844854428","osm_id":"844854428","osm_type":"way","highway":"service","tactile_paving":null,"handrail":null,"traffic_signals:vibration":null,"traffic_signals:sound":null,"button_operated":null,"access":null,"layer":null,"tunnel":null,"postal_code":null,"footway":null,"crossing:markings":null,"crossing:island":null,"crossing":null,"surface":null,"oneway":null,"old_name":null,"name:etymology:wikidata":null,"name":null,"maxspeed":null,"lit":null,"lanes":null,"service":null},"geometry":{"type":"LineString","coordinates":[[37.8899384,51.3071699],[37.8899202,51.3071893],[37.8897914,51.307306]]}},
{"type":"Feature","properties":{"full_id":"w844854621","osm_id":"844854621","osm_type":"way","highway":"service","tactile_paving":null,"handrail":null,"traffic_signals:vibration":null,"traffic_signals:sound":null,"button_operated":null,"access":null,"layer":null,"tunnel":null,"postal_code":null,"footway":null,"crossing:markings":null,"crossing:island":null,"crossing":null,"surface":null,"oneway":null,"old_name":null,"name:etymology:wikidata":null,"name":null,"maxspeed":null,"lit":null,"lanes":null,"service":"parking_aisle"},"geometry":{"type":"LineString","coordinates":[[37.8804631,51.3082601],[37.8807199,51.3083557]]}},
{"type":"Feature","properties":{"full_id":"w844854622","osm_id":"844854622","osm_type":"way","highway":"service","tactile_paving":null,"handrail":null,"traffic_signals:vibration":null,"traffic_signals:sound":null,"button_operated":null,"access":null,"layer":null,"tunnel":"yes","postal_code":null,"footway":null,"crossing:markings":null,"crossing:island":null,"crossing":null,"surface":null,"oneway":null,"old_name":null,"name:etymology:wikidata":null,"name":null,"maxspeed":null,"lit":null,"lanes":null,"service":"parking_aisle"},"geometry":{"type":"LineString","coordinates":[[37.8803997,51.308234],[37.8804631,51.3082601]]}},
{"type":"Feature","properties":{"full_id":"w844854747","osm_id":"844854747","osm_type":"way","highway":"service","tactile_paving":null,"handrail":null,"traffic_signals:vibration":null,"traffic_signals:sound":null,"button_operated":null,"access":null,"layer":null,"tunnel":null,"postal_code":null,"footway":null,"crossing:markings":null,"crossing:island":null,"crossing":null,"surface":null,"oneway":null,"old_name":null,"name:etymology:wikidata":null,"name":null,"maxspeed":null,"lit":null,"lanes":null,"service":null},"geometry":{"type":"LineString","coordinates":[[37.8807199,51.3083557],[37.8809379,51.3084433]]}},
{"type":"Feature","properties":{"full_id":"w844855329","osm_id":"844855329","osm_type":"way","highway":"service","tactile_paving":null,"handrail":null,"traffic_signals:vibration":null,"traffic_signals:sound":null,"button_operated":null,"access":null,"layer":null,"tunnel":null,"postal_code":null,"footway":null,"crossing:markings":null,"crossing:island":null,"crossing":null,"surface":null,"oneway":null,"old_name":null,"name:etymology:wikidata":null,"name":null,"maxspeed":null,"lit":null,"lanes":null,"service":"parking_aisle"},"geometry":{"type":"LineString","coordinates":[[37.8973925,51.3071554],[37.8972735,51.3071348],[37.8972034,51.3071672],[37.8969951,51.3073346]]}},
{"type":"Feature","properties":{"full_id":"w844976496","osm_id":"844976496","osm_type":"way","highway":"footway","tactile_paving":null,"handrail":null,"traffic_signals:vibration":null,"traffic_signals:sound":null,"button_operated":null,"access":null,"layer":null,"tunnel":null,"postal_code":null,"footway":null,"crossing:markings":null,"crossing:island":null,"crossing":null,"surface":null,"oneway":null,"old_name":null,"name:etymology:wikidata":null,"name":null,"maxspeed":null,"lit":null,"lanes":null,"service":null},"geometry":{"type":"LineString","coordinates":[[37.8840014,51.3077332],[37.8839278,51.3076928],[37.8838125,51.307562],[37.8837141,51.307522],[37.8836136,51.3074769],[37.8835027,51.3074271],[37.8833019,51.3073467]]}},
{"type":"Feature","properties":{"full_id":"w844976498","osm_id":"844976498","osm_type":"way","highway":"footway","tactile_paving":null,"handrail":null,"traffic_signals:vibration":null,"traffic_signals:sound":null,"button_operated":null,"access":null,"layer":null,"tunnel":null,"postal_code":null,"footway":null,"crossing:markings":null,"crossing:island":null,"crossing":null,"surface":null,"oneway":null,"old_name":null,"name:etymology:wikidata":null,"name":null,"maxspeed":null,"lit":null,"lanes":null,"service":null},"geometry":{"type":"LineString","coordinates":[[37.8869997,51.3089864],[37.8883069,51.3095648]]}},
{"type":"Feature","properties":{"full_id":"w844976503","osm_id":"844976503","osm_type":"way","highway":"service","tactile_paving":null,"handrail":null,"traffic_signals:vibration":null,"traffic_signals:sound":null,"button_operated":null,"access":null,"layer":null,"tunnel":null,"postal_code":null,"footway":null,"crossing:markings":null,"crossing:island":null,"crossing":null,"surface":null,"oneway":null,"old_name":null,"name:etymology:wikidata":null,"name":null,"maxspeed":null,"lit":null,"lanes":null,"service":null},"geometry":{"type":"LineString","coordinates":[[37.8819485,51.311721],[37.881294,51.3114297],[37.881281,51.3113794],[37.881311,51.3113363]]}},
{"type":"Feature","properties":{"full_id":"w844979421","osm_id":"844979421","osm_type":"way","highway":"footway","tactile_paving":null,"handrail":null,"traffic_signals:vibration":null,"traffic_signals:sound":null,"button_operated":null,"access":null,"layer":null,"tunnel":null,"postal_code":null,"footway":null,"crossing:markings":null,"crossing:island":null,"crossing":null,"surface":null,"oneway":null,"old_name":null,"name:etymology:wikidata":null,"name":null,"maxspeed":null,"lit":null,"lanes":null,"service":null},"geometry":{"type":"LineString","coordinates":[[37.8960187,51.3104226],[37.8957541,51.3103065],[37.8956604,51.3102704],[37.8955427,51.3102575],[37.8952791,51.3101428],[37.8947487,51.309912],[37.8941248,51.3096405],[37.8937984,51.3094984]]}},
{"type":"Feature","properties":{"full_id":"w844979423","osm_id":"844979423","osm_type":"way","highway":"footway","tactile_paving":null,"handrail":null,"traffic_signals:vibration":null,"traffic_signals:sound":null,"button_operated":null,"access":null,"layer":null,"tunnel":null,"postal_code":null,"footway":null,"crossing:markings":null,"crossing:island":null,"crossing":null,"surface":null,"oneway":null,"old_name":null,"name:etymology:wikidata":null,"name":null,"maxspeed":null,"lit":null,"lanes":null,"service":null},"geometry":{"type":"LineString","coordinates":[[37.8898247,51.3078712],[37.8899461,51.307812]]}},
{"type":"Feature","properties":{"full_id":"w844979424","osm_id":"844979424","osm_type":"way","highway":"footway","tactile_paving":null,"handrail":null,"traffic_signals:vibration":null,"traffic_signals:sound":null,"button_operated":null,"access":null,"layer":null,"tunnel":null,"postal_code":null,"footway":null,"crossing:markings":null,"crossing:island":null,"crossing":null,"surface":null,"oneway":null,"old_name":null,"name:etymology:wikidata":null,"name":null,"maxspeed":null,"lit":null,"lanes":null,"service":null},"geometry":{"type":"LineString","coordinates":[[37.8890276,51.3076409],[37.8893061,51.3076304],[37.8894924,51.3076187]]}},
{"type":"Feature","properties":{"full_id":"w844983771","osm_id":"844983771","osm_type":"way","highway":"footway","tactile_paving":null,"handrail":null,"traffic_signals:vibration":null,"traffic_signals:sound":null,"button_operated":null,"access":null,"layer":null,"tunnel":null,"postal_code":null,"footway":null,"crossing:markings":null,"crossing:island":null,"crossing":null,"surface":null,"oneway":null,"old_name":null,"name:etymology:wikidata":null,"name":null,"maxspeed":null,"lit":null,"lanes":null,"service":null},"geometry":{"type":"LineString","coordinates":[[37.8967568,51.3106421],[37.8967763,51.3106503]]}},
{"type":"Feature","properties":{"full_id":"w844983772","osm_id":"844983772","osm_type":"way","highway":"steps","tactile_paving":null,"handrail":null,"traffic_signals:vibration":null,"traffic_signals:sound":null,"button_operated":null,"access":null,"layer":null,"tunnel":null,"postal_code":null,"footway":null,"crossing:markings":null,"crossing:island":null,"crossing":null,"surface":null,"oneway":null,"old_name":null,"name:etymology:wikidata":null,"name":null,"maxspeed":null,"lit":null,"lanes":null,"service":null},"geometry":{"type":"LineString","coordinates":[[37.8966455,51.3105994],[37.8967568,51.3106421]]}},
{"type":"Feature","properties":{"full_id":"w844983773","osm_id":"844983773","osm_type":"way","highway":"footway","tactile_paving":null,"handrail":null,"traffic_signals:vibration":null,"traffic_signals:sound":null,"button_operated":null,"access":null,"layer":null,"tunnel":null,"postal_code":null,"footway":null,"crossing:markings":null,"crossing:island":null,"crossing":null,"surface":null,"oneway":null,"old_name":null,"name:etymology:wikidata":null,"name":null,"maxspeed":null,"lit":null,"lanes":null,"service":null},"geometry":{"type":"LineString","coordinates":[[37.8959401,51.3102783],[37.8966455,51.3105994]]}},
{"type":"Feature","properties":{"full_id":"w844983774","osm_id":"844983774","osm_type":"way","highway":"footway","tactile_paving":null,"handrail":null,"traffic_signals:vibration":null,"traffic_signals:sound":null,"button_operated":null,"access":null,"layer":null,"tunnel":null,"postal_code":null,"footway":null,"crossing:markings":null,"crossing:island":null,"crossing":null,"surface":null,"oneway":null,"old_name":null,"name:etymology:wikidata":null,"name":null,"maxspeed":null,"lit":null,"lanes":null,"service":null},"geometry":{"type":"LineString","coordinates":[[37.8957541,51.3103065],[37.8958489,51.3102607],[37.8959401,51.3102783],[37.8960434,51.3101836],[37.896114,51.3101222],[37.8961741,51.3100699],[37.8962817,51.3099735]]}},
{"type":"Feature","properties":{"full_id":"w845050962","osm_id":"845050962","osm_type":"way","highway":"footway","tactile_paving":null,"handrail":null,"traffic_signals:vibration":null,"traffic_signals:sound":null,"button_operated":null,"access":null,"layer":null,"tunnel":null,"postal_code":null,"footway":null,"crossing:markings":null,"crossing:island":null,"crossing":null,"surface":null,"oneway":null,"old_name":null,"name:etymology:wikidata":null,"name":null,"maxspeed":null,"lit":null,"lanes":null,"service":null},"geometry":{"type":"LineString","coordinates":[[37.892412,51.3117789],[37.8926423,51.3118887],[37.8929039,51.3119954],[37.8929936,51.312032]]}},
{"type":"Feature","properties":{"full_id":"w845050964","osm_id":"845050964","osm_type":"way","highway":"footway","tactile_paving":null,"handrail":null,"traffic_signals:vibration":null,"traffic_signals:sound":null,"button_operated":null,"access":null,"layer":null,"tunnel":null,"postal_code":null,"footway":null,"crossing:markings":null,"crossing:island":null,"crossing":null,"surface":null,"oneway":null,"old_name":null,"name:etymology:wikidata":null,"name":null,"maxspeed":null,"lit":null,"lanes":null,"service":null},"geometry":{"type":"LineString","coordinates":[[37.8885215,51.3121907],[37.8883213,51.3121352],[37.8880162,51.3120734]]}},
{"type":"Feature","properties":{"full_id":"w845050965","osm_id":"845050965","osm_type":"way","highway":"footway","tactile_paving":null,"handrail":null,"traffic_signals:vibration":null,"traffic_signals:sound":null,"button_operated":null,"access":null,"layer":null,"tunnel":null,"postal_code":null,"footway":null,"crossing:markings":null,"crossing:island":null,"crossing":null,"surface":null,"oneway":null,"old_name":null,"name:etymology:wikidata":null,"name":null,"maxspeed":null,"lit":null,"lanes":null,"service":null},"geometry":{"type":"LineString","coordinates":[[37.8888019,51.3119427],[37.8881617,51.3120455],[37.8880162,51.3120734]]}},
{"type":"Feature","properties":{"full_id":"w845050966","osm_id":"845050966","osm_type":"way","highway":"footway","tactile_paving":null,"handrail":null,"traffic_signals:vibration":null,"traffic_signals:sound":null,"button_operated":null,"access":null,"layer":null,"tunnel":null,"postal_code":null,"footway":null,"crossing:markings":null,"crossing:island":null,"crossing":null,"surface":"paving_stones","oneway":null,"old_name":null,"name:etymology:wikidata":null,"name":null,"maxspeed":null,"lit":null,"lanes":null,"service":null},"geometry":{"type":"LineString","coordinates":[[37.8887333,51.3126712],[37.8887512,51.3127782],[37.888847,51.31296],[37.8888872,51.313069],[37.8888738,51.3131948],[37.8888631,51.313292],[37.8888493,51.3133586]]}},
{"type":"Feature","properties":{"full_id":"w845050967","osm_id":"845050967","osm_type":"way","highway":"footway","tactile_paving":null,"handrail":null,"traffic_signals:vibration":null,"traffic_signals:sound":null,"button_operated":null,"access":null,"layer":null,"tunnel":null,"postal_code":null,"footway":null,"crossing:markings":null,"crossing:island":null,"crossing":null,"surface":null,"oneway":null,"old_name":null,"name:etymology:wikidata":null,"name":null,"maxspeed":null,"lit":null,"lanes":null,"service":null},"geometry":{"type":"LineString","coordinates":[[37.8887512,51.3127782],[37.8889757,51.3126374],[37.8894649,51.3121954],[37.8896024,51.3120712],[37.8898384,51.3118688],[37.8901402,51.3120004],[37.8909881,51.31237],[37.8911894,51.3124747]]}},
{"type":"Feature","properties":{"full_id":"w845050968","osm_id":"845050968","osm_type":"way","highway":"footway","tactile_paving":null,"handrail":null,"traffic_signals:vibration":null,"traffic_signals:sound":null,"button_operated":null,"access":null,"layer":null,"tunnel":null,"postal_code":null,"footway":null,"crossing:markings":null,"crossing:island":null,"crossing":null,"surface":"asphalt","oneway":null,"old_name":null,"name:etymology:wikidata":null,"name":null,"maxspeed":null,"lit":null,"lanes":null,"service":null},"geometry":{"type":"LineString","coordinates":[[37.8871408,51.3141127],[37.8872607,51.314017],[37.8873654,51.3139059],[37.8875148,51.3139156],[37.8875984,51.3138425],[37.8877524,51.3137137]]}},
{"type":"Feature","properties":{"full_id":"w845050969","osm_id":"845050969","osm_type":"way","highway":"footway","tactile_paving":null,"handrail":null,"traffic_signals:vibration":null,"traffic_signals:sound":null,"button_operated":null,"access":null,"layer":null,"tunnel":null,"postal_code":null,"footway":null,"crossing:markings":null,"crossing:island":null,"crossing":null,"surface":null,"oneway":null,"old_name":null,"name:etymology:wikidata":null,"name":null,"maxspeed":null,"lit":null,"lanes":null,"service":null},"geometry":{"type":"LineString","coordinates":[[37.8894649,51.3121954],[37.8896396,51.3122666],[37.8896812,51.3122861],[37.8897583,51.3123684],[37.8898005,51.3124135],[37.88983,51.3125761],[37.8896543,51.3127639],[37.8897925,51.3129818],[37.88983,51.3130824],[37.8898477,51.3131122],[37.8899936,51.3133574],[37.8900848,51.313515],[37.8900938,51.3137488],[37.8900844,51.3138057],[37.8899293,51.3139605]]}},
{"type":"Feature","properties":{"full_id":"w845050970","osm_id":"845050970","osm_type":"way","highway":"footway","tactile_paving":null,"handrail":null,"traffic_signals:vibration":null,"traffic_signals:sound":null,"button_operated":null,"access":null,"layer":null,"tunnel":null,"postal_code":null,"footway":null,"crossing:markings":null,"crossing:island":null,"crossing":null,"surface":null,"oneway":null,"old_name":null,"name:etymology:wikidata":null,"name":null,"maxspeed":null,"lit":null,"lanes":null,"service":null},"geometry":{"type":"LineString","coordinates":[[37.8897223,51.314903],[37.8900394,51.3146097],[37.8901117,51.3145428],[37.8906789,51.314432],[37.891324,51.314339]]}},
{"type":"Feature","properties":{"full_id":"w845050971","osm_id":"845050971","osm_type":"way","highway":"footway","tactile_paving":null,"handrail":null,"traffic_signals:vibration":null,"traffic_signals:sound":null,"button_operated":null,"access":null,"layer":null,"tunnel":null,"postal_code":null,"footway":null,"crossing:markings":null,"crossing:island":null,"crossing":null,"surface":null,"oneway":null,"old_name":null,"name:etymology:wikidata":null,"name":null,"maxspeed":null,"lit":null,"lanes":null,"service":null},"geometry":{"type":"LineString","coordinates":[[37.8923168,51.3139554],[37.8923644,51.3138606],[37.8924698,51.313626],[37.8924519,51.3135971],[37.8924192,51.3135462]]}},
{"type":"Feature","properties":{"full_id":"w845050972","osm_id":"845050972","osm_type":"way","highway":"footway","tactile_paving":null,"handrail":null,"traffic_signals:vibration":null,"traffic_signals:sound":null,"button_operated":null,"access":null,"layer":null,"tunnel":null,"postal_code":null,"footway":null,"crossing:markings":null,"crossing:island":null,"crossing":null,"surface":null,"oneway":null,"old_name":null,"name:etymology:wikidata":null,"name":null,"maxspeed":null,"lit":null,"lanes":null,"service":null},"geometry":{"type":"LineString","coordinates":[[37.8919348,51.3145198],[37.8920649,51.3145846],[37.8922965,51.3146786]]}},
{"type":"Feature","properties":{"full_id":"w845050973","osm_id":"845050973","osm_type":"way","highway":"footway","tactile_paving":null,"handrail":null,"traffic_signals:vibration":null,"traffic_signals:sound":null,"button_operated":null,"access":null,"layer":null,"tunnel":null,"postal_code":null,"footway":null,"crossing:markings":null,"crossing:island":null,"crossing":null,"surface":null,"oneway":null,"old_name":null,"name:etymology:wikidata":null,"name":null,"maxspeed":null,"lit":null,"lanes":null,"service":null},"geometry":{"type":"LineString","coordinates":[[37.8906014,51.3139588],[37.8917263,51.3144563],[37.8918515,51.3144821],[37.8919348,51.3145198]]}},
{"type":"Feature","properties":{"full_id":"w845050974","osm_id":"845050974","osm_type":"way","highway":"service","tactile_paving":null,"handrail":null,"traffic_signals:vibration":null,"traffic_signals:sound":null,"button_operated":null,"access":null,"layer":null,"tunnel":null,"postal_code":null,"footway":null,"crossing:markings":null,"crossing:island":null,"crossing":null,"surface":null,"oneway":null,"old_name":null,"name:etymology:wikidata":null,"name":null,"maxspeed":null,"lit":null,"lanes":null,"service":null},"geometry":{"type":"LineString","coordinates":[[37.8940835,51.3110291],[37.8940234,51.3110492],[37.8938673,51.3111253]]}},
{"type":"Feature","properties":{"full_id":"w845050976","osm_id":"845050976","osm_type":"way","highway":"footway","tactile_paving":null,"handrail":null,"traffic_signals:vibration":null,"traffic_signals:sound":null,"button_operated":null,"access":null,"layer":null,"tunnel":null,"postal_code":null,"footway":null,"crossing:markings":null,"crossing:island":null,"crossing":null,"surface":null,"oneway":null,"old_name":null,"name:etymology:wikidata":null,"name":null,"maxspeed":null,"lit":null,"lanes":null,"service":null},"geometry":{"type":"LineString","coordinates":[[37.8929039,51.3119954],[37.8926396,51.3120262],[37.8923997,51.3120457],[37.8920428,51.3120748],[37.8919248,51.3121863],[37.891662,51.3120899],[37.89155,51.3120596]]}},
{"type":"Feature","properties":{"full_id":"w845050977","osm_id":"845050977","osm_type":"way","highway":"footway","tactile_paving":null,"handrail":null,"traffic_signals:vibration":null,"traffic_signals:sound":null,"button_operated":null,"access":null,"layer":null,"tunnel":null,"postal_code":null,"footway":null,"crossing:markings":null,"crossing:island":null,"crossing":null,"surface":null,"oneway":null,"old_name":null,"name:etymology:wikidata":null,"name":null,"maxspeed":null,"lit":null,"lanes":null,"service":null},"geometry":{"type":"LineString","coordinates":[[37.8928006,51.3122148],[37.8926396,51.3120262],[37.8924908,51.3118518],[37.892412,51.3117789]]}},
{"type":"Feature","properties":{"full_id":"w845050978","osm_id":"845050978","osm_type":"way","highway":"footway","tactile_paving":null,"handrail":null,"traffic_signals:vibration":null,"traffic_signals:sound":null,"button_operated":null,"access":null,"layer":null,"tunnel":null,"postal_code":null,"footway":null,"crossing:markings":null,"crossing:island":null,"crossing":null,"surface":null,"oneway":null,"old_name":null,"name:etymology:wikidata":null,"name":null,"maxspeed":null,"lit":null,"lanes":null,"service":null},"geometry":{"type":"LineString","coordinates":[[37.893168,51.3118524],[37.8933558,51.3118694],[37.8935596,51.3119642],[37.8937179,51.311991],[37.8938713,51.3118806]]}},
{"type":"Feature","properties":{"full_id":"w845050979","osm_id":"845050979","osm_type":"way","highway":"footway","tactile_paving":null,"handrail":null,"traffic_signals:vibration":null,"traffic_signals:sound":null,"button_operated":null,"access":null,"layer":null,"tunnel":null,"postal_code":null,"footway":null,"crossing:markings":null,"crossing:island":null,"crossing":null,"surface":null,"oneway":null,"old_name":null,"name:etymology:wikidata":null,"name":null,"maxspeed":null,"lit":null,"lanes":null,"service":null},"geometry":{"type":"LineString","coordinates":[[37.8913894,51.3123494],[37.891725,51.3123481],[37.8920241,51.3123414],[37.8923863,51.3123339],[37.8926852,51.3123162]]}},
{"type":"Feature","properties":{"full_id":"w845050980","osm_id":"845050980","osm_type":"way","highway":"service","tactile_paving":null,"handrail":null,"traffic_signals:vibration":null,"traffic_signals:sound":null,"button_operated":null,"access":null,"layer":null,"tunnel":null,"postal_code":null,"footway":null,"crossing:markings":null,"crossing:island":null,"crossing":null,"surface":null,"oneway":null,"old_name":null,"name:etymology:wikidata":null,"name":null,"maxspeed":null,"lit":null,"lanes":null,"service":null},"geometry":{"type":"LineString","coordinates":[[37.8916486,51.3124655],[37.8917612,51.3123766],[37.8918806,51.3123691],[37.8922239,51.3125191],[37.8922266,51.3125744],[37.8919284,51.3128452]]}},
{"type":"Feature","properties":{"full_id":"w845050981","osm_id":"845050981","osm_type":"way","highway":"service","tactile_paving":null,"handrail":null,"traffic_signals:vibration":null,"traffic_signals:sound":null,"button_operated":null,"access":null,"layer":null,"tunnel":null,"postal_code":null,"footway":null,"crossing:markings":null,"crossing:island":null,"crossing":null,"surface":null,"oneway":null,"old_name":null,"name:etymology:wikidata":null,"name":null,"maxspeed":null,"lit":null,"lanes":null,"service":null},"geometry":{"type":"LineString","coordinates":[[37.8914863,51.312608],[37.8916486,51.3124655],[37.891615,51.3124495],[37.8913894,51.3123494],[37.8913468,51.3123305],[37.891305,51.3123183]]}},
{"type":"Feature","properties":{"full_id":"w845050982","osm_id":"845050982","osm_type":"way","highway":"footway","tactile_paving":null,"handrail":null,"traffic_signals:vibration":null,"traffic_signals:sound":null,"button_operated":null,"access":null,"layer":null,"tunnel":null,"postal_code":null,"footway":null,"crossing:markings":null,"crossing:island":null,"crossing":null,"surface":null,"oneway":null,"old_name":null,"name:etymology:wikidata":null,"name":null,"maxspeed":null,"lit":null,"lanes":null,"service":null},"geometry":{"type":"LineString","coordinates":[[37.8898827,51.3117921],[37.8901184,51.3118971],[37.8910612,51.312302],[37.8912446,51.312381]]}},
{"type":"Feature","properties":{"full_id":"w845050983","osm_id":"845050983","osm_type":"way","highway":"footway","tactile_paving":null,"handrail":null,"traffic_signals:vibration":null,"traffic_signals:sound":null,"button_operated":null,"access":null,"layer":null,"tunnel":null,"postal_code":null,"footway":null,"crossing:markings":null,"crossing:island":null,"crossing":null,"surface":null,"oneway":null,"old_name":null,"name:etymology:wikidata":null,"name":null,"maxspeed":null,"lit":null,"lanes":null,"service":null},"geometry":{"type":"LineString","coordinates":[[37.8919284,51.3128452],[37.8917418,51.3129063],[37.8906014,51.3139588],[37.8905176,51.3139737],[37.8900844,51.3138057],[37.8891366,51.31335],[37.8887677,51.3134717],[37.8899293,51.3139605]]}},
{"type":"Feature","properties":{"full_id":"w845050985","osm_id":"845050985","osm_type":"way","highway":"footway","tactile_paving":null,"handrail":null,"traffic_signals:vibration":null,"traffic_signals:sound":null,"button_operated":null,"access":null,"layer":null,"tunnel":null,"postal_code":null,"footway":null,"crossing:markings":null,"crossing:island":null,"crossing":null,"surface":null,"oneway":null,"old_name":null,"name:etymology:wikidata":null,"name":null,"maxspeed":null,"lit":null,"lanes":null,"service":null},"geometry":{"type":"LineString","coordinates":[[37.8898479,51.3106013],[37.8897351,51.3106839],[37.8896629,51.3107886],[37.8898207,51.3109736]]}},
{"type":"Feature","properties":{"full_id":"w845050986","osm_id":"845050986","osm_type":"way","highway":"footway","tactile_paving":null,"handrail":null,"traffic_signals:vibration":null,"traffic_signals:sound":null,"button_operated":null,"access":null,"layer":null,"tunnel":null,"postal_code":null,"footway":null,"crossing:markings":null,"crossing:island":null,"crossing":null,"surface":null,"oneway":null,"old_name":null,"name:etymology:wikidata":null,"name":null,"maxspeed":null,"lit":null,"lanes":null,"service":null},"geometry":{"type":"LineString","coordinates":[[37.8862305,51.3130512],[37.8862257,51.3130902],[37.8862022,51.3132805],[37.8862062,51.3134137]]}},
{"type":"Feature","properties":{"full_id":"w845050987","osm_id":"845050987","osm_type":"way","highway":"service","tactile_paving":null,"handrail":null,"traffic_signals:vibration":null,"traffic_signals:sound":null,"button_operated":null,"access":null,"layer":null,"tunnel":null,"postal_code":null,"footway":null,"crossing:markings":null,"crossing:island":null,"crossing":null,"surface":null,"oneway":null,"old_name":null,"name:etymology:wikidata":null,"name":null,"maxspeed":null,"lit":null,"lanes":null,"service":null},"geometry":{"type":"LineString","coordinates":[[37.8869054,51.3107379],[37.88721,51.3104896]]}},
{"type":"Feature","properties":{"full_id":"w845050988","osm_id":"845050988","osm_type":"way","highway":"footway","tactile_paving":null,"handrail":null,"traffic_signals:vibration":null,"traffic_signals:sound":null,"button_operated":null,"access":null,"layer":null,"tunnel":null,"postal_code":null,"footway":null,"crossing:markings":null,"crossing:island":null,"crossing":null,"surface":null,"oneway":null,"old_name":null,"name:etymology:wikidata":null,"name":null,"maxspeed":null,"lit":null,"lanes":null,"service":null},"geometry":{"type":"LineString","coordinates":[[37.8873191,51.3103968],[37.8874496,51.3104577]]}},
{"type":"Feature","properties":{"full_id":"w845050989","osm_id":"845050989","osm_type":"way","highway":"service","tactile_paving":null,"handrail":null,"traffic_signals:vibration":null,"traffic_signals:sound":null,"button_operated":null,"access":null,"layer":null,"tunnel":null,"postal_code":null,"footway":null,"crossing:markings":null,"crossing:island":null,"crossing":null,"surface":null,"oneway":null,"old_name":null,"name:etymology:wikidata":null,"name":null,"maxspeed":null,"lit":null,"lanes":null,"service":"parking_aisle"},"geometry":{"type":"LineString","coordinates":[[37.8879627,51.310732],[37.8880025,51.3106971],[37.8874496,51.3104577],[37.887589,51.3103345],[37.8882194,51.3105885],[37.8880749,51.3107264],[37.8880025,51.3106971]]}},
{"type":"Feature","properties":{"full_id":"w845050990","osm_id":"845050990","osm_type":"way","highway":"footway","tactile_paving":null,"handrail":null,"traffic_signals:vibration":null,"traffic_signals:sound":null,"button_operated":null,"access":null,"layer":null,"tunnel":null,"postal_code":null,"footway":null,"crossing:markings":null,"crossing:island":null,"crossing":null,"surface":null,"oneway":null,"old_name":null,"name:etymology:wikidata":null,"name":null,"maxspeed":null,"lit":null,"lanes":null,"service":null},"geometry":{"type":"LineString","coordinates":[[37.8868784,51.3113912],[37.8868457,51.3114208],[37.8867334,51.3117957],[37.8867236,51.3118639]]}},
{"type":"Feature","properties":{"full_id":"w845050992","osm_id":"845050992","osm_type":"way","highway":"footway","tactile_paving":null,"handrail":null,"traffic_signals:vibration":null,"traffic_signals:sound":null,"button_operated":null,"access":null,"layer":null,"tunnel":null,"postal_code":null,"footway":null,"crossing:markings":null,"crossing:island":null,"crossing":null,"surface":null,"oneway":null,"old_name":null,"name:etymology:wikidata":null,"name":null,"maxspeed":null,"lit":null,"lanes":null,"service":null},"geometry":{"type":"LineString","coordinates":[[37.8872819,51.3103789],[37.8873191,51.3103968]]}},
{"type":"Feature","properties":{"full_id":"w845050993","osm_id":"845050993","osm_type":"way","highway":"steps","tactile_paving":null,"handrail":null,"traffic_signals:vibration":null,"traffic_signals:sound":null,"button_operated":null,"access":null,"layer":null,"tunnel":null,"postal_code":null,"footway":null,"crossing:markings":null,"crossing:island":null,"crossing":null,"surface":null,"oneway":null,"old_name":null,"name:etymology:wikidata":null,"name":null,"maxspeed":null,"lit":null,"lanes":null,"service":null},"geometry":{"type":"LineString","coordinates":[[37.887239,51.3103554],[37.8872515,51.3103622],[37.8872819,51.3103789]]}},
{"type":"Feature","properties":{"full_id":"w845050996","osm_id":"845050996","osm_type":"way","highway":"footway","tactile_paving":null,"handrail":null,"traffic_signals:vibration":null,"traffic_signals:sound":null,"button_operated":null,"access":null,"layer":null,"tunnel":null,"postal_code":null,"footway":null,"crossing:markings":null,"crossing:island":null,"crossing":null,"surface":null,"oneway":null,"old_name":null,"name:etymology:wikidata":null,"name":null,"maxspeed":null,"lit":null,"lanes":null,"service":null},"geometry":{"type":"LineString","coordinates":[[37.886944,51.3101995],[37.887239,51.3103554]]}},
{"type":"Feature","properties":{"full_id":"w845060119","osm_id":"845060119","osm_type":"way","highway":"steps","tactile_paving":null,"handrail":null,"traffic_signals:vibration":null,"traffic_signals:sound":null,"button_operated":null,"access":null,"layer":null,"tunnel":null,"postal_code":null,"footway":null,"crossing:markings":null,"crossing:island":null,"crossing":null,"surface":null,"oneway":null,"old_name":null,"name:etymology:wikidata":null,"name":null,"maxspeed":null,"lit":null,"lanes":null,"service":null},"geometry":{"type":"LineString","coordinates":[[37.891865,51.3155488],[37.8917187,51.3154978]]}},
{"type":"Feature","properties":{"full_id":"w845060121","osm_id":"845060121","osm_type":"way","highway":"service","tactile_paving":null,"handrail":null,"traffic_signals:vibration":null,"traffic_signals:sound":null,"button_operated":null,"access":null,"layer":null,"tunnel":null,"postal_code":null,"footway":null,"crossing:markings":null,"crossing:island":null,"crossing":null,"surface":"asphalt","oneway":null,"old_name":null,"name:etymology:wikidata":null,"name":null,"maxspeed":null,"lit":null,"lanes":null,"service":null},"geometry":{"type":"LineString","coordinates":[[37.8899141,51.3145588],[37.8900394,51.3146097],[37.8903034,51.314717]]}},
{"type":"Feature","properties":{"full_id":"w845060122","osm_id":"845060122","osm_type":"way","highway":"footway","tactile_paving":null,"handrail":null,"traffic_signals:vibration":null,"traffic_signals:sound":null,"button_operated":null,"access":null,"layer":null,"tunnel":null,"postal_code":null,"footway":null,"crossing:markings":null,"crossing:island":null,"crossing":null,"surface":"asphalt","oneway":null,"old_name":null,"name:etymology:wikidata":null,"name":null,"maxspeed":null,"lit":null,"lanes":null,"service":null},"geometry":{"type":"LineString","coordinates":[[37.8851683,51.3137648],[37.8853566,51.3136059],[37.8854576,51.3135019],[37.8856257,51.3133565],[37.8858408,51.3133991],[37.8859686,51.3133074],[37.8862062,51.3134137],[37.8865831,51.3135735],[37.8873654,51.3139059],[37.8874867,51.3139646]]}},
{"type":"Feature","properties":{"full_id":"w845069440","osm_id":"845069440","osm_type":"way","highway":"footway","tactile_paving":null,"handrail":null,"traffic_signals:vibration":null,"traffic_signals:sound":null,"button_operated":null,"access":null,"layer":null,"tunnel":null,"postal_code":null,"footway":null,"crossing:markings":null,"crossing:island":null,"crossing":null,"surface":null,"oneway":null,"old_name":null,"name:etymology:wikidata":null,"name":null,"maxspeed":null,"lit":null,"lanes":null,"service":null},"geometry":{"type":"LineString","coordinates":[[37.8943879,51.3124851],[37.8946047,51.3125748]]}},
{"type":"Feature","properties":{"full_id":"w845069441","osm_id":"845069441","osm_type":"way","highway":"footway","tactile_paving":null,"handrail":null,"traffic_signals:vibration":null,"traffic_signals:sound":null,"button_operated":null,"access":null,"layer":null,"tunnel":"building_passage","postal_code":null,"footway":null,"crossing:markings":null,"crossing:island":null,"crossing":null,"surface":null,"oneway":null,"old_name":null,"name:etymology:wikidata":null,"name":null,"maxspeed":null,"lit":null,"lanes":null,"service":null},"geometry":{"type":"LineString","coordinates":[[37.8942307,51.312423],[37.8943879,51.3124851]]}},
{"type":"Feature","properties":{"full_id":"w845069442","osm_id":"845069442","osm_type":"way","highway":"footway","tactile_paving":null,"handrail":null,"traffic_signals:vibration":null,"traffic_signals:sound":null,"button_operated":null,"access":null,"layer":null,"tunnel":null,"postal_code":null,"footway":null,"crossing:markings":null,"crossing:island":null,"crossing":null,"surface":null,"oneway":null,"old_name":null,"name:etymology:wikidata":null,"name":null,"maxspeed":null,"lit":null,"lanes":null,"service":null},"geometry":{"type":"LineString","coordinates":[[37.8941679,51.3123932],[37.8942307,51.312423]]}},
{"type":"Feature","properties":{"full_id":"w845100073","osm_id":"845100073","osm_type":"way","highway":"footway","tactile_paving":null,"handrail":null,"traffic_signals:vibration":null,"traffic_signals:sound":null,"button_operated":null,"access":null,"layer":null,"tunnel":null,"postal_code":null,"footway":null,"crossing:markings":null,"crossing:island":null,"crossing":null,"surface":null,"oneway":null,"old_name":null,"name:etymology:wikidata":null,"name":null,"maxspeed":null,"lit":null,"lanes":null,"service":null},"geometry":{"type":"LineString","coordinates":[[37.8888121,51.3082067],[37.8888098,51.3081263]]}},
{"type":"Feature","properties":{"full_id":"w845100074","osm_id":"845100074","osm_type":"way","highway":"footway","tactile_paving":null,"handrail":null,"traffic_signals:vibration":null,"traffic_signals:sound":null,"button_operated":null,"access":null,"layer":null,"tunnel":null,"postal_code":null,"footway":null,"crossing:markings":null,"crossing:island":null,"crossing":null,"surface":null,"oneway":null,"old_name":null,"name:etymology:wikidata":null,"name":null,"maxspeed":null,"lit":null,"lanes":null,"service":null},"geometry":{"type":"LineString","coordinates":[[37.8895829,51.3079791],[37.8894022,51.3079908],[37.8892208,51.3079938],[37.8888113,51.3080231]]}},
{"type":"Feature","properties":{"full_id":"w845100075","osm_id":"845100075","osm_type":"way","highway":"footway","tactile_paving":null,"handrail":null,"traffic_signals:vibration":null,"traffic_signals:sound":null,"button_operated":null,"access":null,"layer":null,"tunnel":null,"postal_code":null,"footway":null,"crossing:markings":null,"crossing:island":null,"crossing":null,"surface":null,"oneway":null,"old_name":null,"name:etymology:wikidata":null,"name":null,"maxspeed":null,"lit":null,"lanes":null,"service":null},"geometry":{"type":"LineString","coordinates":[[37.8890425,51.3078025],[37.888843,51.3079653],[37.8887897,51.3080126]]}},
{"type":"Feature","properties":{"full_id":"w845100076","osm_id":"845100076","osm_type":"way","highway":"footway","tactile_paving":null,"handrail":null,"traffic_signals:vibration":null,"traffic_signals:sound":null,"button_operated":null,"access":null,"layer":null,"tunnel":null,"postal_code":null,"footway":null,"crossing:markings":null,"crossing:island":null,"crossing":null,"surface":null,"oneway":null,"old_name":null,"name:etymology:wikidata":null,"name":null,"maxspeed":null,"lit":null,"lanes":null,"service":null},"geometry":{"type":"LineString","coordinates":[[37.8900032,51.3078341],[37.890051,51.3079588],[37.8900862,51.308034],[37.8903973,51.308185]]}},
{"type":"Feature","properties":{"full_id":"w845100077","osm_id":"845100077","osm_type":"way","highway":"footway","tactile_paving":null,"handrail":null,"traffic_signals:vibration":null,"traffic_signals:sound":null,"button_operated":null,"access":null,"layer":null,"tunnel":null,"postal_code":null,"footway":null,"crossing:markings":null,"crossing:island":null,"crossing":null,"surface":null,"oneway":null,"old_name":null,"name:etymology:wikidata":null,"name":null,"maxspeed":null,"lit":null,"lanes":null,"service":null},"geometry":{"type":"LineString","coordinates":[[37.8897576,51.3086251],[37.8898528,51.3085354],[37.8900124,51.3085387]]}},
{"type":"Feature","properties":{"full_id":"w845100078","osm_id":"845100078","osm_type":"way","highway":"footway","tactile_paving":null,"handrail":null,"traffic_signals:vibration":null,"traffic_signals:sound":null,"button_operated":null,"access":null,"layer":null,"tunnel":null,"postal_code":null,"footway":null,"crossing:markings":null,"crossing:island":null,"crossing":null,"surface":null,"oneway":null,"old_name":null,"name:etymology:wikidata":null,"name":null,"maxspeed":null,"lit":null,"lanes":null,"service":null},"geometry":{"type":"LineString","coordinates":[[37.8892123,51.3082028],[37.889514,51.3083427],[37.8895708,51.3083735]]}},
{"type":"Feature","properties":{"full_id":"w845100079","osm_id":"845100079","osm_type":"way","highway":"footway","tactile_paving":null,"handrail":null,"traffic_signals:vibration":null,"traffic_signals:sound":null,"button_operated":null,"access":null,"layer":null,"tunnel":null,"postal_code":null,"footway":null,"crossing:markings":null,"crossing:island":null,"crossing":null,"surface":null,"oneway":null,"old_name":null,"name:etymology:wikidata":null,"name":null,"maxspeed":null,"lit":null,"lanes":null,"service":null},"geometry":{"type":"LineString","coordinates":[[37.8905653,51.3087993],[37.8900808,51.3086083]]}},
{"type":"Feature","properties":{"full_id":"w845100080","osm_id":"845100080","osm_type":"way","highway":"footway","tactile_paving":null,"handrail":null,"traffic_signals:vibration":null,"traffic_signals:sound":null,"button_operated":null,"access":null,"layer":null,"tunnel":null,"postal_code":null,"footway":null,"crossing:markings":null,"crossing:island":null,"crossing":null,"surface":null,"oneway":null,"old_name":null,"name:etymology:wikidata":null,"name":null,"maxspeed":null,"lit":null,"lanes":null,"service":null},"geometry":{"type":"LineString","coordinates":[[37.8903469,51.3088723],[37.890221,51.3089936]]}},
{"type":"Feature","properties":{"full_id":"w845100081","osm_id":"845100081","osm_type":"way","highway":"footway","tactile_paving":null,"handrail":null,"traffic_signals:vibration":null,"traffic_signals:sound":null,"button_operated":null,"access":null,"layer":null,"tunnel":null,"postal_code":null,"footway":null,"crossing:markings":null,"crossing:island":null,"crossing":null,"surface":null,"oneway":null,"old_name":null,"name:etymology:wikidata":null,"name":null,"maxspeed":null,"lit":null,"lanes":null,"service":null},"geometry":{"type":"LineString","coordinates":[[37.8907715,51.308797],[37.8904992,51.3088506],[37.8903469,51.3088723],[37.8901505,51.3088925]]}},
{"type":"Feature","properties":{"full_id":"w845100082","osm_id":"845100082","osm_type":"way","highway":"footway","tactile_paving":null,"handrail":null,"traffic_signals:vibration":null,"traffic_signals:sound":null,"button_operated":null,"access":null,"layer":null,"tunnel":null,"postal_code":null,"footway":null,"crossing:markings":null,"crossing:island":null,"crossing":null,"surface":null,"oneway":null,"old_name":null,"name:etymology:wikidata":null,"name":null,"maxspeed":null,"lit":null,"lanes":null,"service":null},"geometry":{"type":"LineString","coordinates":[[37.8910699,51.3083055],[37.8910583,51.3083227],[37.8909793,51.3084398],[37.8907929,51.3086099],[37.8905871,51.3087824],[37.8905653,51.3087993],[37.8904992,51.3088506],[37.8906038,51.3091327]]}},
{"type":"Feature","properties":{"full_id":"w845100083","osm_id":"845100083","osm_type":"way","highway":"footway","tactile_paving":null,"handrail":null,"traffic_signals:vibration":null,"traffic_signals:sound":null,"button_operated":null,"access":null,"layer":null,"tunnel":null,"postal_code":null,"footway":null,"crossing:markings":null,"crossing:island":null,"crossing":null,"surface":null,"oneway":null,"old_name":null,"name:etymology:wikidata":null,"name":null,"maxspeed":null,"lit":null,"lanes":null,"service":null},"geometry":{"type":"LineString","coordinates":[[37.8914809,51.308304],[37.8911802,51.3083566]]}},
{"type":"Feature","properties":{"full_id":"w845100084","osm_id":"845100084","osm_type":"way","highway":"footway","tactile_paving":null,"handrail":null,"traffic_signals:vibration":null,"traffic_signals:sound":null,"button_operated":null,"access":null,"layer":null,"tunnel":null,"postal_code":null,"footway":null,"crossing:markings":null,"crossing:island":null,"crossing":null,"surface":null,"oneway":null,"old_name":null,"name:etymology:wikidata":null,"name":null,"maxspeed":null,"lit":null,"lanes":null,"service":null},"geometry":{"type":"LineString","coordinates":[[37.8903973,51.308185],[37.8904201,51.3082574],[37.8905871,51.3087824]]}},
{"type":"Feature","properties":{"full_id":"w845100085","osm_id":"845100085","osm_type":"way","highway":"footway","tactile_paving":null,"handrail":null,"traffic_signals:vibration":null,"traffic_signals:sound":null,"button_operated":null,"access":null,"layer":null,"tunnel":null,"postal_code":null,"footway":null,"crossing:markings":null,"crossing:island":null,"crossing":null,"surface":null,"oneway":null,"old_name":null,"name:etymology:wikidata":null,"name":null,"maxspeed":null,"lit":null,"lanes":null,"service":null},"geometry":{"type":"LineString","coordinates":[[37.8898846,51.3087076],[37.8899614,51.3087098],[37.8900808,51.3086083],[37.8900124,51.3085387],[37.8901626,51.3084013],[37.8903973,51.308185],[37.890408,51.3081757],[37.8905181,51.3080783],[37.8905309,51.3080554]]}},
{"type":"Feature","properties":{"full_id":"w845100086","osm_id":"845100086","osm_type":"way","highway":"footway","tactile_paving":null,"handrail":null,"traffic_signals:vibration":null,"traffic_signals:sound":null,"button_operated":null,"access":null,"layer":null,"tunnel":null,"postal_code":null,"footway":null,"crossing:markings":null,"crossing:island":null,"crossing":null,"surface":null,"oneway":null,"old_name":null,"name:etymology:wikidata":null,"name":null,"maxspeed":null,"lit":null,"lanes":null,"service":null},"geometry":{"type":"LineString","coordinates":[[37.8884786,51.3098436],[37.8883186,51.3098879],[37.8880622,51.309974],[37.8878559,51.3100503],[37.8877386,51.3101159]]}},
{"type":"Feature","properties":{"full_id":"w845100087","osm_id":"845100087","osm_type":"way","highway":"footway","tactile_paving":null,"handrail":null,"traffic_signals:vibration":null,"traffic_signals:sound":null,"button_operated":null,"access":null,"layer":null,"tunnel":null,"postal_code":null,"footway":null,"crossing:markings":null,"crossing:island":null,"crossing":null,"surface":null,"oneway":null,"old_name":null,"name:etymology:wikidata":null,"name":null,"maxspeed":null,"lit":null,"lanes":null,"service":null},"geometry":{"type":"LineString","coordinates":[[37.8882247,51.3096328],[37.8883186,51.3098879],[37.8883368,51.3099373],[37.8883709,51.309948]]}},
{"type":"Feature","properties":{"full_id":"w845100088","osm_id":"845100088","osm_type":"way","highway":"footway","tactile_paving":null,"handrail":null,"traffic_signals:vibration":null,"traffic_signals:sound":null,"button_operated":null,"access":null,"layer":null,"tunnel":null,"postal_code":null,"footway":null,"crossing:markings":null,"crossing:island":null,"crossing":null,"surface":null,"oneway":null,"old_name":null,"name:etymology:wikidata":null,"name":null,"maxspeed":null,"lit":null,"lanes":null,"service":null},"geometry":{"type":"LineString","coordinates":[[37.8897844,51.3086679],[37.8895953,51.308833],[37.8893164,51.3090954],[37.8888271,51.3095308],[37.8885587,51.3097661],[37.8884786,51.3098436],[37.8883709,51.309948],[37.88838,51.3099968]]}},
{"type":"Feature","properties":{"full_id":"w845100089","osm_id":"845100089","osm_type":"way","highway":"footway","tactile_paving":null,"handrail":null,"traffic_signals:vibration":null,"traffic_signals:sound":null,"button_operated":null,"access":null,"layer":null,"tunnel":null,"postal_code":null,"footway":null,"crossing:markings":null,"crossing:island":null,"crossing":null,"surface":null,"oneway":null,"old_name":null,"name:etymology:wikidata":null,"name":null,"maxspeed":null,"lit":null,"lanes":null,"service":null},"geometry":{"type":"LineString","coordinates":[[37.8896259,51.3089437],[37.8893767,51.3091709],[37.8890494,51.3094625],[37.8887451,51.3097451],[37.8884594,51.3099899],[37.88838,51.3099968]]}},
{"type":"Feature","properties":{"full_id":"w845100090","osm_id":"845100090","osm_type":"way","highway":"footway","tactile_paving":null,"handrail":null,"traffic_signals:vibration":null,"traffic_signals:sound":null,"button_operated":null,"access":null,"layer":null,"tunnel":null,"postal_code":null,"footway":null,"crossing:markings":null,"crossing:island":null,"crossing":null,"surface":null,"oneway":null,"old_name":null,"name:etymology:wikidata":null,"name":null,"maxspeed":null,"lit":null,"lanes":null,"service":null},"geometry":{"type":"LineString","coordinates":[[37.8888271,51.3095308],[37.8887177,51.3091891]]}},
{"type":"Feature","properties":{"full_id":"w845100091","osm_id":"845100091","osm_type":"way","highway":"steps","tactile_paving":null,"handrail":null,"traffic_signals:vibration":null,"traffic_signals:sound":null,"button_operated":null,"access":null,"layer":null,"tunnel":null,"postal_code":null,"footway":null,"crossing:markings":null,"crossing:island":null,"crossing":null,"surface":null,"oneway":null,"old_name":null,"name:etymology:wikidata":null,"name":null,"maxspeed":null,"lit":null,"lanes":null,"service":null},"geometry":{"type":"LineString","coordinates":[[37.888332,51.3100453],[37.88838,51.3099968]]}},
{"type":"Feature","properties":{"full_id":"w845100092","osm_id":"845100092","osm_type":"way","highway":"footway","tactile_paving":null,"handrail":null,"traffic_signals:vibration":null,"traffic_signals:sound":null,"button_operated":null,"access":null,"layer":null,"tunnel":null,"postal_code":null,"footway":null,"crossing:markings":null,"crossing:island":null,"crossing":null,"surface":null,"oneway":null,"old_name":null,"name:etymology:wikidata":null,"name":null,"maxspeed":null,"lit":null,"lanes":null,"service":null},"geometry":{"type":"LineString","coordinates":[[37.8892772,51.3103958],[37.8893727,51.3103906],[37.8900626,51.3101936]]}},
{"type":"Feature","properties":{"full_id":"w845100093","osm_id":"845100093","osm_type":"way","highway":"footway","tactile_paving":null,"handrail":null,"traffic_signals:vibration":null,"traffic_signals:sound":null,"button_operated":null,"access":null,"layer":null,"tunnel":null,"postal_code":null,"footway":null,"crossing:markings":null,"crossing:island":null,"crossing":null,"surface":null,"oneway":null,"old_name":null,"name:etymology:wikidata":null,"name":null,"maxspeed":null,"lit":null,"lanes":null,"service":null},"geometry":{"type":"LineString","coordinates":[[37.8885705,51.3104787],[37.8885084,51.3104889],[37.8884199,51.3105156]]}},
{"type":"Feature","properties":{"full_id":"w845100094","osm_id":"845100094","osm_type":"way","highway":"footway","tactile_paving":null,"handrail":null,"traffic_signals:vibration":null,"traffic_signals:sound":null,"button_operated":null,"access":null,"layer":null,"tunnel":null,"postal_code":null,"footway":null,"crossing:markings":null,"crossing:island":null,"crossing":null,"surface":null,"oneway":null,"old_name":null,"name:etymology:wikidata":null,"name":null,"maxspeed":null,"lit":null,"lanes":null,"service":null},"geometry":{"type":"LineString","coordinates":[[37.8906108,51.3091743],[37.8906038,51.3091327]]}},
{"type":"Feature","properties":{"full_id":"w845100095","osm_id":"845100095","osm_type":"way","highway":"footway","tactile_paving":null,"handrail":null,"traffic_signals:vibration":null,"traffic_signals:sound":null,"button_operated":null,"access":null,"layer":null,"tunnel":null,"postal_code":null,"footway":null,"crossing:markings":null,"crossing:island":null,"crossing":null,"surface":null,"oneway":null,"old_name":null,"name:etymology:wikidata":null,"name":null,"maxspeed":null,"lit":null,"lanes":null,"service":null},"geometry":{"type":"LineString","coordinates":[[37.8903714,51.3093867],[37.8903745,51.3093335],[37.8902459,51.3090056]]}},
{"type":"Feature","properties":{"full_id":"w845100102","osm_id":"845100102","osm_type":"way","highway":"footway","tactile_paving":null,"handrail":null,"traffic_signals:vibration":null,"traffic_signals:sound":null,"button_operated":null,"access":null,"layer":null,"tunnel":null,"postal_code":null,"footway":null,"crossing:markings":null,"crossing:island":null,"crossing":null,"surface":null,"oneway":null,"old_name":null,"name:etymology:wikidata":null,"name":null,"maxspeed":null,"lit":null,"lanes":null,"service":null},"geometry":{"type":"LineString","coordinates":[[37.8888454,51.3073466],[37.8887549,51.3074251],[37.8887178,51.307452]]}},
{"type":"Feature","properties":{"full_id":"w845100103","osm_id":"845100103","osm_type":"way","highway":"footway","tactile_paving":null,"handrail":null,"traffic_signals:vibration":null,"traffic_signals:sound":null,"button_operated":null,"access":null,"layer":null,"tunnel":null,"postal_code":null,"footway":null,"crossing:markings":null,"crossing:island":null,"crossing":null,"surface":null,"oneway":null,"old_name":null,"name:etymology:wikidata":null,"name":null,"maxspeed":null,"lit":null,"lanes":null,"service":null},"geometry":{"type":"LineString","coordinates":[[37.8900765,51.3078624],[37.8906133,51.3078949],[37.8907152,51.3078956]]}},
{"type":"Feature","properties":{"full_id":"w845119518","osm_id":"845119518","osm_type":"way","highway":"footway","tactile_paving":null,"handrail":null,"traffic_signals:vibration":null,"traffic_signals:sound":null,"button_operated":null,"access":null,"layer":null,"tunnel":null,"postal_code":null,"footway":null,"crossing:markings":null,"crossing:island":null,"crossing":null,"surface":"asphalt","oneway":null,"old_name":null,"name:etymology:wikidata":null,"name":null,"maxspeed":null,"lit":null,"lanes":null,"service":null},"geometry":{"type":"LineString","coordinates":[[37.8792194,51.3110415],[37.8791575,51.3110211],[37.8782282,51.3109086]]}},
{"type":"Feature","properties":{"full_id":"w845119519","osm_id":"845119519","osm_type":"way","highway":"service","tactile_paving":null,"handrail":null,"traffic_signals:vibration":null,"traffic_signals:sound":null,"button_operated":null,"access":null,"layer":null,"tunnel":null,"postal_code":null,"footway":null,"crossing:markings":null,"crossing:island":null,"crossing":null,"surface":null,"oneway":null,"old_name":null,"name:etymology:wikidata":null,"name":null,"maxspeed":null,"lit":null,"lanes":null,"service":null},"geometry":{"type":"LineString","coordinates":[[37.8880887,51.3133838],[37.887982,51.3133591],[37.887924,51.3133341]]}},
{"type":"Feature","properties":{"full_id":"w845119520","osm_id":"845119520","osm_type":"way","highway":"service","tactile_paving":null,"handrail":null,"traffic_signals:vibration":null,"traffic_signals:sound":null,"button_operated":null,"access":null,"layer":null,"tunnel":null,"postal_code":null,"footway":null,"crossing:markings":null,"crossing:island":null,"crossing":null,"surface":null,"oneway":null,"old_name":null,"name:etymology:wikidata":null,"name":null,"maxspeed":null,"lit":null,"lanes":null,"service":"parking_aisle"},"geometry":{"type":"LineString","coordinates":[[37.887924,51.3133341],[37.8878427,51.3132928],[37.8875461,51.3131646],[37.8873986,51.3130933],[37.8873543,51.313064],[37.8873758,51.3130129],[37.8877795,51.3126541],[37.8879149,51.3125334],[37.8879645,51.3125124],[37.8880624,51.3125342],[37.8882475,51.3126105],[37.888281,51.3126692],[37.888332,51.3128125],[37.8883038,51.3128821],[37.8882408,51.3129424],[37.8879002,51.3132325],[37.8878427,51.3132928]]}},
{"type":"Feature","properties":{"full_id":"w845119521","osm_id":"845119521","osm_type":"way","highway":"service","tactile_paving":null,"handrail":null,"traffic_signals:vibration":null,"traffic_signals:sound":null,"button_operated":null,"access":null,"layer":null,"tunnel":null,"postal_code":null,"footway":null,"crossing:markings":null,"crossing:island":null,"crossing":null,"surface":null,"oneway":null,"old_name":null,"name:etymology:wikidata":null,"name":null,"maxspeed":null,"lit":null,"lanes":null,"service":null},"geometry":{"type":"LineString","coordinates":[[37.8852727,51.3083067],[37.88532,51.308265]]}},
{"type":"Feature","properties":{"full_id":"w845119522","osm_id":"845119522","osm_type":"way","highway":"service","tactile_paving":null,"handrail":null,"traffic_signals:vibration":null,"traffic_signals:sound":null,"button_operated":null,"access":null,"layer":null,"tunnel":null,"postal_code":null,"footway":null,"crossing:markings":null,"crossing:island":null,"crossing":null,"surface":null,"oneway":null,"old_name":null,"name:etymology:wikidata":null,"name":null,"maxspeed":null,"lit":null,"lanes":null,"service":"parking_aisle"},"geometry":{"type":"LineString","coordinates":[[37.88532,51.308265],[37.8853109,51.3082337],[37.8852716,51.3080986],[37.8852461,51.3080391],[37.8852569,51.307993],[37.8852971,51.3079636],[37.8853615,51.3079544],[37.8858858,51.3078982],[37.886252,51.3078572],[37.886315,51.3078588],[37.8863727,51.3078773],[37.8863981,51.3079376],[37.886433,51.3080542],[37.8863968,51.3081003],[37.8862372,51.3082344],[37.8861393,51.3082562],[37.8857598,51.3083015],[37.8856525,51.3083099],[37.8855465,51.3083023],[37.8854312,51.3082688],[37.8853534,51.3082495],[37.8853109,51.3082337]]}},
{"type":"Feature","properties":{"full_id":"w845119523","osm_id":"845119523","osm_type":"way","highway":"service","tactile_paving":null,"handrail":null,"traffic_signals:vibration":null,"traffic_signals:sound":null,"button_operated":null,"access":null,"layer":null,"tunnel":null,"postal_code":null,"footway":null,"crossing:markings":null,"crossing:island":null,"crossing":null,"surface":null,"oneway":null,"old_name":null,"name:etymology:wikidata":null,"name":null,"maxspeed":null,"lit":null,"lanes":null,"service":null},"geometry":{"type":"LineString","coordinates":[[37.8823821,51.310242],[37.8824525,51.3101782]]}},
{"type":"Feature","properties":{"full_id":"w845119524","osm_id":"845119524","osm_type":"way","highway":"service","tactile_paving":null,"handrail":null,"traffic_signals:vibration":null,"traffic_signals:sound":null,"button_operated":null,"access":null,"layer":null,"tunnel":null,"postal_code":null,"footway":null,"crossing:markings":null,"crossing:island":null,"crossing":null,"surface":null,"oneway":null,"old_name":null,"name:etymology:wikidata":null,"name":null,"maxspeed":null,"lit":null,"lanes":null,"service":"parking_aisle"},"geometry":{"type":"LineString","coordinates":[[37.8824525,51.3101782],[37.8826953,51.3099547],[37.8827624,51.3099027],[37.8828751,51.3099421],[37.8830655,51.3099916],[37.8834222,51.3099581],[37.8836073,51.3099312],[37.883665,51.3098927],[37.883798,51.3097315],[37.883791,51.3096546],[37.8837481,51.3095599],[37.8836314,51.3095372],[37.8830776,51.3095951],[37.882812,51.3096294],[37.8827503,51.3096512],[37.8827101,51.309689],[37.8827061,51.3097627],[37.8827383,51.3098776],[37.8827624,51.3099027]]}},
{"type":"Feature","properties":{"full_id":"w845119525","osm_id":"845119525","osm_type":"way","highway":"footway","tactile_paving":null,"handrail":null,"traffic_signals:vibration":null,"traffic_signals:sound":null,"button_operated":null,"access":null,"layer":null,"tunnel":null,"postal_code":null,"footway":null,"crossing:markings":null,"crossing:island":null,"crossing":null,"surface":null,"oneway":null,"old_name":null,"name:etymology:wikidata":null,"name":null,"maxspeed":null,"lit":null,"lanes":null,"service":null},"geometry":{"type":"LineString","coordinates":[[37.8912715,51.3125294],[37.8911591,51.3126296],[37.8909807,51.3127781],[37.8908037,51.3129139],[37.890624,51.3129349],[37.8901586,51.31295],[37.8901251,51.313095],[37.8898477,51.3131122],[37.8897187,51.3131202],[37.8894894,51.3131897],[37.8893472,51.3132526],[37.8892741,51.3132701],[37.8890672,51.3132928]]}},
{"type":"Feature","properties":{"full_id":"w845119526","osm_id":"845119526","osm_type":"way","highway":"footway","tactile_paving":null,"handrail":null,"traffic_signals:vibration":null,"traffic_signals:sound":null,"button_operated":null,"access":null,"layer":null,"tunnel":null,"postal_code":null,"footway":null,"crossing:markings":null,"crossing:island":null,"crossing":null,"surface":null,"oneway":null,"old_name":null,"name:etymology:wikidata":null,"name":null,"maxspeed":null,"lit":null,"lanes":null,"service":null},"geometry":{"type":"LineString","coordinates":[[37.8897583,51.3123684],[37.8898421,51.3122509],[37.8900902,51.3120548],[37.8901402,51.3120004]]}},
{"type":"Feature","properties":{"full_id":"w845119527","osm_id":"845119527","osm_type":"way","highway":"service","tactile_paving":null,"handrail":null,"traffic_signals:vibration":null,"traffic_signals:sound":null,"button_operated":null,"access":null,"layer":null,"tunnel":null,"postal_code":null,"footway":null,"crossing:markings":null,"crossing:island":null,"crossing":null,"surface":null,"oneway":null,"old_name":null,"name:etymology:wikidata":null,"name":null,"maxspeed":null,"lit":null,"lanes":null,"service":null},"geometry":{"type":"LineString","coordinates":[[37.8909659,51.3104267],[37.891037,51.3104477]]}},
{"type":"Feature","properties":{"full_id":"w845119528","osm_id":"845119528","osm_type":"way","highway":"service","tactile_paving":null,"handrail":null,"traffic_signals:vibration":null,"traffic_signals:sound":null,"button_operated":null,"access":null,"layer":null,"tunnel":null,"postal_code":null,"footway":null,"crossing:markings":null,"crossing:island":null,"crossing":null,"surface":null,"oneway":null,"old_name":null,"name:etymology:wikidata":null,"name":null,"maxspeed":null,"lit":null,"lanes":null,"service":"parking_aisle"},"geometry":{"type":"LineString","coordinates":[[37.891037,51.3104477],[37.8910348,51.3104725],[37.8910317,51.3105088],[37.8910719,51.3106363],[37.891088,51.3107168],[37.8913482,51.3108098],[37.8919101,51.3107293],[37.8919972,51.3107067],[37.8920965,51.3106279],[37.8921407,51.3105809],[37.8921461,51.3104854],[37.8921233,51.3104124],[37.8920656,51.3103697],[37.8919101,51.3103588],[37.891497,51.3104032],[37.8911215,51.3104485],[37.8910348,51.3104725]]}},
{"type":"Feature","properties":{"full_id":"w845119529","osm_id":"845119529","osm_type":"way","highway":"service","tactile_paving":null,"handrail":null,"traffic_signals:vibration":null,"traffic_signals:sound":null,"button_operated":null,"access":null,"layer":null,"tunnel":null,"postal_code":null,"footway":null,"crossing:markings":null,"crossing:island":null,"crossing":null,"surface":null,"oneway":null,"old_name":null,"name:etymology:wikidata":null,"name":null,"maxspeed":null,"lit":null,"lanes":null,"service":null},"geometry":{"type":"LineString","coordinates":[[37.8929071,51.3132004],[37.8929561,51.3131294],[37.8930479,51.3130076]]}},
{"type":"Feature","properties":{"full_id":"w845119530","osm_id":"845119530","osm_type":"way","highway":"service","tactile_paving":null,"handrail":null,"traffic_signals:vibration":null,"traffic_signals:sound":null,"button_operated":null,"access":null,"layer":null,"tunnel":null,"postal_code":null,"footway":null,"crossing:markings":null,"crossing:island":null,"crossing":null,"surface":null,"oneway":null,"old_name":null,"name:etymology:wikidata":null,"name":null,"maxspeed":null,"lit":null,"lanes":null,"service":"parking_aisle"},"geometry":{"type":"LineString","coordinates":[[37.8930479,51.3130076],[37.8931479,51.312903],[37.8928542,51.3127874],[37.8926665,51.3127111],[37.8926584,51.3126675],[37.8928971,51.3124403],[37.8930809,51.3122693],[37.8932378,51.3121368],[37.8932793,51.3121201],[37.8933384,51.3121268],[37.8935704,51.3122182],[37.8936093,51.3122609],[37.8936535,51.3124386],[37.8936361,51.3124797],[37.8932539,51.3128184],[37.8931479,51.312903]]}},
{"type":"Feature","properties":{"full_id":"w845119531","osm_id":"845119531","osm_type":"way","highway":"footway","tactile_paving":null,"handrail":null,"traffic_signals:vibration":null,"traffic_signals:sound":null,"button_operated":null,"access":null,"layer":null,"tunnel":"building_passage","postal_code":null,"footway":null,"crossing:markings":null,"crossing:island":null,"crossing":null,"surface":null,"oneway":null,"old_name":null,"name:etymology:wikidata":null,"name":null,"maxspeed":null,"lit":null,"lanes":null,"service":null},"geometry":{"type":"LineString","coordinates":[[37.8932327,51.3135257],[37.8930773,51.3134626]]}},
{"type":"Feature","properties":{"full_id":"w845119533","osm_id":"845119533","osm_type":"way","highway":"steps","tactile_paving":null,"handrail":null,"traffic_signals:vibration":null,"traffic_signals:sound":null,"button_operated":null,"access":null,"layer":null,"tunnel":null,"postal_code":null,"footway":null,"crossing:markings":null,"crossing:island":null,"crossing":null,"surface":null,"oneway":null,"old_name":null,"name:etymology:wikidata":null,"name":null,"maxspeed":null,"lit":null,"lanes":null,"service":null},"geometry":{"type":"LineString","coordinates":[[37.8938279,51.3138486],[37.8936884,51.3137723]]}},
{"type":"Feature","properties":{"full_id":"w845119535","osm_id":"845119535","osm_type":"way","highway":"steps","tactile_paving":null,"handrail":null,"traffic_signals:vibration":null,"traffic_signals:sound":null,"button_operated":null,"access":null,"layer":null,"tunnel":null,"postal_code":null,"footway":null,"crossing:markings":null,"crossing:island":null,"crossing":null,"surface":null,"oneway":null,"old_name":null,"name:etymology:wikidata":null,"name":null,"maxspeed":null,"lit":null,"lanes":null,"service":null},"geometry":{"type":"LineString","coordinates":[[37.8926356,51.3148126],[37.8925484,51.3147774]]}},
{"type":"Feature","properties":{"full_id":"w845119537","osm_id":"845119537","osm_type":"way","highway":"steps","tactile_paving":null,"handrail":null,"traffic_signals:vibration":null,"traffic_signals:sound":null,"button_operated":null,"access":null,"layer":null,"tunnel":null,"postal_code":null,"footway":null,"crossing:markings":null,"crossing:island":null,"crossing":null,"surface":"paving_stones","oneway":null,"old_name":null,"name:etymology:wikidata":null,"name":null,"maxspeed":null,"lit":null,"lanes":null,"service":null},"geometry":{"type":"LineString","coordinates":[[37.8831768,51.3128242],[37.8832439,51.3127664]]}},
{"type":"Feature","properties":{"full_id":"w845119538","osm_id":"845119538","osm_type":"way","highway":"steps","tactile_paving":null,"handrail":null,"traffic_signals:vibration":null,"traffic_signals:sound":null,"button_operated":null,"access":null,"layer":null,"tunnel":null,"postal_code":null,"footway":null,"crossing:markings":null,"crossing:island":null,"crossing":null,"surface":null,"oneway":null,"old_name":null,"name:etymology:wikidata":null,"name":null,"maxspeed":null,"lit":null,"lanes":null,"service":null},"geometry":{"type":"LineString","coordinates":[[37.8834638,51.3125686],[37.8835362,51.3124998]]}},
{"type":"Feature","properties":{"full_id":"w845120417","osm_id":"845120417","osm_type":"way","highway":"service","tactile_paving":null,"handrail":null,"traffic_signals:vibration":null,"traffic_signals:sound":null,"button_operated":null,"access":null,"layer":null,"tunnel":null,"postal_code":null,"footway":null,"crossing:markings":null,"crossing:island":null,"crossing":null,"surface":null,"oneway":null,"old_name":null,"name:etymology:wikidata":null,"name":null,"maxspeed":null,"lit":null,"lanes":null,"service":null},"geometry":{"type":"LineString","coordinates":[[37.8917192,51.3098042],[37.8919787,51.3097519]]}},
{"type":"Feature","properties":{"full_id":"w845121518","osm_id":"845121518","osm_type":"way","highway":"service","tactile_paving":null,"handrail":null,"traffic_signals:vibration":null,"traffic_signals:sound":null,"button_operated":null,"access":null,"layer":null,"tunnel":null,"postal_code":null,"footway":null,"crossing:markings":null,"crossing:island":null,"crossing":null,"surface":null,"oneway":null,"old_name":null,"name:etymology:wikidata":null,"name":null,"maxspeed":null,"lit":null,"lanes":null,"service":"parking_aisle"},"geometry":{"type":"LineString","coordinates":[[37.8957512,51.3101871],[37.8956459,51.3101395],[37.8953988,51.3100343],[37.8950971,51.3098992],[37.8941136,51.3094868],[37.8940397,51.3094557],[37.8939098,51.3093935]]}},
{"type":"Feature","properties":{"full_id":"w845125225","osm_id":"845125225","osm_type":"way","highway":"service","tactile_paving":null,"handrail":null,"traffic_signals:vibration":null,"traffic_signals:sound":null,"button_operated":null,"access":null,"layer":null,"tunnel":null,"postal_code":null,"footway":null,"crossing:markings":null,"crossing:island":null,"crossing":null,"surface":null,"oneway":null,"old_name":null,"name:etymology:wikidata":null,"name":null,"maxspeed":null,"lit":null,"lanes":null,"service":null},"geometry":{"type":"LineString","coordinates":[[37.8915731,51.309972],[37.8916723,51.3100088]]}},
{"type":"Feature","properties":{"full_id":"w845127450","osm_id":"845127450","osm_type":"way","highway":"footway","tactile_paving":null,"handrail":null,"traffic_signals:vibration":null,"traffic_signals:sound":null,"button_operated":null,"access":null,"layer":null,"tunnel":null,"postal_code":null,"footway":null,"crossing:markings":null,"crossing:island":null,"crossing":null,"surface":null,"oneway":null,"old_name":null,"name:etymology:wikidata":null,"name":null,"maxspeed":null,"lit":null,"lanes":null,"service":null},"geometry":{"type":"LineString","coordinates":[[37.8944032,51.3108601],[37.8943723,51.3108299],[37.8942543,51.3107553],[37.8941779,51.3107017],[37.8940853,51.3106061],[37.8939673,51.3104929],[37.8938641,51.3104091],[37.8937809,51.3103026],[37.8937125,51.3102163],[37.8935811,51.3100184],[37.8935717,51.3099841],[37.8935515,51.3099087]]}},
{"type":"Feature","properties":{"full_id":"w846557596","osm_id":"846557596","osm_type":"way","highway":"footway","tactile_paving":null,"handrail":null,"traffic_signals:vibration":null,"traffic_signals:sound":null,"button_operated":null,"access":null,"layer":null,"tunnel":null,"postal_code":null,"footway":null,"crossing:markings":null,"crossing:island":null,"crossing":null,"surface":null,"oneway":null,"old_name":null,"name:etymology:wikidata":null,"name":null,"maxspeed":null,"lit":null,"lanes":null,"service":null},"geometry":{"type":"LineString","coordinates":[[37.8842288,51.3147299],[37.8842855,51.3148001],[37.8844777,51.3150808],[37.8845956,51.3151579]]}},
{"type":"Feature","properties":{"full_id":"w846557597","osm_id":"846557597","osm_type":"way","highway":"footway","tactile_paving":null,"handrail":null,"traffic_signals:vibration":null,"traffic_signals:sound":null,"button_operated":null,"access":null,"layer":null,"tunnel":null,"postal_code":null,"footway":null,"crossing:markings":null,"crossing:island":null,"crossing":null,"surface":null,"oneway":null,"old_name":null,"name:etymology:wikidata":null,"name":null,"maxspeed":null,"lit":null,"lanes":null,"service":null},"geometry":{"type":"LineString","coordinates":[[37.8866681,51.3145794],[37.886801,51.3144299]]}},
{"type":"Feature","properties":{"full_id":"w846569614","osm_id":"846569614","osm_type":"way","highway":"footway","tactile_paving":null,"handrail":null,"traffic_signals:vibration":null,"traffic_signals:sound":null,"button_operated":null,"access":null,"layer":null,"tunnel":null,"postal_code":null,"footway":null,"crossing:markings":null,"crossing:island":null,"crossing":null,"surface":null,"oneway":null,"old_name":null,"name:etymology:wikidata":null,"name":null,"maxspeed":null,"lit":null,"lanes":null,"service":null},"geometry":{"type":"LineString","coordinates":[[37.8789406,51.3126395],[37.878833,51.3127228],[37.8784132,51.3131034],[37.8783613,51.3131812],[37.8782402,51.3132895],[37.8777198,51.3137732],[37.877647,51.31384],[37.8775375,51.3139308],[37.8771083,51.314308],[37.87704,51.3143657]]}},
{"type":"Feature","properties":{"full_id":"w846569615","osm_id":"846569615","osm_type":"way","highway":"service","tactile_paving":null,"handrail":null,"traffic_signals:vibration":null,"traffic_signals:sound":null,"button_operated":null,"access":null,"layer":null,"tunnel":null,"postal_code":null,"footway":null,"crossing:markings":null,"crossing:island":null,"crossing":null,"surface":null,"oneway":null,"old_name":null,"name:etymology:wikidata":null,"name":null,"maxspeed":null,"lit":null,"lanes":null,"service":null},"geometry":{"type":"LineString","coordinates":[[37.8778776,51.3139378],[37.8782187,51.3140867]]}},
{"type":"Feature","properties":{"full_id":"w846569616","osm_id":"846569616","osm_type":"way","highway":"service","tactile_paving":null,"handrail":null,"traffic_signals:vibration":null,"traffic_signals:sound":null,"button_operated":null,"access":null,"layer":null,"tunnel":"building_passage","postal_code":null,"footway":null,"crossing:markings":null,"crossing:island":null,"crossing":null,"surface":null,"oneway":null,"old_name":null,"name:etymology:wikidata":null,"name":null,"maxspeed":null,"lit":null,"lanes":null,"service":null},"geometry":{"type":"LineString","coordinates":[[37.8776893,51.313856],[37.8778776,51.3139378]]}},
{"type":"Feature","properties":{"full_id":"w846569618","osm_id":"846569618","osm_type":"way","highway":"service","tactile_paving":null,"handrail":null,"traffic_signals:vibration":null,"traffic_signals:sound":null,"button_operated":null,"access":null,"layer":null,"tunnel":null,"postal_code":null,"footway":null,"crossing:markings":null,"crossing:island":null,"crossing":null,"surface":null,"oneway":null,"old_name":null,"name:etymology:wikidata":null,"name":null,"maxspeed":null,"lit":null,"lanes":null,"service":"parking_aisle"},"geometry":{"type":"LineString","coordinates":[[37.8799768,51.3129708],[37.880019,51.3129272],[37.8802464,51.3127197]]}},
{"type":"Feature","properties":{"full_id":"w847185624","osm_id":"847185624","osm_type":"way","highway":"footway","tactile_paving":null,"handrail":null,"traffic_signals:vibration":null,"traffic_signals:sound":null,"button_operated":null,"access":null,"layer":null,"tunnel":null,"postal_code":null,"footway":null,"crossing:markings":null,"crossing:island":null,"crossing":null,"surface":null,"oneway":null,"old_name":null,"name:etymology:wikidata":null,"name":null,"maxspeed":null,"lit":null,"lanes":null,"service":null},"geometry":{"type":"LineString","coordinates":[[37.8815662,51.3089463],[37.8815638,51.3088115],[37.8815581,51.3084826],[37.8815379,51.30842]]}},
{"type":"Feature","properties":{"full_id":"w847185628","osm_id":"847185628","osm_type":"way","highway":"footway","tactile_paving":null,"handrail":null,"traffic_signals:vibration":null,"traffic_signals:sound":null,"button_operated":null,"access":null,"layer":null,"tunnel":null,"postal_code":null,"footway":null,"crossing:markings":null,"crossing:island":null,"crossing":null,"surface":null,"oneway":null,"old_name":null,"name:etymology:wikidata":null,"name":null,"maxspeed":null,"lit":null,"lanes":null,"service":null},"geometry":{"type":"LineString","coordinates":[[37.879533,51.3093293],[37.8793681,51.3093503],[37.879305,51.309414],[37.879356,51.3095666],[37.8793774,51.3096463]]}},
{"type":"Feature","properties":{"full_id":"w847185629","osm_id":"847185629","osm_type":"way","highway":"service","tactile_paving":null,"handrail":null,"traffic_signals:vibration":null,"traffic_signals:sound":null,"button_operated":null,"access":null,"layer":null,"tunnel":null,"postal_code":null,"footway":null,"crossing:markings":null,"crossing:island":null,"crossing":null,"surface":null,"oneway":null,"old_name":null,"name:etymology:wikidata":null,"name":null,"maxspeed":null,"lit":null,"lanes":null,"service":null},"geometry":{"type":"LineString","coordinates":[[37.8816754,51.3075309],[37.8818028,51.3075758]]}},
{"type":"Feature","properties":{"full_id":"w847185632","osm_id":"847185632","osm_type":"way","highway":"footway","tactile_paving":null,"handrail":null,"traffic_signals:vibration":null,"traffic_signals:sound":null,"button_operated":null,"access":null,"layer":null,"tunnel":null,"postal_code":null,"footway":null,"crossing:markings":null,"crossing:island":null,"crossing":null,"surface":null,"oneway":null,"old_name":null,"name:etymology:wikidata":null,"name":null,"maxspeed":null,"lit":null,"lanes":null,"service":null},"geometry":{"type":"LineString","coordinates":[[37.8778933,51.3086673],[37.8780335,51.3085847],[37.8781224,51.3085323],[37.8785393,51.3081456],[37.8788544,51.3078588],[37.8789215,51.3078022]]}},
{"type":"Feature","properties":{"full_id":"w847185633","osm_id":"847185633","osm_type":"way","highway":"service","tactile_paving":null,"handrail":null,"traffic_signals:vibration":null,"traffic_signals:sound":null,"button_operated":null,"access":null,"layer":null,"tunnel":null,"postal_code":null,"footway":null,"crossing:markings":null,"crossing:island":null,"crossing":null,"surface":null,"oneway":null,"old_name":null,"name:etymology:wikidata":null,"name":null,"maxspeed":null,"lit":null,"lanes":null,"service":"parking_aisle"},"geometry":{"type":"LineString","coordinates":[[37.8782697,51.307671],[37.8782147,51.3076593],[37.8777882,51.3076509],[37.8777292,51.307661],[37.8775415,51.307837],[37.8774744,51.3079125],[37.877524,51.3081095],[37.8775468,51.3081514],[37.8778781,51.308304],[37.8780379,51.3083328],[37.8781584,51.3083216],[37.8784503,51.308073],[37.8783971,51.3077691],[37.8783419,51.3077014]]}},
{"type":"Feature","properties":{"full_id":"w847195621","osm_id":"847195621","osm_type":"way","highway":"footway","tactile_paving":null,"handrail":null,"traffic_signals:vibration":null,"traffic_signals:sound":null,"button_operated":null,"access":null,"layer":null,"tunnel":null,"postal_code":null,"footway":null,"crossing:markings":null,"crossing:island":null,"crossing":null,"surface":null,"oneway":null,"old_name":null,"name:etymology:wikidata":null,"name":null,"maxspeed":null,"lit":null,"lanes":null,"service":null},"geometry":{"type":"LineString","coordinates":[[37.8767644,51.3078592],[37.8767596,51.307921],[37.8767569,51.3079552],[37.8767583,51.3080072],[37.8768535,51.3080542],[37.8778513,51.3084851],[37.8779143,51.3085404],[37.8780335,51.3085847]]}},
{"type":"Feature","properties":{"full_id":"w861130801","osm_id":"861130801","osm_type":"way","highway":"service","tactile_paving":null,"handrail":null,"traffic_signals:vibration":null,"traffic_signals:sound":null,"button_operated":null,"access":null,"layer":null,"tunnel":null,"postal_code":null,"footway":null,"crossing:markings":null,"crossing:island":null,"crossing":null,"surface":null,"oneway":null,"old_name":null,"name:etymology:wikidata":null,"name":null,"maxspeed":null,"lit":null,"lanes":null,"service":"parking_aisle"},"geometry":{"type":"LineString","coordinates":[[37.8984229,51.3142678],[37.8984437,51.3143751],[37.8984828,51.3146089],[37.8983215,51.3147857],[37.8982749,51.314855]]}},
{"type":"Feature","properties":{"full_id":"w861130802","osm_id":"861130802","osm_type":"way","highway":"service","tactile_paving":null,"handrail":null,"traffic_signals:vibration":null,"traffic_signals:sound":null,"button_operated":null,"access":null,"layer":null,"tunnel":null,"postal_code":null,"footway":null,"crossing:markings":null,"crossing:island":null,"crossing":null,"surface":null,"oneway":null,"old_name":null,"name:etymology:wikidata":null,"name":null,"maxspeed":null,"lit":null,"lanes":null,"service":null},"geometry":{"type":"LineString","coordinates":[[37.8975804,51.3156745],[37.8976538,51.3156257]]}},
{"type":"Feature","properties":{"full_id":"w987744303","osm_id":"987744303","osm_type":"way","highway":"footway","tactile_paving":null,"handrail":null,"traffic_signals:vibration":null,"traffic_signals:sound":null,"button_operated":null,"access":null,"layer":null,"tunnel":null,"postal_code":null,"footway":null,"crossing:markings":null,"crossing:island":null,"crossing":null,"surface":null,"oneway":null,"old_name":null,"name:etymology:wikidata":null,"name":null,"maxspeed":null,"lit":null,"lanes":null,"service":null},"geometry":{"type":"LineString","coordinates":[[37.8920262,51.3087235],[37.8916607,51.309042]]}},
{"type":"Feature","properties":{"full_id":"w991556833","osm_id":"991556833","osm_type":"way","highway":"footway","tactile_paving":null,"handrail":null,"traffic_signals:vibration":null,"traffic_signals:sound":null,"button_operated":null,"access":null,"layer":null,"tunnel":null,"postal_code":null,"footway":null,"crossing:markings":null,"crossing:island":null,"crossing":null,"surface":null,"oneway":null,"old_name":null,"name:etymology:wikidata":null,"name":null,"maxspeed":null,"lit":null,"lanes":null,"service":null},"geometry":{"type":"LineString","coordinates":[[37.8994607,51.3123946],[37.900008,51.3126169]]}},
{"type":"Feature","properties":{"full_id":"w991556834","osm_id":"991556834","osm_type":"way","highway":"service","tactile_paving":null,"handrail":null,"traffic_signals:vibration":null,"traffic_signals:sound":null,"button_operated":null,"access":null,"layer":null,"tunnel":null,"postal_code":null,"footway":null,"crossing:markings":null,"crossing:island":null,"crossing":null,"surface":"asphalt","oneway":null,"old_name":null,"name:etymology:wikidata":null,"name":null,"maxspeed":null,"lit":null,"lanes":null,"service":null},"geometry":{"type":"LineString","coordinates":[[37.8991377,51.3126741],[37.8994607,51.3123946],[37.8994791,51.3123787]]}},
{"type":"Feature","properties":{"full_id":"w991559073","osm_id":"991559073","osm_type":"way","highway":"service","tactile_paving":null,"handrail":null,"traffic_signals:vibration":null,"traffic_signals:sound":null,"button_operated":null,"access":null,"layer":null,"tunnel":null,"postal_code":null,"footway":null,"crossing:markings":null,"crossing:island":null,"crossing":null,"surface":null,"oneway":null,"old_name":null,"name:etymology:wikidata":null,"name":null,"maxspeed":null,"lit":null,"lanes":null,"service":"parking_aisle"},"geometry":{"type":"LineString","coordinates":[[37.8969137,51.3118996],[37.8971042,51.3119801],[37.8971082,51.3120153],[37.8970953,51.3120272],[37.8970827,51.3120388],[37.8970411,51.3120547],[37.896783,51.3123024]]}},
{"type":"Feature","properties":{"full_id":"w991559811","osm_id":"991559811","osm_type":"way","highway":"footway","tactile_paving":null,"handrail":null,"traffic_signals:vibration":null,"traffic_signals:sound":null,"button_operated":null,"access":null,"layer":null,"tunnel":null,"postal_code":null,"footway":null,"crossing:markings":null,"crossing:island":null,"crossing":null,"surface":null,"oneway":null,"old_name":null,"name:etymology:wikidata":null,"name":null,"maxspeed":null,"lit":null,"lanes":null,"service":null},"geometry":{"type":"LineString","coordinates":[[37.8981972,51.3112378],[37.8981202,51.3112074]]}},
{"type":"Feature","properties":{"full_id":"w991559812","osm_id":"991559812","osm_type":"way","highway":"service","tactile_paving":null,"handrail":null,"traffic_signals:vibration":null,"traffic_signals:sound":null,"button_operated":null,"access":null,"layer":null,"tunnel":null,"postal_code":null,"footway":null,"crossing:markings":null,"crossing:island":null,"crossing":null,"surface":null,"oneway":null,"old_name":null,"name:etymology:wikidata":null,"name":null,"maxspeed":null,"lit":null,"lanes":null,"service":"parking_aisle"},"geometry":{"type":"LineString","coordinates":[[37.8986966,51.3114371],[37.8986397,51.3114134],[37.8981972,51.3112378]]}},
{"type":"Feature","properties":{"full_id":"w1071195778","osm_id":"1071195778","osm_type":"way","highway":"footway","tactile_paving":null,"handrail":null,"traffic_signals:vibration":null,"traffic_signals:sound":null,"button_operated":null,"access":null,"layer":null,"tunnel":null,"postal_code":null,"footway":null,"crossing:markings":null,"crossing:island":null,"crossing":null,"surface":null,"oneway":null,"old_name":null,"name:etymology:wikidata":null,"name":null,"maxspeed":null,"lit":null,"lanes":null,"service":null},"geometry":{"type":"LineString","coordinates":[[37.8782227,51.3160481],[37.8783479,51.3159385],[37.878663,51.3156628]]}},
{"type":"Feature","properties":{"full_id":"w1072483389","osm_id":"1072483389","osm_type":"way","highway":"footway","tactile_paving":null,"handrail":null,"traffic_signals:vibration":null,"traffic_signals:sound":null,"button_operated":null,"access":null,"layer":null,"tunnel":null,"postal_code":null,"footway":null,"crossing:markings":null,"crossing:island":null,"crossing":null,"surface":null,"oneway":null,"old_name":null,"name:etymology:wikidata":null,"name":null,"maxspeed":null,"lit":null,"lanes":null,"service":null},"geometry":{"type":"LineString","coordinates":[[37.8937984,51.3094984],[37.8931592,51.3092149],[37.8923311,51.3088506]]}},
{"type":"Feature","properties":{"full_id":"w1073242890","osm_id":"1073242890","osm_type":"way","highway":"footway","tactile_paving":null,"handrail":null,"traffic_signals:vibration":null,"traffic_signals:sound":null,"button_operated":null,"access":null,"layer":null,"tunnel":null,"postal_code":null,"footway":null,"crossing:markings":null,"crossing:island":null,"crossing":null,"surface":null,"oneway":null,"old_name":null,"name:etymology:wikidata":null,"name":null,"maxspeed":null,"lit":null,"lanes":null,"service":null},"geometry":{"type":"LineString","coordinates":[[37.8955191,51.3103793],[37.8953983,51.3103236],[37.8939982,51.3097242],[37.8940156,51.309663],[37.8937487,51.3095453]]}},
{"type":"Feature","properties":{"full_id":"w1073242893","osm_id":"1073242893","osm_type":"way","highway":"footway","tactile_paving":null,"handrail":null,"traffic_signals:vibration":null,"traffic_signals:sound":null,"button_operated":null,"access":null,"layer":null,"tunnel":null,"postal_code":null,"footway":null,"crossing:markings":null,"crossing:island":null,"crossing":null,"surface":null,"oneway":null,"old_name":null,"name:etymology:wikidata":null,"name":null,"maxspeed":null,"lit":null,"lanes":null,"service":null},"geometry":{"type":"LineString","coordinates":[[37.8941248,51.3096405],[37.8941136,51.3094868],[37.8941122,51.3093385],[37.8941202,51.309305],[37.8941576,51.3092675],[37.8942114,51.3092185],[37.8942624,51.3091717],[37.894283,51.3090805]]}},
{"type":"Feature","properties":{"full_id":"w1073242894","osm_id":"1073242894","osm_type":"way","highway":"footway","tactile_paving":null,"handrail":null,"traffic_signals:vibration":null,"traffic_signals:sound":null,"button_operated":null,"access":null,"layer":null,"tunnel":null,"postal_code":null,"footway":null,"crossing:markings":null,"crossing:island":null,"crossing":null,"surface":null,"oneway":null,"old_name":null,"name:etymology:wikidata":null,"name":null,"maxspeed":null,"lit":null,"lanes":null,"service":null},"geometry":{"type":"LineString","coordinates":[[37.8953581,51.3098801],[37.8950971,51.3098992],[37.8947487,51.309912]]}},
{"type":"Feature","properties":{"full_id":"w1073242895","osm_id":"1073242895","osm_type":"way","highway":"footway","tactile_paving":null,"handrail":null,"traffic_signals:vibration":null,"traffic_signals:sound":null,"button_operated":null,"access":null,"layer":null,"tunnel":null,"postal_code":null,"footway":null,"crossing:markings":null,"crossing:island":null,"crossing":null,"surface":null,"oneway":null,"old_name":null,"name:etymology:wikidata":null,"name":null,"maxspeed":null,"lit":null,"lanes":null,"service":null},"geometry":{"type":"LineString","coordinates":[[37.8952791,51.3101428],[37.8953988,51.3100343],[37.8955016,51.3099413],[37.8953581,51.3098801],[37.8941122,51.3093385]]}},
{"type":"Feature","properties":{"full_id":"w1073242898","osm_id":"1073242898","osm_type":"way","highway":"service","tactile_paving":null,"handrail":null,"traffic_signals:vibration":null,"traffic_signals:sound":null,"button_operated":null,"access":null,"layer":null,"tunnel":null,"postal_code":null,"footway":null,"crossing:markings":null,"crossing:island":null,"crossing":null,"surface":null,"oneway":null,"old_name":null,"name:etymology:wikidata":null,"name":null,"maxspeed":null,"lit":null,"lanes":null,"service":"parking_aisle"},"geometry":{"type":"LineString","coordinates":[[37.8938773,51.3094241],[37.8933075,51.3091809],[37.8931592,51.3092149],[37.8930782,51.3092866]]}},
{"type":"Feature","properties":{"full_id":"w1073251514","osm_id":"1073251514","osm_type":"way","highway":"footway","tactile_paving":null,"handrail":null,"traffic_signals:vibration":null,"traffic_signals:sound":null,"button_operated":null,"access":null,"layer":null,"tunnel":null,"postal_code":null,"footway":null,"crossing:markings":null,"crossing:island":null,"crossing":null,"surface":null,"oneway":null,"old_name":null,"name:etymology:wikidata":null,"name":null,"maxspeed":null,"lit":null,"lanes":null,"service":null},"geometry":{"type":"LineString","coordinates":[[37.8938708,51.3073005],[37.8937876,51.307225],[37.8937018,51.307111],[37.8936964,51.3070054],[37.8937662,51.306893],[37.8938949,51.3067874],[37.8940478,51.3067035],[37.8942114,51.3066801],[37.894375,51.3067002],[37.8946406,51.3067706],[37.8947318,51.3068092],[37.8948283,51.306883],[37.8948739,51.3069987],[37.8948605,51.3071194],[37.8947908,51.3072317],[37.8947291,51.3072854],[37.894536,51.3073826],[37.8943643,51.3074162],[37.894139,51.3073994],[37.8938708,51.3073005],[37.8937863,51.3073843]]}},
{"type":"Feature","properties":{"full_id":"w1073251515","osm_id":"1073251515","osm_type":"way","highway":"footway","tactile_paving":null,"handrail":null,"traffic_signals:vibration":null,"traffic_signals:sound":null,"button_operated":null,"access":null,"layer":null,"tunnel":null,"postal_code":null,"footway":null,"crossing:markings":null,"crossing:island":null,"crossing":null,"surface":null,"oneway":null,"old_name":null,"name:etymology:wikidata":null,"name":null,"maxspeed":null,"lit":null,"lanes":null,"service":null},"geometry":{"type":"LineString","coordinates":[[37.8937635,51.3074082],[37.8945681,51.3077381],[37.8954077,51.3069592]]}},
{"type":"Feature","properties":{"full_id":"w1073251517","osm_id":"1073251517","osm_type":"way","highway":"footway","tactile_paving":null,"handrail":null,"traffic_signals:vibration":null,"traffic_signals:sound":null,"button_operated":null,"access":null,"layer":null,"tunnel":null,"postal_code":null,"footway":null,"crossing:markings":null,"crossing:island":null,"crossing":null,"surface":null,"oneway":null,"old_name":null,"name:etymology:wikidata":null,"name":null,"maxspeed":null,"lit":null,"lanes":null,"service":null},"geometry":{"type":"LineString","coordinates":[[37.8927413,51.3084132],[37.8928314,51.3082797],[37.8935612,51.3076292],[37.8937635,51.3074082],[37.8937863,51.3073843]]}},
{"type":"Feature","properties":{"full_id":"w1079433810","osm_id":"1079433810","osm_type":"way","highway":"secondary","tactile_paving":null,"handrail":null,"traffic_signals:vibration":null,"traffic_signals:sound":null,"button_operated":null,"access":null,"layer":null,"tunnel":null,"postal_code":"309511","footway":null,"crossing:markings":null,"crossing:island":null,"crossing":null,"surface":"asphalt","oneway":"yes","old_name":null,"name:etymology:wikidata":null,"name":"улица Шухова","maxspeed":"RU:urban","lit":null,"lanes":null,"service":null},"geometry":{"type":"LineString","coordinates":[[37.8849203,51.3064507],[37.884781,51.3065733],[37.8842859,51.307019],[37.8837141,51.307522],[37.8835941,51.3076236],[37.8824621,51.3086627],[37.8823642,51.3087495],[37.8822833,51.308823],[37.882132,51.3089688],[37.880963,51.3100178]]}},
{"type":"Feature","properties":{"full_id":"w1090936686","osm_id":"1090936686","osm_type":"way","highway":"primary","tactile_paving":null,"handrail":null,"traffic_signals:vibration":null,"traffic_signals:sound":null,"button_operated":null,"access":null,"layer":null,"tunnel":null,"postal_code":"309516","footway":null,"crossing:markings":null,"crossing:island":null,"crossing":null,"surface":"asphalt","oneway":"yes","old_name":null,"name:etymology:wikidata":null,"name":"Молодёжный проспект","maxspeed":null,"lit":null,"lanes":"3","service":null},"geometry":{"type":"LineString","coordinates":[[37.8786813,51.3105552],[37.879411,51.3108505],[37.8796972,51.3109761]]}},
{"type":"Feature","properties":{"full_id":"w1090936687","osm_id":"1090936687","osm_type":"way","highway":"secondary","tactile_paving":null,"handrail":null,"traffic_signals:vibration":null,"traffic_signals:sound":null,"button_operated":null,"access":null,"layer":null,"tunnel":null,"postal_code":"309511","footway":null,"crossing:markings":null,"crossing:island":null,"crossing":null,"surface":"asphalt","oneway":"yes","old_name":null,"name:etymology:wikidata":null,"name":"улица Шухова","maxspeed":"RU:urban","lit":null,"lanes":null,"service":null},"geometry":{"type":"LineString","coordinates":[[37.8798194,51.3110276],[37.8796972,51.3111349]]}},
{"type":"Feature","properties":{"full_id":"w1090944750","osm_id":"1090944750","osm_type":"way","highway":"primary","tactile_paving":null,"handrail":null,"traffic_signals:vibration":null,"traffic_signals:sound":null,"button_operated":null,"access":null,"layer":null,"tunnel":null,"postal_code":"309516","footway":null,"crossing:markings":null,"crossing:island":null,"crossing":null,"surface":"asphalt","oneway":"yes","old_name":null,"name:etymology:wikidata":null,"name":"проспект Алексея Угарова","maxspeed":"RU:urban","lit":null,"lanes":"3","service":null},"geometry":{"type":"LineString","coordinates":[[37.8976881,51.3107149],[37.8976086,51.3107864],[37.894202,51.3138536],[37.8940761,51.3139679],[37.892726,51.3151918],[37.8921807,51.3156751],[37.8916344,51.3161728]]}},
{"type":"Feature","properties":{"full_id":"w1090944754","osm_id":"1090944754","osm_type":"way","highway":"service","tactile_paving":null,"handrail":null,"traffic_signals:vibration":null,"traffic_signals:sound":null,"button_operated":null,"access":null,"layer":null,"tunnel":null,"postal_code":null,"footway":null,"crossing:markings":null,"crossing:island":null,"crossing":null,"surface":null,"oneway":null,"old_name":null,"name:etymology:wikidata":null,"name":null,"maxspeed":null,"lit":null,"lanes":null,"service":null},"geometry":{"type":"LineString","coordinates":[[37.8924428,51.3086148],[37.8924893,51.3085563],[37.8925387,51.3084944]]}},
{"type":"Feature","properties":{"full_id":"w1090944755","osm_id":"1090944755","osm_type":"way","highway":"service","tactile_paving":null,"handrail":null,"traffic_signals:vibration":null,"traffic_signals:sound":null,"button_operated":null,"access":null,"layer":null,"tunnel":null,"postal_code":null,"footway":null,"crossing:markings":null,"crossing:island":null,"crossing":null,"surface":null,"oneway":"yes","old_name":null,"name:etymology:wikidata":null,"name":"Транспортный дублер","maxspeed":null,"lit":null,"lanes":null,"service":null},"geometry":{"type":"LineString","coordinates":[[37.8922829,51.3085463],[37.891188,51.3080778],[37.8910997,51.3079539]]}},
{"type":"Feature","properties":{"full_id":"w1090944756","osm_id":"1090944756","osm_type":"way","highway":"secondary","tactile_paving":null,"handrail":null,"traffic_signals:vibration":null,"traffic_signals:sound":null,"button_operated":null,"access":null,"layer":null,"tunnel":null,"postal_code":null,"footway":null,"crossing:markings":null,"crossing:island":null,"crossing":null,"surface":"asphalt","oneway":"yes","old_name":"улица XXV Партсъезда","name:etymology:wikidata":"Q270706","name":"проспект Победы","maxspeed":"RU:urban","lit":"yes","lanes":"2","service":null},"geometry":{"type":"LineString","coordinates":[[37.89086,51.3077651],[37.8925387,51.3084944]]}},
{"type":"Feature","properties":{"full_id":"w1090944757","osm_id":"1090944757","osm_type":"way","highway":"primary","tactile_paving":null,"handrail":null,"traffic_signals:vibration":null,"traffic_signals:sound":null,"button_operated":null,"access":null,"layer":null,"tunnel":null,"postal_code":"309516","footway":null,"crossing:markings":null,"crossing:island":null,"crossing":null,"surface":"asphalt","oneway":"yes","old_name":null,"name:etymology:wikidata":null,"name":"проспект Алексея Угарова","maxspeed":"RU:urban","lit":null,"lanes":"3","service":null},"geometry":{"type":"LineString","coordinates":[[37.8975042,51.3106306],[37.8976205,51.3105287],[37.9000622,51.3083267],[37.9020897,51.3064986],[37.9021997,51.3063993],[37.9023884,51.3062319]]}},
{"type":"Feature","properties":{"full_id":"w1091036458","osm_id":"1091036458","osm_type":"way","highway":"primary","tactile_paving":null,"handrail":null,"traffic_signals:vibration":null,"traffic_signals:sound":null,"button_operated":null,"access":null,"layer":null,"tunnel":null,"postal_code":"309516","footway":null,"crossing:markings":null,"crossing:island":null,"crossing":null,"surface":"asphalt","oneway":"yes","old_name":null,"name:etymology:wikidata":null,"name":"проспект Алексея Угарова","maxspeed":"RU:urban","lit":null,"lanes":"3","service":null},"geometry":{"type":"LineString","coordinates":[[37.8914421,51.3160998],[37.8918385,51.3157501],[37.8920021,51.3156013],[37.8925421,51.3151113],[37.8937782,51.3140003],[37.8939046,51.3138875],[37.8953309,51.3126001],[37.8974254,51.310702]]}},
{"type":"Feature","properties":{"full_id":"w1091048637","osm_id":"1091048637","osm_type":"way","highway":"primary","tactile_paving":null,"handrail":null,"traffic_signals:vibration":null,"traffic_signals:sound":null,"button_operated":null,"access":null,"layer":null,"tunnel":null,"postal_code":"309516","footway":null,"crossing:markings":null,"crossing:island":null,"crossing":null,"surface":"asphalt","oneway":"yes","old_name":null,"name:etymology:wikidata":null,"name":"Молодёжный проспект","maxspeed":null,"lit":null,"lanes":"3","service":null},"geometry":{"type":"LineString","coordinates":[[37.8796972,51.3111349],[37.8795758,51.3110867],[37.8792945,51.3109694],[37.8786476,51.3106845],[37.8767554,51.3098785],[37.8766414,51.3098252],[37.8764193,51.3097316],[37.8756487,51.3093889]]}},
{"type":"Feature","properties":{"full_id":"w1091779499","osm_id":"1091779499","osm_type":"way","highway":"secondary","tactile_paving":null,"handrail":null,"traffic_signals:vibration":null,"traffic_signals:sound":null,"button_operated":null,"access":null,"layer":null,"tunnel":null,"postal_code":null,"footway":null,"crossing:markings":null,"crossing:island":null,"crossing":null,"surface":"asphalt","oneway":"yes","old_name":"улица XXV Партсъезда","name:etymology:wikidata":"Q270706","name":"проспект Победы","maxspeed":"RU:urban","lit":null,"lanes":"2","service":null},"geometry":{"type":"LineString","coordinates":[[37.8974254,51.310702],[37.8971234,51.3105652],[37.8969546,51.3104881],[37.896114,51.3101222],[37.895917,51.3100353],[37.8941576,51.3092675],[37.8940902,51.309241]]}},
{"type":"Feature","properties":{"full_id":"w1091779500","osm_id":"1091779500","osm_type":"way","highway":"secondary","tactile_paving":null,"handrail":null,"traffic_signals:vibration":null,"traffic_signals:sound":null,"button_operated":null,"access":null,"layer":null,"tunnel":null,"postal_code":null,"footway":null,"crossing:markings":null,"crossing:island":null,"crossing":null,"surface":"asphalt","oneway":null,"old_name":null,"name:etymology:wikidata":"Q270706","name":"проспект Победы","maxspeed":null,"lit":null,"lanes":null,"service":null},"geometry":{"type":"LineString","coordinates":[[37.8997778,51.3116215],[37.8996906,51.3116961]]}},
{"type":"Feature","properties":{"full_id":"w1091779501","osm_id":"1091779501","osm_type":"way","highway":"residential","tactile_paving":null,"handrail":null,"traffic_signals:vibration":null,"traffic_signals:sound":null,"button_operated":null,"access":null,"layer":null,"tunnel":null,"postal_code":null,"footway":null,"crossing:markings":null,"crossing:island":null,"crossing":null,"surface":null,"oneway":null,"old_name":null,"name:etymology:wikidata":null,"name":"проспект Алексея Угарова (Ворошиловский дублёр)","maxspeed":null,"lit":null,"lanes":null,"service":null},"geometry":{"type":"LineString","coordinates":[[37.8979837,51.310951],[37.898069,51.310876]]}},
{"type":"Feature","properties":{"full_id":"w1091779502","osm_id":"1091779502","osm_type":"way","highway":"secondary","tactile_paving":null,"handrail":null,"traffic_signals:vibration":null,"traffic_signals:sound":null,"button_operated":null,"access":null,"layer":null,"tunnel":null,"postal_code":null,"footway":null,"crossing:markings":null,"crossing:island":null,"crossing":null,"surface":"asphalt","oneway":"yes","old_name":"улица XXV Партсъезда","name:etymology:wikidata":"Q270706","name":"проспект Победы","maxspeed":"RU:urban","lit":"yes","lanes":"3","service":null},"geometry":{"type":"LineString","coordinates":[[37.8962939,51.310105],[37.8970256,51.3104235],[37.897195,51.3104972]]}},
{"type":"Feature","properties":{"full_id":"w1091779503","osm_id":"1091779503","osm_type":"way","highway":"service","tactile_paving":null,"handrail":null,"traffic_signals:vibration":null,"traffic_signals:sound":null,"button_operated":null,"access":null,"layer":null,"tunnel":null,"postal_code":null,"footway":null,"crossing:markings":null,"crossing:island":null,"crossing":null,"surface":null,"oneway":"yes","old_name":null,"name:etymology:wikidata":null,"name":null,"maxspeed":null,"lit":null,"lanes":null,"service":null},"geometry":{"type":"LineString","coordinates":[[37.8924893,51.3085563],[37.8922829,51.3085463]]}},
{"type":"Feature","properties":{"full_id":"w1091779505","osm_id":"1091779505","osm_type":"way","highway":"secondary","tactile_paving":null,"handrail":null,"traffic_signals:vibration":null,"traffic_signals:sound":null,"button_operated":null,"access":null,"layer":null,"tunnel":null,"postal_code":null,"footway":null,"crossing:markings":null,"crossing:island":null,"crossing":null,"surface":"asphalt","oneway":"yes","old_name":"улица XXV Партсъезда","name:etymology:wikidata":"Q270706","name":"проспект Победы","maxspeed":"RU:urban","lit":null,"lanes":null,"service":null},"geometry":{"type":"LineString","coordinates":[[37.8979837,51.310951],[37.8978479,51.3108912],[37.8978003,51.3108705],[37.8976086,51.3107864]]}},
{"type":"Feature","properties":{"full_id":"w1091779506","osm_id":"1091779506","osm_type":"way","highway":"secondary","tactile_paving":null,"handrail":null,"traffic_signals:vibration":null,"traffic_signals:sound":null,"button_operated":null,"access":null,"layer":null,"tunnel":null,"postal_code":null,"footway":null,"crossing:markings":null,"crossing:island":null,"crossing":null,"surface":"asphalt","oneway":"yes","old_name":"улица XXV Партсъезда","name:etymology:wikidata":"Q270706","name":"проспект Победы","maxspeed":"RU:urban","lit":null,"lanes":null,"service":null},"geometry":{"type":"LineString","coordinates":[[37.8976086,51.3107864],[37.8974254,51.310702]]}},
{"type":"Feature","properties":{"full_id":"w1091779507","osm_id":"1091779507","osm_type":"way","highway":"secondary","tactile_paving":null,"handrail":null,"traffic_signals:vibration":null,"traffic_signals:sound":null,"button_operated":null,"access":null,"layer":null,"tunnel":null,"postal_code":null,"footway":null,"crossing:markings":null,"crossing:island":null,"crossing":null,"surface":"asphalt","oneway":"yes","old_name":"улица XXV Партсъезда","name:etymology:wikidata":"Q270706","name":"проспект Победы","maxspeed":"RU:urban","lit":null,"lanes":null,"service":null},"geometry":{"type":"LineString","coordinates":[[37.900064,51.3118392],[37.8996906,51.3116961],[37.8993992,51.3115689],[37.8988199,51.311316],[37.8982709,51.3110774],[37.8979837,51.310951]]}},
{"type":"Feature","properties":{"full_id":"w1091779508","osm_id":"1091779508","osm_type":"way","highway":"secondary","tactile_paving":null,"handrail":null,"traffic_signals:vibration":null,"traffic_signals:sound":null,"button_operated":null,"access":null,"layer":null,"tunnel":null,"postal_code":null,"footway":null,"crossing:markings":null,"crossing:island":null,"crossing":null,"surface":"asphalt","oneway":"yes","old_name":"улица XXV Партсъезда","name:etymology:wikidata":"Q270706","name":"проспект Победы","maxspeed":"RU:urban","lit":null,"lanes":null,"service":null},"geometry":{"type":"LineString","coordinates":[[37.9047968,51.3139861],[37.9047002,51.3138788],[37.9045496,51.3138001],[37.9020592,51.3127036],[37.9019094,51.3126457],[37.9005851,51.3120644],[37.900064,51.3118392]]}},
{"type":"Feature","properties":{"full_id":"w1091779509","osm_id":"1091779509","osm_type":"way","highway":"secondary","tactile_paving":null,"handrail":null,"traffic_signals:vibration":null,"traffic_signals:sound":null,"button_operated":null,"access":null,"layer":null,"tunnel":null,"postal_code":null,"footway":null,"crossing:markings":null,"crossing:island":null,"crossing":null,"surface":"asphalt","oneway":"yes","old_name":"улица XXV Партсъезда","name:etymology:wikidata":"Q270706","name":"проспект Победы","maxspeed":"RU:urban","lit":null,"lanes":"2","service":null},"geometry":{"type":"LineString","coordinates":[[37.8910997,51.3079539],[37.8907959,51.3078229],[37.8885348,51.3068414],[37.8861889,51.3058235],[37.8858116,51.3056486]]}},
{"type":"Feature","properties":{"full_id":"w1091779510","osm_id":"1091779510","osm_type":"way","highway":"footway","tactile_paving":null,"handrail":null,"traffic_signals:vibration":null,"traffic_signals:sound":null,"button_operated":null,"access":null,"layer":null,"tunnel":null,"postal_code":null,"footway":null,"crossing:markings":null,"crossing:island":null,"crossing":null,"surface":null,"oneway":null,"old_name":null,"name:etymology:wikidata":null,"name":null,"maxspeed":null,"lit":null,"lanes":null,"service":null},"geometry":{"type":"LineString","coordinates":[[37.9006744,51.3117931],[37.9005642,51.3118887]]}},
{"type":"Feature","properties":{"full_id":"w1091787308","osm_id":"1091787308","osm_type":"way","highway":"secondary_link","tactile_paving":null,"handrail":null,"traffic_signals:vibration":null,"traffic_signals:sound":null,"button_operated":null,"access":null,"layer":null,"tunnel":null,"postal_code":null,"footway":null,"crossing:markings":null,"crossing:island":null,"crossing":null,"surface":null,"oneway":null,"old_name":null,"name:etymology:wikidata":null,"name":null,"maxspeed":null,"lit":null,"lanes":null,"service":null},"geometry":{"type":"LineString","coordinates":[[37.882234,51.3086992],[37.8823642,51.3087495]]}},
{"type":"Feature","properties":{"full_id":"w1091787310","osm_id":"1091787310","osm_type":"way","highway":"secondary","tactile_paving":null,"handrail":null,"traffic_signals:vibration":null,"traffic_signals:sound":null,"button_operated":null,"access":null,"layer":null,"tunnel":null,"postal_code":"309511","footway":null,"crossing:markings":null,"crossing:island":null,"crossing":null,"surface":"asphalt","oneway":"yes","old_name":null,"name:etymology:wikidata":null,"name":"улица Шухова","maxspeed":"RU:urban","lit":null,"lanes":null,"service":null},"geometry":{"type":"LineString","coordinates":[[37.8796972,51.3109761],[37.8800049,51.3107],[37.8805676,51.3101956],[37.882002,51.3089101],[37.8821564,51.3087706],[37.882234,51.3086992],[37.882344,51.3086058],[37.8835725,51.3075169],[37.8836136,51.3074769],[37.8841733,51.3069662],[37.8846965,51.3064727],[37.8850944,51.3061258],[37.8851518,51.3060766],[37.8856858,51.305589],[37.8857456,51.3055356]]}},
{"type":"Feature","properties":{"full_id":"w1091792978","osm_id":"1091792978","osm_type":"way","highway":"secondary","tactile_paving":null,"handrail":null,"traffic_signals:vibration":null,"traffic_signals:sound":null,"button_operated":null,"access":null,"layer":null,"tunnel":null,"postal_code":null,"footway":null,"crossing:markings":null,"crossing:island":null,"crossing":null,"surface":"asphalt","oneway":"yes","old_name":"улица XXV Партсъезда","name:etymology:wikidata":"Q270706","name":"проспект Победы","maxspeed":"RU:urban","lit":null,"lanes":"2","service":null},"geometry":{"type":"LineString","coordinates":[[37.8924893,51.3085563],[37.8910997,51.3079539]]}},
{"type":"Feature","properties":{"full_id":"w1091792979","osm_id":"1091792979","osm_type":"way","highway":"service","tactile_paving":null,"handrail":null,"traffic_signals:vibration":null,"traffic_signals:sound":null,"button_operated":null,"access":null,"layer":null,"tunnel":null,"postal_code":null,"footway":null,"crossing:markings":null,"crossing:island":null,"crossing":null,"surface":null,"oneway":"yes","old_name":null,"name:etymology:wikidata":null,"name":"Транспортный дублер","maxspeed":null,"lit":null,"lanes":null,"service":null},"geometry":{"type":"LineString","coordinates":[[37.8924428,51.3086148],[37.8922829,51.3085463]]}},
{"type":"Feature","properties":{"full_id":"w1091792980","osm_id":"1091792980","osm_type":"way","highway":"primary","tactile_paving":null,"handrail":null,"traffic_signals:vibration":null,"traffic_signals:sound":null,"button_operated":null,"access":null,"layer":null,"tunnel":null,"postal_code":"309516","footway":null,"crossing:markings":null,"crossing:island":null,"crossing":null,"surface":"asphalt","oneway":"yes","old_name":null,"name:etymology:wikidata":null,"name":"проспект Алексея Угарова","maxspeed":"RU:urban","lit":null,"lanes":"3","service":null},"geometry":{"type":"LineString","coordinates":[[37.8974254,51.310702],[37.8975042,51.3106306]]}},
{"type":"Feature","properties":{"full_id":"w1091792983","osm_id":"1091792983","osm_type":"way","highway":"secondary","tactile_paving":null,"handrail":null,"traffic_signals:vibration":null,"traffic_signals:sound":null,"button_operated":null,"access":null,"layer":null,"tunnel":null,"postal_code":"309511","footway":null,"crossing:markings":null,"crossing:island":null,"crossing":null,"surface":"asphalt","oneway":"yes","old_name":null,"name:etymology:wikidata":null,"name":"улица Шухова","maxspeed":"RU:urban","lit":null,"lanes":null,"service":null},"geometry":{"type":"LineString","coordinates":[[37.8753471,51.3149336],[37.8758544,51.3145024],[37.876231,51.3141801],[37.876311,51.3141063],[37.8763523,51.3140656],[37.8769149,51.3135288],[37.8770505,51.3133991],[37.8776324,51.3128683],[37.8782185,51.3123335],[37.8784494,51.3121244],[37.8789383,51.3116823],[37.879278,51.311367],[37.8795758,51.3110867],[37.8796972,51.3109761]]}},
{"type":"Feature","properties":{"full_id":"w1091792984","osm_id":"1091792984","osm_type":"way","highway":"primary","tactile_paving":null,"handrail":null,"traffic_signals:vibration":null,"traffic_signals:sound":null,"button_operated":null,"access":null,"layer":null,"tunnel":null,"postal_code":"309516","footway":null,"crossing:markings":null,"crossing:island":null,"crossing":null,"surface":"asphalt","oneway":"yes","old_name":null,"name:etymology:wikidata":null,"name":"Молодёжный проспект","maxspeed":null,"lit":null,"lanes":null,"service":null},"geometry":{"type":"LineString","coordinates":[[37.8796972,51.3109761],[37.8798194,51.3110276]]}},
{"type":"Feature","properties":{"full_id":"w1091825900","osm_id":"1091825900","osm_type":"way","highway":"unclassified","tactile_paving":null,"handrail":null,"traffic_signals:vibration":null,"traffic_signals:sound":null,"button_operated":null,"access":null,"layer":null,"tunnel":null,"postal_code":null,"footway":null,"crossing:markings":null,"crossing:island":null,"crossing":null,"surface":null,"oneway":"yes","old_name":null,"name:etymology:wikidata":null,"name":null,"maxspeed":null,"lit":null,"lanes":null,"service":null},"geometry":{"type":"LineString","coordinates":[[37.8971234,51.3105652],[37.897195,51.3104972]]}},
{"type":"Feature","properties":{"full_id":"w1091830424","osm_id":"1091830424","osm_type":"way","highway":"secondary_link","tactile_paving":null,"handrail":null,"traffic_signals:vibration":null,"traffic_signals:sound":null,"button_operated":null,"access":null,"layer":null,"tunnel":null,"postal_code":null,"footway":null,"crossing:markings":null,"crossing:island":null,"crossing":null,"surface":null,"oneway":null,"old_name":null,"name:etymology:wikidata":null,"name":null,"maxspeed":null,"lit":null,"lanes":null,"service":null},"geometry":{"type":"LineString","coordinates":[[37.8835725,51.3075169],[37.8835941,51.3076236]]}},
{"type":"Feature","properties":{"full_id":"w1093576938","osm_id":"1093576938","osm_type":"way","highway":"footway","tactile_paving":null,"handrail":null,"traffic_signals:vibration":null,"traffic_signals:sound":null,"button_operated":null,"access":null,"layer":null,"tunnel":null,"postal_code":null,"footway":null,"crossing:markings":null,"crossing:island":null,"crossing":null,"surface":null,"oneway":null,"old_name":null,"name:etymology:wikidata":null,"name":null,"maxspeed":null,"lit":null,"lanes":null,"service":null},"geometry":{"type":"LineString","coordinates":[[37.8925739,51.3134068],[37.8924452,51.3133549],[37.8923843,51.3133544]]}},
{"type":"Feature","properties":{"full_id":"w1096493301","osm_id":"1096493301","osm_type":"way","highway":"secondary","tactile_paving":null,"handrail":null,"traffic_signals:vibration":null,"traffic_signals:sound":null,"button_operated":null,"access":null,"layer":null,"tunnel":null,"postal_code":null,"footway":null,"crossing:markings":null,"crossing:island":null,"crossing":null,"surface":"asphalt","oneway":"yes","old_name":"улица XXV Партсъезда","name:etymology:wikidata":"Q270706","name":"проспект Победы","maxspeed":"RU:urban","lit":null,"lanes":"2","service":null},"geometry":{"type":"LineString","coordinates":[[37.8940902,51.309241],[37.8938786,51.3091509],[37.8925826,51.3085997],[37.8924893,51.3085563]]}},
{"type":"Feature","properties":{"full_id":"w1107409394","osm_id":"1107409394","osm_type":"way","highway":"footway","tactile_paving":null,"handrail":null,"traffic_signals:vibration":null,"traffic_signals:sound":null,"button_operated":null,"access":null,"layer":null,"tunnel":null,"postal_code":null,"footway":null,"crossing:markings":null,"crossing:island":null,"crossing":null,"surface":null,"oneway":null,"old_name":null,"name:etymology:wikidata":null,"name":null,"maxspeed":null,"lit":null,"lanes":null,"service":null},"geometry":{"type":"LineString","coordinates":[[37.8869881,51.3074],[37.8870338,51.3073642],[37.8871346,51.3072993]]}},
{"type":"Feature","properties":{"full_id":"w1107409395","osm_id":"1107409395","osm_type":"way","highway":"footway","tactile_paving":null,"handrail":null,"traffic_signals:vibration":null,"traffic_signals:sound":null,"button_operated":null,"access":null,"layer":null,"tunnel":null,"postal_code":null,"footway":null,"crossing:markings":null,"crossing:island":null,"crossing":null,"surface":null,"oneway":null,"old_name":null,"name:etymology:wikidata":null,"name":null,"maxspeed":null,"lit":null,"lanes":null,"service":null},"geometry":{"type":"LineString","coordinates":[[37.8867967,51.3074788],[37.8869161,51.307369]]}},
{"type":"Feature","properties":{"full_id":"w1107409396","osm_id":"1107409396","osm_type":"way","highway":"footway","tactile_paving":null,"handrail":null,"traffic_signals:vibration":null,"traffic_signals:sound":null,"button_operated":null,"access":null,"layer":null,"tunnel":null,"postal_code":null,"footway":null,"crossing:markings":null,"crossing:island":null,"crossing":null,"surface":null,"oneway":null,"old_name":null,"name:etymology:wikidata":null,"name":null,"maxspeed":null,"lit":null,"lanes":null,"service":null},"geometry":{"type":"LineString","coordinates":[[37.8866473,51.3076192],[37.8866979,51.3075734]]}},
{"type":"Feature","properties":{"full_id":"w1107409397","osm_id":"1107409397","osm_type":"way","highway":"footway","tactile_paving":null,"handrail":null,"traffic_signals:vibration":null,"traffic_signals:sound":null,"button_operated":null,"access":null,"layer":null,"tunnel":"building_passage","postal_code":null,"footway":null,"crossing:markings":null,"crossing:island":null,"crossing":null,"surface":null,"oneway":null,"old_name":null,"name:etymology:wikidata":null,"name":null,"maxspeed":null,"lit":null,"lanes":null,"service":null},"geometry":{"type":"LineString","coordinates":[[37.8866979,51.3075734],[37.8867967,51.3074788]]}},
{"type":"Feature","properties":{"full_id":"w1107409398","osm_id":"1107409398","osm_type":"way","highway":"footway","tactile_paving":null,"handrail":null,"traffic_signals:vibration":null,"traffic_signals:sound":null,"button_operated":null,"access":null,"layer":null,"tunnel":null,"postal_code":null,"footway":null,"crossing:markings":null,"crossing:island":null,"crossing":null,"surface":null,"oneway":null,"old_name":null,"name:etymology:wikidata":null,"name":null,"maxspeed":null,"lit":null,"lanes":null,"service":null},"geometry":{"type":"LineString","coordinates":[[37.8872437,51.3076721],[37.88736,51.3075602],[37.8874104,51.3075288],[37.8875259,51.3074571]]}},
{"type":"Feature","properties":{"full_id":"w1107409399","osm_id":"1107409399","osm_type":"way","highway":"footway","tactile_paving":null,"handrail":null,"traffic_signals:vibration":null,"traffic_signals:sound":null,"button_operated":null,"access":null,"layer":null,"tunnel":null,"postal_code":null,"footway":null,"crossing:markings":null,"crossing:island":null,"crossing":null,"surface":null,"oneway":null,"old_name":null,"name:etymology:wikidata":null,"name":null,"maxspeed":null,"lit":null,"lanes":null,"service":null},"geometry":{"type":"LineString","coordinates":[[37.8870992,51.3078087],[37.8871449,51.3077667]]}},
{"type":"Feature","properties":{"full_id":"w1107409400","osm_id":"1107409400","osm_type":"way","highway":"footway","tactile_paving":null,"handrail":null,"traffic_signals:vibration":null,"traffic_signals:sound":null,"button_operated":null,"access":null,"layer":null,"tunnel":"building_passage","postal_code":null,"footway":null,"crossing:markings":null,"crossing:island":null,"crossing":null,"surface":null,"oneway":null,"old_name":null,"name:etymology:wikidata":null,"name":null,"maxspeed":null,"lit":null,"lanes":null,"service":null},"geometry":{"type":"LineString","coordinates":[[37.8871449,51.3077667],[37.8872437,51.3076721]]}},
{"type":"Feature","properties":{"full_id":"w1107409401","osm_id":"1107409401","osm_type":"way","highway":"footway","tactile_paving":null,"handrail":null,"traffic_signals:vibration":null,"traffic_signals:sound":null,"button_operated":null,"access":null,"layer":null,"tunnel":null,"postal_code":null,"footway":null,"crossing:markings":null,"crossing:island":null,"crossing":null,"surface":null,"oneway":null,"old_name":null,"name:etymology:wikidata":null,"name":null,"maxspeed":null,"lit":null,"lanes":null,"service":null},"geometry":{"type":"LineString","coordinates":[[37.8870782,51.3076006],[37.887196,51.3074906],[37.8872514,51.3074592],[37.8872994,51.3074455],[37.8873648,51.3073884]]}},
{"type":"Feature","properties":{"full_id":"w1107409402","osm_id":"1107409402","osm_type":"way","highway":"footway","tactile_paving":null,"handrail":null,"traffic_signals:vibration":null,"traffic_signals:sound":null,"button_operated":null,"access":null,"layer":null,"tunnel":null,"postal_code":null,"footway":null,"crossing:markings":null,"crossing:island":null,"crossing":null,"surface":null,"oneway":null,"old_name":null,"name:etymology:wikidata":null,"name":null,"maxspeed":null,"lit":null,"lanes":null,"service":null},"geometry":{"type":"LineString","coordinates":[[37.8869249,51.3077349],[37.8869743,51.3076929]]}},
{"type":"Feature","properties":{"full_id":"w1107409403","osm_id":"1107409403","osm_type":"way","highway":"footway","tactile_paving":null,"handrail":null,"traffic_signals:vibration":null,"traffic_signals:sound":null,"button_operated":null,"access":null,"layer":null,"tunnel":"building_passage","postal_code":null,"footway":null,"crossing:markings":null,"crossing:island":null,"crossing":null,"surface":null,"oneway":null,"old_name":null,"name:etymology:wikidata":null,"name":null,"maxspeed":null,"lit":null,"lanes":null,"service":null},"geometry":{"type":"LineString","coordinates":[[37.8869743,51.3076929],[37.8870782,51.3076006]]}},
{"type":"Feature","properties":{"full_id":"w1107409404","osm_id":"1107409404","osm_type":"way","highway":"footway","tactile_paving":null,"handrail":null,"traffic_signals:vibration":null,"traffic_signals:sound":null,"button_operated":null,"access":null,"layer":null,"tunnel":null,"postal_code":null,"footway":null,"crossing:markings":null,"crossing:island":null,"crossing":null,"surface":null,"oneway":null,"old_name":null,"name:etymology:wikidata":null,"name":null,"maxspeed":null,"lit":null,"lanes":null,"service":null},"geometry":{"type":"LineString","coordinates":[[37.8878957,51.3079572],[37.8879539,51.3079058]]}},
{"type":"Feature","properties":{"full_id":"w1107409405","osm_id":"1107409405","osm_type":"way","highway":"footway","tactile_paving":null,"handrail":null,"traffic_signals:vibration":null,"traffic_signals:sound":null,"button_operated":null,"access":null,"layer":null,"tunnel":null,"postal_code":null,"footway":null,"crossing:markings":null,"crossing:island":null,"crossing":null,"surface":null,"oneway":null,"old_name":null,"name:etymology:wikidata":null,"name":null,"maxspeed":null,"lit":null,"lanes":null,"service":null},"geometry":{"type":"LineString","coordinates":[[37.8877474,51.3080892],[37.8877942,51.3080476]]}},
{"type":"Feature","properties":{"full_id":"w1107409406","osm_id":"1107409406","osm_type":"way","highway":"service","tactile_paving":null,"handrail":null,"traffic_signals:vibration":null,"traffic_signals:sound":null,"button_operated":null,"access":null,"layer":null,"tunnel":null,"postal_code":null,"footway":null,"crossing:markings":null,"crossing:island":null,"crossing":null,"surface":null,"oneway":null,"old_name":null,"name:etymology:wikidata":null,"name":null,"maxspeed":null,"lit":null,"lanes":null,"service":null},"geometry":{"type":"LineString","coordinates":[[37.8879514,51.3081771],[37.8880008,51.3081369]]}},
{"type":"Feature","properties":{"full_id":"w1107409407","osm_id":"1107409407","osm_type":"way","highway":"service","tactile_paving":null,"handrail":null,"traffic_signals:vibration":null,"traffic_signals:sound":null,"button_operated":null,"access":null,"layer":null,"tunnel":null,"postal_code":null,"footway":null,"crossing:markings":null,"crossing:island":null,"crossing":null,"surface":null,"oneway":null,"old_name":null,"name:etymology:wikidata":null,"name":null,"maxspeed":null,"lit":null,"lanes":null,"service":null},"geometry":{"type":"LineString","coordinates":[[37.8881009,51.3080459],[37.888154,51.3079954]]}},
{"type":"Feature","properties":{"full_id":"w1107409408","osm_id":"1107409408","osm_type":"way","highway":"footway","tactile_paving":null,"handrail":null,"traffic_signals:vibration":null,"traffic_signals:sound":null,"button_operated":null,"access":null,"layer":null,"tunnel":null,"postal_code":null,"footway":null,"crossing:markings":null,"crossing:island":null,"crossing":null,"surface":null,"oneway":null,"old_name":null,"name:etymology:wikidata":null,"name":null,"maxspeed":null,"lit":null,"lanes":null,"service":null},"geometry":{"type":"LineString","coordinates":[[37.8882336,51.308332],[37.8882727,51.3082545]]}},
{"type":"Feature","properties":{"full_id":"w1107409409","osm_id":"1107409409","osm_type":"way","highway":"footway","tactile_paving":null,"handrail":null,"traffic_signals:vibration":null,"traffic_signals:sound":null,"button_operated":null,"access":null,"layer":null,"tunnel":null,"postal_code":null,"footway":null,"crossing:markings":null,"crossing:island":null,"crossing":null,"surface":null,"oneway":null,"old_name":null,"name:etymology:wikidata":null,"name":null,"maxspeed":null,"lit":null,"lanes":null,"service":null},"geometry":{"type":"LineString","coordinates":[[37.8883743,51.3081641],[37.8884246,51.3081062]]}},
{"type":"Feature","properties":{"full_id":"w1107409410","osm_id":"1107409410","osm_type":"way","highway":"footway","tactile_paving":null,"handrail":null,"traffic_signals:vibration":null,"traffic_signals:sound":null,"button_operated":null,"access":null,"layer":null,"tunnel":"building_passage","postal_code":null,"footway":null,"crossing:markings":null,"crossing:island":null,"crossing":null,"surface":null,"oneway":null,"old_name":null,"name:etymology:wikidata":null,"name":null,"maxspeed":null,"lit":null,"lanes":null,"service":null},"geometry":{"type":"LineString","coordinates":[[37.8877942,51.3080476],[37.8878957,51.3079572]]}},
{"type":"Feature","properties":{"full_id":"w1107409411","osm_id":"1107409411","osm_type":"way","highway":"service","tactile_paving":null,"handrail":null,"traffic_signals:vibration":null,"traffic_signals:sound":null,"button_operated":null,"access":null,"layer":null,"tunnel":"building_passage","postal_code":null,"footway":null,"crossing:markings":null,"crossing:island":null,"crossing":null,"surface":null,"oneway":null,"old_name":null,"name:etymology:wikidata":null,"name":null,"maxspeed":null,"lit":null,"lanes":null,"service":null},"geometry":{"type":"LineString","coordinates":[[37.8880008,51.3081369],[37.8881009,51.3080459]]}},
{"type":"Feature","properties":{"full_id":"w1107409412","osm_id":"1107409412","osm_type":"way","highway":"footway","tactile_paving":null,"handrail":null,"traffic_signals:vibration":null,"traffic_signals:sound":null,"button_operated":null,"access":null,"layer":null,"tunnel":"building_passage","postal_code":null,"footway":null,"crossing:markings":null,"crossing:island":null,"crossing":null,"surface":null,"oneway":null,"old_name":null,"name:etymology:wikidata":null,"name":null,"maxspeed":null,"lit":null,"lanes":null,"service":null},"geometry":{"type":"LineString","coordinates":[[37.8882727,51.3082545],[37.8883743,51.3081641]]}},
{"type":"Feature","properties":{"full_id":"w1107409838","osm_id":"1107409838","osm_type":"way","highway":"service","tactile_paving":null,"handrail":null,"traffic_signals:vibration":null,"traffic_signals:sound":null,"button_operated":null,"access":null,"layer":null,"tunnel":null,"postal_code":null,"footway":null,"crossing:markings":null,"crossing:island":null,"crossing":null,"surface":null,"oneway":null,"old_name":null,"name:etymology:wikidata":null,"name":null,"maxspeed":null,"lit":null,"lanes":null,"service":null},"geometry":{"type":"LineString","coordinates":[[37.8882579,51.3078998],[37.888154,51.3079954]]}},
{"type":"Feature","properties":{"full_id":"w1108522290","osm_id":"1108522290","osm_type":"way","highway":"service","tactile_paving":null,"handrail":null,"traffic_signals:vibration":null,"traffic_signals:sound":null,"button_operated":null,"access":null,"layer":null,"tunnel":null,"postal_code":null,"footway":null,"crossing:markings":null,"crossing:island":null,"crossing":null,"surface":null,"oneway":null,"old_name":null,"name:etymology:wikidata":null,"name":null,"maxspeed":null,"lit":null,"lanes":null,"service":null},"geometry":{"type":"LineString","coordinates":[[37.9009529,51.3130055],[37.9009672,51.3130455],[37.9013702,51.3132224],[37.9014627,51.3132593]]}},
{"type":"Feature","properties":{"full_id":"w1108522291","osm_id":"1108522291","osm_type":"way","highway":"footway","tactile_paving":null,"handrail":null,"traffic_signals:vibration":null,"traffic_signals:sound":null,"button_operated":null,"access":null,"layer":null,"tunnel":null,"postal_code":null,"footway":null,"crossing:markings":null,"crossing:island":null,"crossing":null,"surface":null,"oneway":null,"old_name":null,"name:etymology:wikidata":null,"name":null,"maxspeed":null,"lit":null,"lanes":null,"service":null},"geometry":{"type":"LineString","coordinates":[[37.8972957,51.3121062],[37.8973778,51.3121444],[37.8975816,51.3122332],[37.8977801,51.3123322],[37.8978396,51.3123491],[37.8981596,51.3124789],[37.898485,51.3125519],[37.8989477,51.3127026],[37.8991509,51.3127355],[37.8992417,51.3127609],[37.899671,51.312934],[37.899685,51.3129661],[37.8997099,51.313043],[37.899785,51.3131042],[37.8999509,51.313144],[37.9002102,51.313186],[37.9003806,51.3131623],[37.900509,51.3131481],[37.9009672,51.3130455]]}},
{"type":"Feature","properties":{"full_id":"w1108961815","osm_id":"1108961815","osm_type":"way","highway":"service","tactile_paving":null,"handrail":null,"traffic_signals:vibration":null,"traffic_signals:sound":null,"button_operated":null,"access":null,"layer":null,"tunnel":null,"postal_code":null,"footway":null,"crossing:markings":null,"crossing:island":null,"crossing":null,"surface":null,"oneway":null,"old_name":null,"name:etymology:wikidata":null,"name":null,"maxspeed":null,"lit":null,"lanes":null,"service":"parking_aisle"},"geometry":{"type":"LineString","coordinates":[[37.9029027,51.3150293],[37.9029281,51.3149828],[37.9029353,51.3149492],[37.9029152,51.3149207],[37.9026832,51.3148118],[37.9026403,51.3148151],[37.9025899,51.3148371],[37.902524,51.3148676]]}},
{"type":"Feature","properties":{"full_id":"w1413579588","osm_id":"1413579588","osm_type":"way","highway":"footway","tactile_paving":null,"handrail":null,"traffic_signals:vibration":null,"traffic_signals:sound":null,"button_operated":null,"access":null,"layer":null,"tunnel":null,"postal_code":null,"footway":null,"crossing:markings":null,"crossing:island":null,"crossing":null,"surface":null,"oneway":null,"old_name":null,"name:etymology:wikidata":null,"name":null,"maxspeed":null,"lit":null,"lanes":null,"service":null},"geometry":{"type":"LineString","coordinates":[[37.8800458,51.3113681],[37.8797852,51.3115995],[37.8794442,51.3119095],[37.8793303,51.3120131]]}},
{"type":"Feature","properties":{"full_id":"w1413579589","osm_id":"1413579589","osm_type":"way","highway":"service","tactile_paving":null,"handrail":null,"traffic_signals:vibration":null,"traffic_signals:sound":null,"button_operated":null,"access":"no","layer":null,"tunnel":null,"postal_code":null,"footway":null,"crossing:markings":null,"crossing:island":null,"crossing":null,"surface":null,"oneway":null,"old_name":null,"name:etymology:wikidata":null,"name":null,"maxspeed":null,"lit":null,"lanes":null,"service":null},"geometry":{"type":"LineString","coordinates":[[37.8793303,51.3120131],[37.8791557,51.3121735],[37.8789549,51.3123558]]}},
{"type":"Feature","properties":{"full_id":"w1413587153","osm_id":"1413587153","osm_type":"way","highway":"footway","tactile_paving":null,"handrail":null,"traffic_signals:vibration":null,"traffic_signals:sound":null,"button_operated":null,"access":null,"layer":null,"tunnel":null,"postal_code":null,"footway":null,"crossing:markings":null,"crossing:island":null,"crossing":null,"surface":"asphalt","oneway":null,"old_name":null,"name:etymology:wikidata":null,"name":null,"maxspeed":null,"lit":null,"lanes":null,"service":null},"geometry":{"type":"LineString","coordinates":[[37.8791977,51.3113312],[37.8790248,51.3112501],[37.8782282,51.3109086],[37.8779191,51.3107687],[37.8778301,51.3107298],[37.8774635,51.3105808],[37.877189,51.3104532],[37.8770349,51.3103815],[37.8762835,51.3100567],[37.8753696,51.3096333],[37.8753548,51.3095833],[37.8748791,51.3093734],[37.8748445,51.3093662]]}},
{"type":"Feature","properties":{"full_id":"w1413587154","osm_id":"1413587154","osm_type":"way","highway":"footway","tactile_paving":null,"handrail":null,"traffic_signals:vibration":"no","traffic_signals:sound":"no","button_operated":"no","access":null,"layer":null,"tunnel":null,"postal_code":null,"footway":"crossing","crossing:markings":"zebra:bicolour","crossing:island":"no","crossing":"traffic_signals","surface":"asphalt","oneway":null,"old_name":null,"name:etymology:wikidata":null,"name":null,"maxspeed":null,"lit":null,"lanes":null,"service":null},"geometry":{"type":"LineString","coordinates":[[37.8794766,51.3114534],[37.8793943,51.3114206],[37.879278,51.311367],[37.8791977,51.3113312]]}},
{"type":"Feature","properties":{"full_id":"w1413587155","osm_id":"1413587155","osm_type":"way","highway":"footway","tactile_paving":null,"handrail":null,"traffic_signals:vibration":null,"traffic_signals:sound":null,"button_operated":null,"access":null,"layer":null,"tunnel":null,"postal_code":null,"footway":null,"crossing:markings":null,"crossing:island":null,"crossing":null,"surface":"asphalt","oneway":null,"old_name":null,"name:etymology:wikidata":null,"name":null,"maxspeed":null,"lit":null,"lanes":null,"service":null},"geometry":{"type":"LineString","coordinates":[[37.8792467,51.3110153],[37.8792194,51.3110415],[37.8790248,51.3112501],[37.8786928,51.3115705],[37.8784585,51.3117828],[37.8782034,51.312014],[37.8780034,51.3122059],[37.8774642,51.3126994],[37.8768086,51.3132956],[37.8763335,51.3137197]]}},
{"type":"Feature","properties":{"full_id":"w1413587156","osm_id":"1413587156","osm_type":"way","highway":"footway","tactile_paving":null,"handrail":null,"traffic_signals:vibration":"no","traffic_signals:sound":"no","button_operated":"no","access":null,"layer":null,"tunnel":null,"postal_code":null,"footway":"crossing","crossing:markings":"zebra:bicolour","crossing:island":"yes","crossing":"traffic_signals","surface":"asphalt","oneway":null,"old_name":null,"name:etymology:wikidata":null,"name":null,"maxspeed":null,"lit":null,"lanes":null,"service":null},"geometry":{"type":"LineString","coordinates":[[37.8794718,51.3107978],[37.879411,51.3108505],[37.8792945,51.3109694],[37.8792467,51.3110153]]}},
{"type":"Feature","properties":{"full_id":"w1413589825","osm_id":"1413589825","osm_type":"way","highway":"footway","tactile_paving":null,"handrail":null,"traffic_signals:vibration":null,"traffic_signals:sound":null,"button_operated":null,"access":null,"layer":null,"tunnel":null,"postal_code":null,"footway":null,"crossing:markings":null,"crossing:island":null,"crossing":null,"surface":"asphalt","oneway":null,"old_name":null,"name:etymology:wikidata":null,"name":null,"maxspeed":null,"lit":null,"lanes":null,"service":null},"geometry":{"type":"LineString","coordinates":[[37.8779191,51.3107687],[37.8775847,51.3110701]]}},
{"type":"Feature","properties":{"full_id":"w1413593166","osm_id":"1413593166","osm_type":"way","highway":"footway","tactile_paving":null,"handrail":null,"traffic_signals:vibration":null,"traffic_signals:sound":null,"button_operated":null,"access":null,"layer":null,"tunnel":null,"postal_code":null,"footway":null,"crossing:markings":null,"crossing:island":null,"crossing":null,"surface":"earth","oneway":null,"old_name":null,"name:etymology:wikidata":null,"name":null,"maxspeed":null,"lit":null,"lanes":null,"service":null},"geometry":{"type":"LineString","coordinates":[[37.880502,51.3145035],[37.8796488,51.3152354]]}},
{"type":"Feature","properties":{"full_id":"w1413595139","osm_id":"1413595139","osm_type":"way","highway":"footway","tactile_paving":null,"handrail":null,"traffic_signals:vibration":null,"traffic_signals:sound":null,"button_operated":null,"access":null,"layer":null,"tunnel":null,"postal_code":null,"footway":null,"crossing:markings":null,"crossing:island":null,"crossing":null,"surface":null,"oneway":null,"old_name":null,"name:etymology:wikidata":null,"name":null,"maxspeed":null,"lit":null,"lanes":null,"service":null},"geometry":{"type":"LineString","coordinates":[[37.8831985,51.31333],[37.8829928,51.3133681],[37.8824699,51.3134688]]}},
{"type":"Feature","properties":{"full_id":"w1413595140","osm_id":"1413595140","osm_type":"way","highway":"footway","tactile_paving":null,"handrail":null,"traffic_signals:vibration":null,"traffic_signals:sound":null,"button_operated":null,"access":null,"layer":null,"tunnel":null,"postal_code":null,"footway":null,"crossing:markings":null,"crossing:island":null,"crossing":null,"surface":"asphalt","oneway":null,"old_name":null,"name:etymology:wikidata":null,"name":null,"maxspeed":null,"lit":null,"lanes":null,"service":null},"geometry":{"type":"LineString","coordinates":[[37.8836006,51.3132613],[37.8830128,51.3130093],[37.8829884,51.3129983],[37.8828355,51.3129294],[37.8825188,51.3127851],[37.8825044,51.3127333],[37.8816091,51.3123783],[37.8815501,51.3123546],[37.8814815,51.3123202],[37.8807078,51.3119915],[37.8803009,51.3118186],[37.8797852,51.3115995],[37.8794766,51.3114534]]}},
{"type":"Feature","properties":{"full_id":"w1413595141","osm_id":"1413595141","osm_type":"way","highway":"service","tactile_paving":null,"handrail":null,"traffic_signals:vibration":null,"traffic_signals:sound":null,"button_operated":null,"access":null,"layer":null,"tunnel":null,"postal_code":null,"footway":null,"crossing:markings":null,"crossing:island":null,"crossing":null,"surface":"asphalt","oneway":null,"old_name":null,"name:etymology:wikidata":null,"name":null,"maxspeed":null,"lit":null,"lanes":null,"service":null},"geometry":{"type":"LineString","coordinates":[[37.8825161,51.3134942],[37.8830288,51.3137195]]}},
{"type":"Feature","properties":{"full_id":"w1413595142","osm_id":"1413595142","osm_type":"way","highway":"footway","tactile_paving":null,"handrail":null,"traffic_signals:vibration":null,"traffic_signals:sound":null,"button_operated":null,"access":null,"layer":null,"tunnel":null,"postal_code":null,"footway":null,"crossing:markings":null,"crossing:island":null,"crossing":null,"surface":"asphalt","oneway":null,"old_name":null,"name:etymology:wikidata":null,"name":null,"maxspeed":null,"lit":null,"lanes":null,"service":null},"geometry":{"type":"LineString","coordinates":[[37.8831985,51.31333],[37.8835129,51.313266],[37.8836006,51.3132613]]}},
{"type":"Feature","properties":{"full_id":"w1413596801","osm_id":"1413596801","osm_type":"way","highway":"footway","tactile_paving":null,"handrail":null,"traffic_signals:vibration":null,"traffic_signals:sound":null,"button_operated":null,"access":null,"layer":null,"tunnel":null,"postal_code":null,"footway":null,"crossing:markings":null,"crossing:island":null,"crossing":null,"surface":"asphalt","oneway":null,"old_name":null,"name:etymology:wikidata":null,"name":null,"maxspeed":null,"lit":null,"lanes":null,"service":null},"geometry":{"type":"LineString","coordinates":[[37.8807078,51.3119915],[37.8804562,51.3122336],[37.8801658,51.3120996],[37.8799728,51.3118821],[37.8797065,51.3118959],[37.8794442,51.3119095]]}},
{"type":"Feature","properties":{"full_id":"w1413596802","osm_id":"1413596802","osm_type":"way","highway":"footway","tactile_paving":null,"handrail":null,"traffic_signals:vibration":null,"traffic_signals:sound":null,"button_operated":null,"access":null,"layer":null,"tunnel":null,"postal_code":null,"footway":null,"crossing:markings":null,"crossing:island":null,"crossing":null,"surface":"paving_stones","oneway":null,"old_name":null,"name:etymology:wikidata":null,"name":null,"maxspeed":null,"lit":null,"lanes":null,"service":null},"geometry":{"type":"LineString","coordinates":[[37.8799728,51.3118821],[37.8803009,51.3118186]]}},
{"type":"Feature","properties":{"full_id":"w1413596803","osm_id":"1413596803","osm_type":"way","highway":"footway","tactile_paving":null,"handrail":null,"traffic_signals:vibration":null,"traffic_signals:sound":null,"button_operated":null,"access":null,"layer":null,"tunnel":null,"postal_code":null,"footway":null,"crossing:markings":null,"crossing:island":null,"crossing":null,"surface":"asphalt","oneway":null,"old_name":null,"name:etymology:wikidata":null,"name":null,"maxspeed":null,"lit":null,"lanes":null,"service":null},"geometry":{"type":"LineString","coordinates":[[37.8797065,51.3118959],[37.879355,51.3122132],[37.8793191,51.3122456],[37.8791235,51.3124221]]}},
{"type":"Feature","properties":{"full_id":"w1413596806","osm_id":"1413596806","osm_type":"way","highway":"footway","tactile_paving":null,"handrail":null,"traffic_signals:vibration":null,"traffic_signals:sound":null,"button_operated":null,"access":null,"layer":null,"tunnel":null,"postal_code":null,"footway":null,"crossing:markings":null,"crossing:island":null,"crossing":null,"surface":"asphalt","oneway":null,"old_name":null,"name:etymology:wikidata":null,"name":null,"maxspeed":null,"lit":null,"lanes":null,"service":null},"geometry":{"type":"LineString","coordinates":[[37.8791235,51.3124221],[37.8791196,51.3124567],[37.8791448,51.3124803],[37.8792997,51.312544],[37.8793916,51.3125819],[37.8798519,51.3127714]]}},
{"type":"Feature","properties":{"full_id":"w1413596807","osm_id":"1413596807","osm_type":"way","highway":"steps","tactile_paving":"no","handrail":"no","traffic_signals:vibration":null,"traffic_signals:sound":null,"button_operated":null,"access":null,"layer":null,"tunnel":null,"postal_code":null,"footway":null,"crossing:markings":null,"crossing:island":null,"crossing":null,"surface":"asphalt","oneway":null,"old_name":null,"name:etymology:wikidata":null,"name":null,"maxspeed":null,"lit":null,"lanes":null,"service":null},"geometry":{"type":"LineString","coordinates":[[37.8792171,51.3126218],[37.8792617,51.3125799]]}},
{"type":"Feature","properties":{"full_id":"w1413596808","osm_id":"1413596808","osm_type":"way","highway":"footway","tactile_paving":null,"handrail":null,"traffic_signals:vibration":null,"traffic_signals:sound":null,"button_operated":null,"access":null,"layer":null,"tunnel":null,"postal_code":null,"footway":null,"crossing:markings":null,"crossing:island":null,"crossing":null,"surface":"asphalt","oneway":null,"old_name":null,"name:etymology:wikidata":null,"name":null,"maxspeed":null,"lit":null,"lanes":null,"service":null},"geometry":{"type":"LineString","coordinates":[[37.8793916,51.3125819],[37.879355,51.3122132]]}},
{"type":"Feature","properties":{"full_id":"w1413596809","osm_id":"1413596809","osm_type":"way","highway":"footway","tactile_paving":null,"handrail":null,"traffic_signals:vibration":null,"traffic_signals:sound":null,"button_operated":null,"access":null,"layer":null,"tunnel":null,"postal_code":null,"footway":null,"crossing:markings":null,"crossing:island":null,"crossing":null,"surface":null,"oneway":null,"old_name":null,"name:etymology:wikidata":null,"name":null,"maxspeed":null,"lit":null,"lanes":null,"service":null},"geometry":{"type":"LineString","coordinates":[[37.8830128,51.3130093],[37.8824699,51.3134688],[37.8821873,51.3134953],[37.8820869,51.3137134],[37.8819204,51.3139079]]}},
{"type":"Feature","properties":{"full_id":"w1413596810","osm_id":"1413596810","osm_type":"way","highway":"service","tactile_paving":null,"handrail":null,"traffic_signals:vibration":null,"traffic_signals:sound":null,"button_operated":null,"access":null,"layer":null,"tunnel":null,"postal_code":null,"footway":null,"crossing:markings":null,"crossing:island":null,"crossing":null,"surface":null,"oneway":null,"old_name":null,"name:etymology:wikidata":null,"name":null,"maxspeed":null,"lit":null,"lanes":null,"service":null},"geometry":{"type":"LineString","coordinates":[[37.8816951,51.3138128],[37.8817256,51.3138257],[37.8819204,51.3139079],[37.8823977,51.3141095],[37.8826905,51.3141146],[37.8828549,51.3139702],[37.8829003,51.3139157]]}},
{"type":"Feature","properties":{"full_id":"w1413601357","osm_id":"1413601357","osm_type":"way","highway":"service","tactile_paving":null,"handrail":null,"traffic_signals:vibration":null,"traffic_signals:sound":null,"button_operated":null,"access":null,"layer":null,"tunnel":null,"postal_code":null,"footway":null,"crossing:markings":null,"crossing:island":null,"crossing":null,"surface":"asphalt","oneway":null,"old_name":null,"name:etymology:wikidata":null,"name":null,"maxspeed":null,"lit":null,"lanes":null,"service":null},"geometry":{"type":"LineString","coordinates":[[37.8802003,51.30694],[37.8801856,51.3072913],[37.8801658,51.3076453],[37.8794459,51.3076357],[37.8795232,51.3072861],[37.8801856,51.3072913]]}},
{"type":"Feature","properties":{"full_id":"w1413601360","osm_id":"1413601360","osm_type":"way","highway":"footway","tactile_paving":null,"handrail":null,"traffic_signals:vibration":null,"traffic_signals:sound":null,"button_operated":null,"access":null,"layer":null,"tunnel":null,"postal_code":null,"footway":null,"crossing:markings":null,"crossing:island":null,"crossing":null,"surface":"asphalt","oneway":null,"old_name":null,"name:etymology:wikidata":null,"name":null,"maxspeed":null,"lit":null,"lanes":null,"service":null},"geometry":{"type":"LineString","coordinates":[[37.8832492,51.3069416],[37.8833019,51.3073467]]}},
{"type":"Feature","properties":{"full_id":"w1413604732","osm_id":"1413604732","osm_type":"way","highway":"footway","tactile_paving":null,"handrail":null,"traffic_signals:vibration":null,"traffic_signals:sound":null,"button_operated":null,"access":null,"layer":null,"tunnel":null,"postal_code":null,"footway":null,"crossing:markings":null,"crossing:island":null,"crossing":null,"surface":null,"oneway":null,"old_name":null,"name:etymology:wikidata":null,"name":null,"maxspeed":null,"lit":null,"lanes":null,"service":null},"geometry":{"type":"LineString","coordinates":[[37.9046953,51.3141137],[37.904672,51.3141034],[37.9043745,51.3139575]]}},
{"type":"Feature","properties":{"full_id":"w1413613201","osm_id":"1413613201","osm_type":"way","highway":"footway","tactile_paving":null,"handrail":null,"traffic_signals:vibration":null,"traffic_signals:sound":null,"button_operated":null,"access":null,"layer":null,"tunnel":null,"postal_code":null,"footway":null,"crossing:markings":null,"crossing:island":null,"crossing":null,"surface":null,"oneway":null,"old_name":null,"name:etymology:wikidata":null,"name":null,"maxspeed":null,"lit":null,"lanes":null,"service":null},"geometry":{"type":"LineString","coordinates":[[37.8784585,51.3117828],[37.8779618,51.3117702],[37.8777391,51.3118255]]}},
{"type":"Feature","properties":{"full_id":"w1413613202","osm_id":"1413613202","osm_type":"way","highway":"footway","tactile_paving":null,"handrail":null,"traffic_signals:vibration":null,"traffic_signals:sound":null,"button_operated":null,"access":null,"layer":null,"tunnel":null,"postal_code":null,"footway":null,"crossing:markings":null,"crossing:island":null,"crossing":null,"surface":"asphalt","oneway":null,"old_name":null,"name:etymology:wikidata":null,"name":null,"maxspeed":null,"lit":null,"lanes":null,"service":null},"geometry":{"type":"LineString","coordinates":[[37.8783781,51.3114126],[37.8779618,51.3117702]]}},
{"type":"Feature","properties":{"full_id":"w1413613211","osm_id":"1413613211","osm_type":"way","highway":"footway","tactile_paving":null,"handrail":null,"traffic_signals:vibration":null,"traffic_signals:sound":null,"button_operated":null,"access":null,"layer":null,"tunnel":null,"postal_code":null,"footway":null,"crossing:markings":null,"crossing:island":null,"crossing":null,"surface":null,"oneway":null,"old_name":null,"name:etymology:wikidata":null,"name":null,"maxspeed":null,"lit":null,"lanes":null,"service":null},"geometry":{"type":"LineString","coordinates":[[37.8805209,51.3109159],[37.8802277,51.3107981]]}},
{"type":"Feature","properties":{"full_id":"w1413613212","osm_id":"1413613212","osm_type":"way","highway":"footway","tactile_paving":null,"handrail":null,"traffic_signals:vibration":"no","traffic_signals:sound":"no","button_operated":"no","access":null,"layer":null,"tunnel":null,"postal_code":null,"footway":"crossing","crossing:markings":"zebra:bicolour","crossing:island":"no","crossing":"traffic_signals","surface":"asphalt","oneway":null,"old_name":null,"name:etymology:wikidata":null,"name":null,"maxspeed":null,"lit":null,"lanes":null,"service":null},"geometry":{"type":"LineString","coordinates":[[37.8802277,51.3107981],[37.8801253,51.3107499],[37.8800049,51.3107],[37.8799527,51.3106757]]}},
{"type":"Feature","properties":{"full_id":"w1413613213","osm_id":"1413613213","osm_type":"way","highway":"footway","tactile_paving":null,"handrail":null,"traffic_signals:vibration":null,"traffic_signals:sound":null,"button_operated":null,"access":null,"layer":null,"tunnel":null,"postal_code":null,"footway":null,"crossing:markings":null,"crossing:island":null,"crossing":null,"surface":"asphalt","oneway":null,"old_name":null,"name:etymology:wikidata":null,"name":null,"maxspeed":null,"lit":null,"lanes":null,"service":null},"geometry":{"type":"LineString","coordinates":[[37.8811519,51.3109425],[37.8811389,51.3111861]]}},
{"type":"Feature","properties":{"full_id":"w1413613214","osm_id":"1413613214","osm_type":"way","highway":"footway","tactile_paving":null,"handrail":null,"traffic_signals:vibration":null,"traffic_signals:sound":null,"button_operated":null,"access":null,"layer":null,"tunnel":null,"postal_code":null,"footway":null,"crossing:markings":null,"crossing:island":null,"crossing":null,"surface":null,"oneway":null,"old_name":null,"name:etymology:wikidata":null,"name":null,"maxspeed":null,"lit":null,"lanes":null,"service":null},"geometry":{"type":"LineString","coordinates":[[37.8811519,51.3109425],[37.881357,51.3109128],[37.88181,51.3108472]]}},
{"type":"Feature","properties":{"full_id":"w1413613215","osm_id":"1413613215","osm_type":"way","highway":"footway","tactile_paving":null,"handrail":null,"traffic_signals:vibration":null,"traffic_signals:sound":null,"button_operated":null,"access":null,"layer":null,"tunnel":null,"postal_code":null,"footway":null,"crossing:markings":null,"crossing:island":null,"crossing":null,"surface":null,"oneway":null,"old_name":null,"name:etymology:wikidata":null,"name":null,"maxspeed":null,"lit":null,"lanes":null,"service":null},"geometry":{"type":"LineString","coordinates":[[37.8816267,51.3110268],[37.881357,51.3109128]]}},
{"type":"Feature","properties":{"full_id":"w1413613216","osm_id":"1413613216","osm_type":"way","highway":"path","tactile_paving":null,"handrail":null,"traffic_signals:vibration":null,"traffic_signals:sound":null,"button_operated":null,"access":null,"layer":null,"tunnel":null,"postal_code":null,"footway":null,"crossing:markings":null,"crossing:island":null,"crossing":null,"surface":null,"oneway":null,"old_name":null,"name:etymology:wikidata":null,"name":null,"maxspeed":null,"lit":null,"lanes":null,"service":null},"geometry":{"type":"LineString","coordinates":[[37.8837462,51.3116574],[37.8838592,51.311726]]}},
{"type":"Feature","properties":{"full_id":"w1413613217","osm_id":"1413613217","osm_type":"way","highway":"footway","tactile_paving":null,"handrail":null,"traffic_signals:vibration":null,"traffic_signals:sound":null,"button_operated":null,"access":null,"layer":null,"tunnel":null,"postal_code":null,"footway":"crossing","crossing:markings":"zebra:bicolour","crossing:island":"no","crossing":"uncontrolled","surface":"asphalt","oneway":null,"old_name":null,"name:etymology:wikidata":null,"name":null,"maxspeed":null,"lit":null,"lanes":null,"service":null},"geometry":{"type":"LineString","coordinates":[[37.8825121,51.3119874],[37.8825388,51.311964],[37.8825679,51.3119402]]}},
{"type":"Feature","properties":{"full_id":"w1413613218","osm_id":"1413613218","osm_type":"way","highway":"footway","tactile_paving":null,"handrail":null,"traffic_signals:vibration":null,"traffic_signals:sound":null,"button_operated":null,"access":null,"layer":null,"tunnel":null,"postal_code":null,"footway":null,"crossing:markings":null,"crossing:island":null,"crossing":null,"surface":null,"oneway":null,"old_name":null,"name:etymology:wikidata":null,"name":null,"maxspeed":null,"lit":null,"lanes":null,"service":null},"geometry":{"type":"LineString","coordinates":[[37.8808915,51.3105959],[37.8805209,51.3109159],[37.8802501,51.3111806]]}},
{"type":"Feature","properties":{"full_id":"w1413613219","osm_id":"1413613219","osm_type":"way","highway":"footway","tactile_paving":null,"handrail":null,"traffic_signals:vibration":"no","traffic_signals:sound":"no","button_operated":"no","access":null,"layer":null,"tunnel":null,"postal_code":null,"footway":"crossing","crossing:markings":"zebra:bicolour","crossing:island":"yes","crossing":"traffic_signals","surface":"asphalt","oneway":null,"old_name":null,"name:etymology:wikidata":null,"name":null,"maxspeed":null,"lit":null,"lanes":null,"service":null},"geometry":{"type":"LineString","coordinates":[[37.8802501,51.3111806],[37.8802091,51.3112207],[37.8801029,51.3113174],[37.8800458,51.3113681]]}},
{"type":"Feature","properties":{"full_id":"w1413613220","osm_id":"1413613220","osm_type":"way","highway":"footway","tactile_paving":null,"handrail":null,"traffic_signals:vibration":null,"traffic_signals:sound":null,"button_operated":null,"access":null,"layer":null,"tunnel":null,"postal_code":null,"footway":null,"crossing:markings":null,"crossing:island":null,"crossing":null,"surface":null,"oneway":null,"old_name":null,"name:etymology:wikidata":null,"name":null,"maxspeed":null,"lit":null,"lanes":null,"service":null},"geometry":{"type":"LineString","coordinates":[[37.8855365,51.3107015],[37.8860226,51.3106553],[37.886288,51.3105457],[37.8865086,51.3105588]]}},
{"type":"Feature","properties":{"full_id":"w1413613221","osm_id":"1413613221","osm_type":"way","highway":"footway","tactile_paving":null,"handrail":null,"traffic_signals:vibration":null,"traffic_signals:sound":null,"button_operated":null,"access":null,"layer":null,"tunnel":null,"postal_code":null,"footway":null,"crossing:markings":null,"crossing:island":null,"crossing":null,"surface":null,"oneway":null,"old_name":null,"name:etymology:wikidata":null,"name":null,"maxspeed":null,"lit":null,"lanes":null,"service":null},"geometry":{"type":"LineString","coordinates":[[37.8866638,51.3102286],[37.8866505,51.310363],[37.8865086,51.3105588]]}},
{"type":"Feature","properties":{"full_id":"w1413613222","osm_id":"1413613222","osm_type":"way","highway":"footway","tactile_paving":null,"handrail":null,"traffic_signals:vibration":null,"traffic_signals:sound":null,"button_operated":null,"access":null,"layer":null,"tunnel":null,"postal_code":null,"footway":null,"crossing:markings":null,"crossing:island":null,"crossing":null,"surface":null,"oneway":null,"old_name":null,"name:etymology:wikidata":null,"name":null,"maxspeed":null,"lit":null,"lanes":null,"service":null},"geometry":{"type":"LineString","coordinates":[[37.8841269,51.3111268],[37.8833232,51.3107508],[37.8831718,51.3106055]]}},
{"type":"Feature","properties":{"full_id":"w1413613223","osm_id":"1413613223","osm_type":"way","highway":"footway","tactile_paving":null,"handrail":null,"traffic_signals:vibration":null,"traffic_signals:sound":null,"button_operated":null,"access":null,"layer":null,"tunnel":null,"postal_code":null,"footway":null,"crossing:markings":null,"crossing:island":null,"crossing":null,"surface":"asphalt","oneway":null,"old_name":null,"name:etymology:wikidata":null,"name":null,"maxspeed":null,"lit":null,"lanes":null,"service":null},"geometry":{"type":"LineString","coordinates":[[37.8849961,51.3103366],[37.8848532,51.3103495],[37.8833232,51.3107508]]}},
{"type":"Feature","properties":{"full_id":"w1413772331","osm_id":"1413772331","osm_type":"way","highway":"service","tactile_paving":null,"handrail":null,"traffic_signals:vibration":null,"traffic_signals:sound":null,"button_operated":null,"access":null,"layer":null,"tunnel":null,"postal_code":null,"footway":null,"crossing:markings":null,"crossing:island":null,"crossing":null,"surface":null,"oneway":null,"old_name":null,"name:etymology:wikidata":null,"name":null,"maxspeed":null,"lit":null,"lanes":null,"service":null},"geometry":{"type":"LineString","coordinates":[[37.8791557,51.3121735],[37.8793191,51.3122456]]}},
{"type":"Feature","properties":{"full_id":"w1413772332","osm_id":"1413772332","osm_type":"way","highway":"footway","tactile_paving":null,"handrail":null,"traffic_signals:vibration":null,"traffic_signals:sound":null,"button_operated":null,"access":null,"layer":null,"tunnel":null,"postal_code":null,"footway":null,"crossing:markings":null,"crossing:island":null,"crossing":null,"surface":"asphalt","oneway":null,"old_name":null,"name:etymology:wikidata":null,"name":null,"maxspeed":null,"lit":null,"lanes":null,"service":null},"geometry":{"type":"LineString","coordinates":[[37.8792617,51.3125799],[37.8792997,51.312544]]}},
{"type":"Feature","properties":{"full_id":"w1413772333","osm_id":"1413772333","osm_type":"way","highway":"footway","tactile_paving":null,"handrail":null,"traffic_signals:vibration":null,"traffic_signals:sound":null,"button_operated":null,"access":null,"layer":null,"tunnel":null,"postal_code":null,"footway":null,"crossing:markings":null,"crossing:island":null,"crossing":null,"surface":"asphalt","oneway":null,"old_name":null,"name:etymology:wikidata":null,"name":null,"maxspeed":null,"lit":null,"lanes":null,"service":null},"geometry":{"type":"LineString","coordinates":[[37.8791726,51.3126638],[37.8792171,51.3126218]]}},
{"type":"Feature","properties":{"full_id":"w1413772334","osm_id":"1413772334","osm_type":"way","highway":"footway","tactile_paving":null,"handrail":null,"traffic_signals:vibration":null,"traffic_signals:sound":null,"button_operated":null,"access":null,"layer":null,"tunnel":null,"postal_code":null,"footway":null,"crossing:markings":null,"crossing:island":null,"crossing":null,"surface":"asphalt","oneway":null,"old_name":null,"name:etymology:wikidata":null,"name":null,"maxspeed":null,"lit":null,"lanes":null,"service":null},"geometry":{"type":"LineString","coordinates":[[37.8798519,51.3127714],[37.8797253,51.3128931]]}},
{"type":"Feature","properties":{"full_id":"w1414551032","osm_id":"1414551032","osm_type":"way","highway":"service","tactile_paving":null,"handrail":null,"traffic_signals:vibration":null,"traffic_signals:sound":null,"button_operated":null,"access":null,"layer":null,"tunnel":null,"postal_code":null,"footway":null,"crossing:markings":null,"crossing:island":null,"crossing":null,"surface":null,"oneway":null,"old_name":null,"name:etymology:wikidata":null,"name":null,"maxspeed":null,"lit":null,"lanes":null,"service":null},"geometry":{"type":"LineString","coordinates":[[37.8829003,51.3139157],[37.8830478,51.3137786]]}},
{"type":"Feature","properties":{"full_id":"w1495479697","osm_id":"1495479697","osm_type":"way","highway":"residential","tactile_paving":null,"handrail":null,"traffic_signals:vibration":null,"traffic_signals:sound":null,"button_operated":null,"access":null,"layer":null,"tunnel":null,"postal_code":null,"footway":null,"crossing:markings":null,"crossing:island":null,"crossing":null,"surface":"asphalt","oneway":null,"old_name":null,"name:etymology:wikidata":null,"name":"Дублёр","maxspeed":"40","lit":null,"lanes":null,"service":null},"geometry":{"type":"LineString","coordinates":[[37.8896203,51.3150334],[37.8907251,51.3155263],[37.8908293,51.3155611],[37.8909725,51.3156],[37.8911269,51.3156174],[37.8912932,51.3156173],[37.8914543,51.3155779],[37.8915936,51.3155045],[37.891661,51.3154721],[37.891742,51.315397],[37.8918279,51.3153286],[37.8921148,51.3150872],[37.8922264,51.3149759],[37.8923971,51.3148183],[37.8924762,51.3147469],[37.8936077,51.3137289],[37.8937444,51.3135964],[37.8949184,51.3125382],[37.8957876,51.3117679]]}},
{"type":"Feature","properties":{"full_id":"w1495479698","osm_id":"1495479698","osm_type":"way","highway":"residential","tactile_paving":null,"handrail":null,"traffic_signals:vibration":null,"traffic_signals:sound":null,"button_operated":null,"access":null,"layer":null,"tunnel":null,"postal_code":null,"footway":null,"crossing:markings":null,"crossing:island":null,"crossing":null,"surface":"asphalt","oneway":"yes","old_name":null,"name:etymology:wikidata":null,"name":"Дублёр","maxspeed":"40","lit":null,"lanes":null,"service":null},"geometry":{"type":"LineString","coordinates":[[37.889461,51.3149575],[37.8896203,51.3150334]]}},
{"type":"Feature","properties":{"full_id":"w1495479699","osm_id":"1495479699","osm_type":"way","highway":"service","tactile_paving":null,"handrail":null,"traffic_signals:vibration":null,"traffic_signals:sound":null,"button_operated":null,"access":null,"layer":null,"tunnel":null,"postal_code":null,"footway":null,"crossing:markings":null,"crossing:island":null,"crossing":null,"surface":"asphalt","oneway":null,"old_name":null,"name:etymology:wikidata":null,"name":null,"maxspeed":null,"lit":null,"lanes":null,"service":null},"geometry":{"type":"LineString","coordinates":[[37.8895895,51.3148424],[37.889461,51.3149575]]}},
{"type":"Feature","properties":{"full_id":"w1498670041","osm_id":"1498670041","osm_type":"way","highway":"footway","tactile_paving":null,"handrail":null,"traffic_signals:vibration":null,"traffic_signals:sound":null,"button_operated":null,"access":null,"layer":null,"tunnel":null,"postal_code":null,"footway":"crossing","crossing:markings":null,"crossing:island":"yes","crossing":"uncontrolled","surface":null,"oneway":null,"old_name":null,"name:etymology:wikidata":null,"name":null,"maxspeed":null,"lit":null,"lanes":null,"service":null},"geometry":{"type":"LineString","coordinates":[[37.8922725,51.3157108],[37.8921807,51.3156751],[37.8920021,51.3156013],[37.8919272,51.3155716],[37.891865,51.3155488]]}},
{"type":"Feature","properties":{"full_id":"w1498670498","osm_id":"1498670498","osm_type":"way","highway":"footway","tactile_paving":null,"handrail":null,"traffic_signals:vibration":null,"traffic_signals:sound":null,"button_operated":null,"access":null,"layer":null,"tunnel":null,"postal_code":null,"footway":"crossing","crossing:markings":null,"crossing:island":"no","crossing":"uncontrolled","surface":null,"oneway":null,"old_name":null,"name:etymology:wikidata":null,"name":null,"maxspeed":null,"lit":null,"lanes":null,"service":null},"geometry":{"type":"LineString","coordinates":[[37.8917187,51.3154978],[37.891661,51.3154721],[37.8916018,51.315446]]}}
]
}
